loan_id,document_type,available
L-100000,deed_of_trust,true
L-100000,appraisal_report,true
L-100000,title_report,true
L-100001,income_verification,false
L-100001,deed_of_trust,false
L-100001,insurance_certificate,true
L-100002,deed_of_trust,true
L-100002,income_verification,true
L-100002,promissory_note,true
L-100003,income_verification,true
L-100003,title_report,false
L-100004,appraisal_report,true
L-100005,promissory_note,true
L-100005,appraisal_report,true
L-100006,insurance_certificate,false
L-100007,income_verification,true
L-100007,title_report,true
L-100008,deed_of_trust,true
L-100008,insurance_certificate,true
L-100008,appraisal_report,true
L-100009,income_verification,true
L-100009,promissory_note,false
L-100011,title_report,true
L-100012,deed_of_trust,true
L-100013,appraisal_report,true
L-100013,title_report,true
L-100014,title_report,true
L-100014,deed_of_trust,true
L-100014,promissory_note,true
L-100015,appraisal_report,true
L-100015,income_verification,true
L-100016,promissory_note,true
L-100017,insurance_certificate,false
L-100017,title_report,true
L-100018,appraisal_report,true
L-100018,title_report,true
L-100018,promissory_note,true
L-100019,promissory_note,true
L-100019,title_report,true
L-100021,title_report,true
L-100021,income_verification,true
L-100021,insurance_certificate,true
L-100022,income_verification,true
L-100023,deed_of_trust,true
L-100024,appraisal_report,true
L-100025,insurance_certificate,true
L-100026,income_verification,true
L-100026,title_report,true
L-100027,appraisal_report,true
L-100028,income_verification,true
L-100028,title_report,true
L-100028,appraisal_report,true
L-100029,appraisal_report,true
L-100029,title_report,true
L-100029,promissory_note,true
L-100031,income_verification,true
L-100031,appraisal_report,true
L-100031,promissory_note,true
L-100032,deed_of_trust,true
L-100032,income_verification,true
L-100032,title_report,true
L-100033,promissory_note,true
L-100033,deed_of_trust,true
L-100034,deed_of_trust,true
L-100035,income_verification,true
L-100036,appraisal_report,true
L-100037,promissory_note,true
L-100037,title_report,true
L-100037,insurance_certificate,true
L-100038,promissory_note,true
L-100038,title_report,true
L-100038,insurance_certificate,true
L-100039,insurance_certificate,true
L-100039,deed_of_trust,true
L-100039,promissory_note,true
L-100041,income_verification,true
L-100042,appraisal_report,true
L-100043,deed_of_trust,true
L-100044,deed_of_trust,true
L-100044,income_verification,true
L-100045,income_verification,true
L-100046,income_verification,true
L-100046,insurance_certificate,true
L-100046,promissory_note,true
L-100047,appraisal_report,true
L-100048,insurance_certificate,true
L-100048,appraisal_report,false
L-100049,appraisal_report,true
L-100049,deed_of_trust,true
L-100049,income_verification,true
L-100051,promissory_note,true
L-100052,promissory_note,true
L-100052,insurance_certificate,true
L-100053,insurance_certificate,true
L-100054,deed_of_trust,true
L-100054,appraisal_report,true
L-100054,income_verification,true
L-100055,insurance_certificate,true
L-100056,insurance_certificate,true
L-100057,insurance_certificate,false
L-100058,title_report,true
L-100058,insurance_certificate,true
L-100059,income_verification,true
L-100059,insurance_certificate,true
L-100059,promissory_note,false
L-100061,income_verification,false
L-100061,deed_of_trust,true
L-100061,title_report,true
L-100062,promissory_note,true
L-100062,deed_of_trust,false
L-100062,income_verification,false
L-100063,insurance_certificate,true
L-100064,promissory_note,true
L-100064,income_verification,true
L-100064,deed_of_trust,true
L-100065,title_report,true
L-100065,appraisal_report,true
L-100065,promissory_note,true
L-100066,appraisal_report,true
L-100067,title_report,false
L-100067,deed_of_trust,true
L-100068,deed_of_trust,true
L-100068,appraisal_report,true
L-100068,promissory_note,true
L-100069,promissory_note,true
L-100071,insurance_certificate,true
L-100072,title_report,true
L-100072,income_verification,true
L-100072,deed_of_trust,true
L-100073,promissory_note,true
L-100074,appraisal_report,true
L-100075,title_report,true
L-100075,income_verification,true
L-100076,appraisal_report,true
L-100076,title_report,true
L-100076,insurance_certificate,false
L-100077,insurance_certificate,false
L-100077,title_report,true
L-100077,deed_of_trust,true
L-100078,promissory_note,true
L-100078,insurance_certificate,true
L-100079,deed_of_trust,false
L-100081,promissory_note,true
L-100081,income_verification,true
L-100081,deed_of_trust,true
L-100082,deed_of_trust,true
L-100083,title_report,true
L-100084,appraisal_report,true
L-100085,insurance_certificate,true
L-100085,income_verification,true
L-100085,promissory_note,true
L-100086,insurance_certificate,false
L-100087,title_report,true
L-100087,insurance_certificate,true
L-100087,promissory_note,true
L-100088,insurance_certificate,true
L-100089,title_report,true
L-100089,appraisal_report,true
L-100091,deed_of_trust,true
L-100092,title_report,true
L-100092,appraisal_report,true
L-100093,title_report,true
L-100093,income_verification,true
L-100094,title_report,true
L-100094,deed_of_trust,true
L-100094,income_verification,true
L-100095,deed_of_trust,true
L-100095,appraisal_report,true
L-100096,insurance_certificate,true
L-100096,income_verification,true
L-100097,promissory_note,true
L-100097,title_report,false
L-100097,deed_of_trust,true
L-100098,appraisal_report,true
L-100098,promissory_note,true
L-100098,title_report,true
L-100099,title_report,true
L-100099,deed_of_trust,true
L-100099,appraisal_report,true
L-100101,title_report,true
L-100101,income_verification,true
L-100101,promissory_note,true
L-100102,promissory_note,true
L-100102,income_verification,true
L-100102,title_report,true
L-100103,insurance_certificate,true
L-100104,appraisal_report,true
L-100104,title_report,true
L-100104,insurance_certificate,true
L-100105,promissory_note,true
L-100105,deed_of_trust,true
L-100105,title_report,true
L-100106,appraisal_report,true
L-100107,promissory_note,false
L-100108,insurance_certificate,true
L-100109,insurance_certificate,true
L-100110,income_verification,true
L-100110,promissory_note,true
L-100110,insurance_certificate,true
L-100111,deed_of_trust,true
L-100112,promissory_note,true
L-100113,income_verification,true
L-100113,insurance_certificate,true
L-100113,deed_of_trust,true
L-100114,insurance_certificate,true
L-100115,income_verification,true
L-100115,title_report,true
L-100115,insurance_certificate,true
L-100116,insurance_certificate,true
L-100116,promissory_note,true
L-100116,appraisal_report,true
L-100117,income_verification,true
L-100117,insurance_certificate,true
L-100118,appraisal_report,true
L-100119,title_report,true
L-100119,appraisal_report,false
L-100120,promissory_note,true
L-100121,appraisal_report,true
L-100122,insurance_certificate,true
L-100122,title_report,true
L-100123,insurance_certificate,true
L-100124,appraisal_report,true
L-100124,deed_of_trust,true
L-100124,insurance_certificate,true
L-100125,insurance_certificate,true
L-100125,income_verification,true
L-100126,promissory_note,true
L-100126,insurance_certificate,true
L-100126,appraisal_report,true
L-100127,appraisal_report,true
L-100127,insurance_certificate,true
L-100127,promissory_note,true
L-100128,deed_of_trust,false
L-100128,insurance_certificate,true
L-100128,appraisal_report,true
L-100129,deed_of_trust,true
L-100130,promissory_note,true
L-100130,insurance_certificate,true
L-100131,title_report,true
L-100131,insurance_certificate,false
L-100132,appraisal_report,true
L-100133,promissory_note,true
L-100133,deed_of_trust,true
L-100134,promissory_note,true
L-100135,income_verification,true
L-100136,insurance_certificate,true
L-100137,promissory_note,true
L-100137,insurance_certificate,true
L-100137,title_report,true
L-100138,appraisal_report,true
L-100138,deed_of_trust,true
L-100138,promissory_note,false
L-100139,income_verification,true
L-100139,insurance_certificate,true
L-100140,income_verification,true
L-100141,promissory_note,true
L-100141,deed_of_trust,true
L-100141,title_report,true
L-100142,deed_of_trust,true
L-100142,title_report,false
L-100142,insurance_certificate,true
L-100143,insurance_certificate,true
L-100144,insurance_certificate,true
L-100145,insurance_certificate,true
L-100145,promissory_note,true
L-100145,appraisal_report,true
L-100146,income_verification,true
L-100146,insurance_certificate,true
L-100146,appraisal_report,true
L-100147,deed_of_trust,true
L-100148,promissory_note,true
L-100148,insurance_certificate,true
L-100149,deed_of_trust,true
L-100149,insurance_certificate,true
L-100150,title_report,true
L-100151,title_report,true
L-100151,income_verification,true
L-100152,income_verification,true
L-100153,promissory_note,true
L-100154,income_verification,true
L-100154,promissory_note,true
L-100155,insurance_certificate,false
L-100155,deed_of_trust,true
L-100156,promissory_note,true
L-100156,title_report,true
L-100156,income_verification,true
L-100157,income_verification,true
L-100157,title_report,true
L-100157,appraisal_report,true
L-100158,appraisal_report,true
L-100159,appraisal_report,true
L-100160,promissory_note,true
L-100160,appraisal_report,true
L-100160,income_verification,true
L-100161,income_verification,true
L-100161,title_report,true
L-100161,deed_of_trust,true
L-100162,deed_of_trust,true
L-100162,income_verification,false
L-100163,income_verification,true
L-100164,appraisal_report,true
L-100165,deed_of_trust,true
L-100165,appraisal_report,true
L-100166,title_report,true
L-100166,promissory_note,true
L-100167,deed_of_trust,true
L-100167,appraisal_report,false
L-100168,appraisal_report,true
L-100168,deed_of_trust,true
L-100168,promissory_note,true
L-100169,deed_of_trust,true
L-100170,income_verification,true
L-100170,appraisal_report,true
L-100171,insurance_certificate,true
L-100171,appraisal_report,true
L-100171,income_verification,true
L-100172,income_verification,true
L-100172,deed_of_trust,true
L-100172,appraisal_report,true
L-100173,deed_of_trust,true
L-100173,promissory_note,false
L-100173,income_verification,false
L-100174,appraisal_report,true
L-100174,income_verification,false
L-100175,appraisal_report,true
L-100175,title_report,true
L-100176,promissory_note,true
L-100176,title_report,true
L-100176,appraisal_report,true
L-100177,promissory_note,false
L-100177,deed_of_trust,true
L-100178,appraisal_report,true
L-100178,income_verification,true
L-100178,title_report,true
L-100179,title_report,true
L-100179,income_verification,true
L-100180,deed_of_trust,true
L-100180,insurance_certificate,false
L-100180,title_report,true
L-100181,income_verification,true
L-100181,appraisal_report,true
L-100181,deed_of_trust,true
L-100182,promissory_note,true
L-100183,insurance_certificate,true
L-100183,title_report,true
L-100183,promissory_note,true
L-100184,insurance_certificate,true
L-100185,title_report,true
L-100185,deed_of_trust,true
L-100186,insurance_certificate,true
L-100186,title_report,true
L-100186,appraisal_report,true
L-100187,title_report,true
L-100187,appraisal_report,true
L-100188,deed_of_trust,true
L-100188,income_verification,true
L-100188,insurance_certificate,true
L-100189,appraisal_report,true
L-100189,insurance_certificate,true
L-100190,promissory_note,true
L-100190,title_report,true
L-100190,insurance_certificate,false
L-100191,income_verification,true
L-100191,promissory_note,false
L-100191,appraisal_report,true
L-100192,deed_of_trust,true
L-100193,appraisal_report,true
L-100194,appraisal_report,true
L-100194,title_report,true
L-100195,insurance_certificate,true
L-100195,promissory_note,true
L-100196,income_verification,true
L-100197,deed_of_trust,true
L-100198,title_report,true
L-100198,income_verification,false
L-100199,title_report,true
L-100199,income_verification,true
L-100199,insurance_certificate,true
L-100200,income_verification,true
L-100200,appraisal_report,true
L-100201,appraisal_report,true
L-100202,promissory_note,false
L-100202,insurance_certificate,true
L-100203,insurance_certificate,true
L-100203,appraisal_report,false
L-100203,promissory_note,true
L-100204,title_report,false
L-100204,deed_of_trust,true
L-100204,insurance_certificate,false
L-100205,insurance_certificate,true
L-100206,deed_of_trust,true
L-100207,title_report,true
L-100207,income_verification,true
L-100208,appraisal_report,true
L-100208,income_verification,true
L-100209,insurance_certificate,true
L-100209,income_verification,true
L-100209,deed_of_trust,true
L-100210,promissory_note,true
L-100210,deed_of_trust,false
L-100211,appraisal_report,true
L-100211,deed_of_trust,true
L-100211,insurance_certificate,false
L-100212,deed_of_trust,true
L-100212,title_report,true
L-100213,income_verification,true
L-100214,promissory_note,false
L-100214,appraisal_report,true
L-100214,income_verification,true
L-100215,insurance_certificate,true
L-100216,promissory_note,true
L-100217,insurance_certificate,true
L-100217,title_report,true
L-100218,title_report,true
L-100218,income_verification,true
L-100219,income_verification,true
L-100219,title_report,true
L-100220,insurance_certificate,true
L-100220,title_report,true
L-100221,deed_of_trust,true
L-100221,promissory_note,true
L-100222,appraisal_report,false
L-100222,title_report,true
L-100223,title_report,true
L-100223,deed_of_trust,true
L-100224,deed_of_trust,true
L-100224,income_verification,true
L-100224,insurance_certificate,true
L-100225,income_verification,true
L-100226,appraisal_report,true
L-100227,appraisal_report,true
L-100227,promissory_note,true
L-100228,deed_of_trust,false
L-100228,title_report,true
L-100228,insurance_certificate,true
L-100229,title_report,true
L-100229,insurance_certificate,true
L-100230,title_report,true
L-100230,income_verification,true
L-100230,appraisal_report,true
L-100231,title_report,true
L-100231,appraisal_report,true
L-100232,promissory_note,true
L-100233,appraisal_report,true
L-100234,income_verification,false
L-100234,title_report,true
L-100235,income_verification,true
L-100235,deed_of_trust,true
L-100236,title_report,true
L-100236,income_verification,true
L-100236,insurance_certificate,true
L-100237,insurance_certificate,false
L-100238,title_report,true
L-100238,income_verification,true
L-100238,promissory_note,true
L-100239,title_report,true
L-100239,insurance_certificate,true
L-100239,deed_of_trust,true
L-100240,deed_of_trust,true
L-100240,appraisal_report,true
L-100241,insurance_certificate,true
L-100241,title_report,true
L-100242,insurance_certificate,true
L-100242,income_verification,true
L-100242,promissory_note,true
L-100243,insurance_certificate,true
L-100243,title_report,true
L-100243,deed_of_trust,true
L-100244,title_report,false
L-100245,title_report,false
L-100245,income_verification,true
L-100245,appraisal_report,true
L-100246,deed_of_trust,true
L-100246,promissory_note,true
L-100247,deed_of_trust,true
L-100248,promissory_note,true
L-100249,deed_of_trust,true
L-100250,promissory_note,true
L-100250,income_verification,true
L-100250,appraisal_report,true
L-100251,deed_of_trust,true
L-100251,title_report,true
L-100251,promissory_note,true
L-100252,appraisal_report,true
L-100253,deed_of_trust,true
L-100254,income_verification,true
L-100255,title_report,false
L-100256,insurance_certificate,true
L-100256,income_verification,true
L-100256,deed_of_trust,true
L-100257,income_verification,true
L-100257,deed_of_trust,true
L-100257,insurance_certificate,false
L-100258,income_verification,true
L-100258,title_report,false
L-100258,insurance_certificate,true
L-100259,insurance_certificate,true
L-100259,deed_of_trust,true
L-100260,deed_of_trust,true
L-100261,deed_of_trust,true
L-100262,appraisal_report,true
L-100262,income_verification,true
L-100262,title_report,true
L-100263,income_verification,true
L-100263,insurance_certificate,true
L-100263,deed_of_trust,true
L-100264,appraisal_report,true
L-100264,promissory_note,true
L-100264,insurance_certificate,true
L-100265,insurance_certificate,true
L-100265,appraisal_report,true
L-100266,appraisal_report,true
L-100266,title_report,true
L-100267,deed_of_trust,true
L-100267,appraisal_report,false
L-100268,appraisal_report,true
L-100269,income_verification,false
L-100270,income_verification,true
L-100270,title_report,true
L-100270,deed_of_trust,true
L-100271,appraisal_report,true
L-100271,deed_of_trust,true
L-100272,deed_of_trust,true
L-100272,income_verification,true
L-100273,promissory_note,true
L-100273,deed_of_trust,true
L-100274,title_report,true
L-100275,income_verification,true
L-100275,appraisal_report,true
L-100276,income_verification,true
L-100277,title_report,true
L-100277,deed_of_trust,true
L-100277,promissory_note,true
L-100278,deed_of_trust,true
L-100278,promissory_note,true
L-100279,deed_of_trust,true
L-100279,promissory_note,true
L-100280,appraisal_report,true
L-100281,insurance_certificate,true
L-100281,appraisal_report,true
L-100282,title_report,true
L-100282,income_verification,true
L-100282,deed_of_trust,true
L-100283,appraisal_report,false
L-100284,appraisal_report,true
L-100284,insurance_certificate,true
L-100285,promissory_note,true
L-100285,income_verification,true
L-100286,appraisal_report,true
L-100286,income_verification,true
L-100287,promissory_note,true
L-100288,deed_of_trust,true
L-100288,appraisal_report,true
L-100288,promissory_note,true
L-100289,title_report,true
L-100289,appraisal_report,true
L-100290,promissory_note,true
L-100290,appraisal_report,true
L-100291,income_verification,true
L-100291,title_report,true
L-100291,deed_of_trust,true
L-100292,deed_of_trust,true
L-100292,title_report,true
L-100293,appraisal_report,true
L-100293,insurance_certificate,false
L-100293,title_report,true
L-100294,insurance_certificate,true
L-100294,title_report,true
L-100294,deed_of_trust,true
L-100295,income_verification,true
L-100295,deed_of_trust,true
L-100296,promissory_note,true
L-100296,title_report,false
L-100297,deed_of_trust,true
L-100297,income_verification,true
L-100297,promissory_note,true
L-100298,promissory_note,true
L-100298,appraisal_report,true
L-100298,deed_of_trust,true
L-100299,deed_of_trust,true
L-100299,promissory_note,true
L-100299,insurance_certificate,true
L-100300,income_verification,true
L-100300,appraisal_report,true
L-100300,title_report,true
L-100301,insurance_certificate,true
L-100302,title_report,false
L-100302,income_verification,true
L-100303,insurance_certificate,false
L-100303,appraisal_report,true
L-100304,deed_of_trust,true
L-100304,appraisal_report,true
L-100305,income_verification,true
L-100305,appraisal_report,true
L-100306,insurance_certificate,true
L-100307,appraisal_report,true
L-100307,promissory_note,true
L-100307,title_report,true
L-100308,deed_of_trust,true
L-100308,title_report,false
L-100309,promissory_note,true
L-100309,deed_of_trust,true
L-100309,appraisal_report,true
L-100311,promissory_note,true
L-100311,title_report,true
L-100311,income_verification,true
L-100312,income_verification,false
L-100312,deed_of_trust,false
L-100312,title_report,true
L-100313,title_report,true
L-100313,income_verification,true
L-100314,appraisal_report,true
L-100314,promissory_note,true
L-100314,title_report,true
L-100315,income_verification,true
L-100316,title_report,true
L-100317,title_report,true
L-100317,promissory_note,true
L-100317,deed_of_trust,true
L-100318,title_report,true
L-100318,promissory_note,true
L-100319,promissory_note,true
L-100319,appraisal_report,true
L-100321,deed_of_trust,true
L-100321,income_verification,true
L-100322,deed_of_trust,true
L-100322,title_report,true
L-100322,promissory_note,true
L-100323,income_verification,false
L-100323,promissory_note,true
L-100323,insurance_certificate,true
L-100324,income_verification,true
L-100324,title_report,true
L-100325,income_verification,true
L-100326,promissory_note,true
L-100326,title_report,true
L-100327,insurance_certificate,true
L-100327,title_report,true
L-100328,promissory_note,true
L-100328,appraisal_report,true
L-100329,deed_of_trust,true
L-100329,insurance_certificate,true
L-100331,appraisal_report,true
L-100332,title_report,false
L-100333,title_report,true
L-100334,promissory_note,true
L-100334,insurance_certificate,true
L-100334,deed_of_trust,true
L-100335,deed_of_trust,false
L-100335,insurance_certificate,true
L-100336,insurance_certificate,true
L-100337,promissory_note,true
L-100337,deed_of_trust,false
L-100338,appraisal_report,true
L-100338,title_report,true
L-100338,promissory_note,true
L-100339,promissory_note,true
L-100339,insurance_certificate,true
L-100339,income_verification,false
L-100341,promissory_note,true
L-100342,income_verification,true
L-100342,appraisal_report,true
L-100342,insurance_certificate,true
L-100343,promissory_note,true
L-100344,insurance_certificate,true
L-100344,deed_of_trust,true
L-100344,income_verification,true
L-100345,income_verification,true
L-100345,appraisal_report,true
L-100345,promissory_note,false
L-100346,promissory_note,true
L-100346,income_verification,true
L-100347,income_verification,true
L-100348,income_verification,true
L-100349,income_verification,true
L-100349,deed_of_trust,false
L-100349,insurance_certificate,true
L-100351,title_report,true
L-100351,deed_of_trust,false
L-100352,appraisal_report,true
L-100353,income_verification,true
L-100354,promissory_note,true
L-100354,deed_of_trust,true
L-100355,promissory_note,true
L-100355,insurance_certificate,true
L-100355,income_verification,false
L-100356,deed_of_trust,true
L-100356,title_report,true
L-100357,title_report,true
L-100358,insurance_certificate,true
L-100358,income_verification,true
L-100358,appraisal_report,true
L-100359,deed_of_trust,true
L-100359,title_report,true
L-100361,insurance_certificate,true
L-100361,appraisal_report,true
L-100362,insurance_certificate,true
L-100363,income_verification,true
L-100363,title_report,true
L-100364,insurance_certificate,true
L-100365,income_verification,true
L-100366,deed_of_trust,true
L-100367,title_report,true
L-100367,insurance_certificate,true
L-100368,insurance_certificate,false
L-100368,title_report,true
L-100368,appraisal_report,true
L-100369,title_report,false
L-100369,deed_of_trust,true
L-100371,income_verification,true
L-100371,promissory_note,true
L-100372,appraisal_report,true
L-100372,insurance_certificate,true
L-100372,deed_of_trust,true
L-100373,insurance_certificate,false
L-100373,income_verification,true
L-100374,title_report,true
L-100374,appraisal_report,false
L-100375,income_verification,true
L-100376,appraisal_report,true
L-100376,title_report,true
L-100377,promissory_note,true
L-100377,insurance_certificate,true
L-100377,income_verification,true
L-100378,insurance_certificate,true
L-100378,promissory_note,true
L-100378,title_report,true
L-100379,deed_of_trust,true
L-100381,insurance_certificate,true
L-100381,deed_of_trust,true
L-100381,title_report,true
L-100382,title_report,true
L-100382,promissory_note,true
L-100383,promissory_note,true
L-100383,title_report,true
L-100383,appraisal_report,true
L-100384,deed_of_trust,true
L-100384,title_report,true
L-100385,promissory_note,false
L-100385,income_verification,true
L-100385,deed_of_trust,true
L-100386,income_verification,true
L-100386,insurance_certificate,true
L-100387,promissory_note,true
L-100388,deed_of_trust,true
L-100388,insurance_certificate,true
L-100388,income_verification,true
L-100389,appraisal_report,true
L-100389,income_verification,true
L-100389,promissory_note,true
L-100391,deed_of_trust,true
L-100392,promissory_note,true
L-100392,appraisal_report,true
L-100393,income_verification,true
L-100393,title_report,true
L-100394,income_verification,true
L-100394,title_report,true
L-100394,promissory_note,false
L-100395,promissory_note,true
L-100395,income_verification,true
L-100395,appraisal_report,true
L-100396,income_verification,true
L-100396,deed_of_trust,false
L-100397,appraisal_report,true
L-100398,appraisal_report,true
L-100398,promissory_note,true
L-100399,deed_of_trust,true
L-100399,insurance_certificate,true
L-100399,title_report,true
L-100401,insurance_certificate,false
L-100401,title_report,false
L-100401,appraisal_report,true
L-100402,insurance_certificate,true
L-100402,promissory_note,true
L-100403,title_report,true
L-100403,appraisal_report,true
L-100403,insurance_certificate,true
L-100404,promissory_note,true
L-100404,insurance_certificate,true
L-100405,deed_of_trust,false
L-100406,income_verification,true
L-100406,insurance_certificate,true
L-100407,title_report,true
L-100408,title_report,true
L-100408,promissory_note,true
L-100408,income_verification,true
L-100409,insurance_certificate,false
L-100409,deed_of_trust,true
L-100411,promissory_note,true
L-100411,appraisal_report,false
L-100412,insurance_certificate,true
L-100412,income_verification,true
L-100413,title_report,false
L-100413,income_verification,true
L-100414,title_report,true
L-100415,title_report,true
L-100415,deed_of_trust,true
L-100416,title_report,true
L-100417,insurance_certificate,true
L-100418,title_report,true
L-100418,income_verification,false
L-100418,deed_of_trust,true
L-100419,income_verification,true
L-100419,title_report,true
L-100421,insurance_certificate,false
L-100421,income_verification,true
L-100421,deed_of_trust,true
L-100422,income_verification,true
L-100422,insurance_certificate,true
L-100423,title_report,true
L-100424,promissory_note,true
L-100424,insurance_certificate,true
L-100425,income_verification,true
L-100425,title_report,true
L-100426,appraisal_report,true
L-100426,income_verification,true
L-100427,title_report,true
L-100427,deed_of_trust,true
L-100428,appraisal_report,true
L-100428,deed_of_trust,true
L-100428,insurance_certificate,true
L-100429,income_verification,true
L-100429,promissory_note,true
L-100429,deed_of_trust,true
L-100431,insurance_certificate,false
L-100431,promissory_note,true
L-100431,income_verification,true
L-100432,insurance_certificate,true
L-100433,insurance_certificate,true
L-100434,income_verification,true
L-100434,appraisal_report,true
L-100435,appraisal_report,true
L-100435,deed_of_trust,true
L-100435,promissory_note,true
L-100436,income_verification,true
L-100436,insurance_certificate,true
L-100437,title_report,true
L-100437,income_verification,true
L-100437,appraisal_report,true
L-100438,title_report,true
L-100438,income_verification,true
L-100438,insurance_certificate,true
L-100439,title_report,true
L-100441,promissory_note,true
L-100441,insurance_certificate,true
L-100441,title_report,true
L-100442,title_report,true
L-100442,appraisal_report,true
L-100442,deed_of_trust,true
L-100443,title_report,true
L-100443,promissory_note,true
L-100444,deed_of_trust,true
L-100444,title_report,true
L-100444,insurance_certificate,true
L-100445,title_report,true
L-100445,income_verification,true
L-100445,appraisal_report,true
L-100446,deed_of_trust,true
L-100447,promissory_note,true
L-100447,appraisal_report,true
L-100447,deed_of_trust,true
L-100448,promissory_note,true
L-100448,deed_of_trust,true
L-100448,appraisal_report,true
L-100449,appraisal_report,true
L-100449,promissory_note,true
L-100451,appraisal_report,true
L-100451,deed_of_trust,false
L-100452,promissory_note,true
L-100452,income_verification,true
L-100452,deed_of_trust,true
L-100453,deed_of_trust,true
L-100454,insurance_certificate,true
L-100454,promissory_note,true
L-100455,deed_of_trust,true
L-100455,appraisal_report,true
L-100456,title_report,true
L-100456,insurance_certificate,true
L-100457,promissory_note,true
L-100457,income_verification,true
L-100458,title_report,true
L-100459,appraisal_report,true
L-100459,title_report,false
L-100461,title_report,true
L-100461,income_verification,true
L-100462,appraisal_report,true
L-100462,insurance_certificate,false
L-100462,income_verification,true
L-100463,promissory_note,true
L-100464,deed_of_trust,true
L-100465,insurance_certificate,true
L-100466,title_report,true
L-100466,income_verification,false
L-100467,title_report,true
L-100467,promissory_note,true
L-100467,deed_of_trust,true
L-100468,income_verification,true
L-100468,title_report,true
L-100468,deed_of_trust,true
L-100469,promissory_note,true
L-100471,promissory_note,true
L-100471,insurance_certificate,true
L-100472,appraisal_report,true
L-100472,income_verification,true
L-100473,promissory_note,true
L-100473,appraisal_report,true
L-100473,deed_of_trust,true
L-100474,deed_of_trust,true
L-100474,appraisal_report,true
L-100474,promissory_note,true
L-100475,insurance_certificate,true
L-100475,deed_of_trust,true
L-100475,promissory_note,true
L-100476,deed_of_trust,true
L-100476,insurance_certificate,true
L-100477,deed_of_trust,true
L-100477,income_verification,true
L-100477,insurance_certificate,false
L-100478,deed_of_trust,true
L-100478,promissory_note,false
L-100479,appraisal_report,true
L-100479,deed_of_trust,false
L-100481,insurance_certificate,false
L-100482,promissory_note,true
L-100482,appraisal_report,true
L-100483,insurance_certificate,true
L-100483,title_report,true
L-100483,appraisal_report,true
L-100484,appraisal_report,true
L-100485,promissory_note,true
L-100485,title_report,true
L-100485,deed_of_trust,true
L-100486,promissory_note,true
L-100486,deed_of_trust,true
L-100486,income_verification,true
L-100487,income_verification,true
L-100487,insurance_certificate,true
L-100488,promissory_note,true
L-100488,title_report,true
L-100489,deed_of_trust,true
L-100491,income_verification,true
L-100491,deed_of_trust,false
L-100492,deed_of_trust,true
L-100492,insurance_certificate,false
L-100492,appraisal_report,true
L-100493,promissory_note,true
L-100493,deed_of_trust,true
L-100493,appraisal_report,true
L-100494,income_verification,true
L-100494,title_report,true
L-100494,appraisal_report,true
L-100495,promissory_note,true
L-100495,insurance_certificate,true
L-100495,title_report,true
L-100496,promissory_note,false
L-100496,insurance_certificate,true
L-100496,income_verification,true
L-100497,income_verification,true
L-100497,title_report,true
L-100498,insurance_certificate,true
L-100498,promissory_note,true
L-100499,title_report,true
L-100501,insurance_certificate,true
L-100502,insurance_certificate,true
L-100502,appraisal_report,true
L-100502,promissory_note,true
L-100503,insurance_certificate,true
L-100504,income_verification,true
L-100505,deed_of_trust,true
L-100506,income_verification,true
L-100506,appraisal_report,true
L-100506,deed_of_trust,true
L-100507,appraisal_report,true
L-100507,income_verification,true
L-100507,promissory_note,true
L-100508,promissory_note,true
L-100509,deed_of_trust,true
L-100509,insurance_certificate,true
L-100509,promissory_note,true
L-100510,income_verification,true
L-100511,insurance_certificate,true
L-100511,appraisal_report,true
L-100512,title_report,true
L-100512,income_verification,true
L-100513,insurance_certificate,true
L-100513,title_report,true
L-100513,promissory_note,true
L-100514,appraisal_report,true
L-100515,income_verification,true
L-100515,appraisal_report,true
L-100516,promissory_note,true
L-100517,income_verification,true
L-100517,promissory_note,true
L-100518,title_report,true
L-100518,appraisal_report,true
L-100518,insurance_certificate,true
L-100519,appraisal_report,true
L-100520,promissory_note,true
L-100521,promissory_note,true
L-100521,income_verification,true
L-100522,deed_of_trust,true
L-100522,appraisal_report,true
L-100522,income_verification,true
L-100523,deed_of_trust,true
L-100524,promissory_note,true
L-100525,deed_of_trust,true
L-100525,income_verification,true
L-100526,appraisal_report,false
L-100526,insurance_certificate,true
L-100527,deed_of_trust,true
L-100527,appraisal_report,true
L-100528,deed_of_trust,true
L-100528,income_verification,true
L-100529,deed_of_trust,true
L-100530,promissory_note,true
L-100530,appraisal_report,true
L-100530,income_verification,true
L-100531,deed_of_trust,true
L-100531,title_report,true
L-100532,appraisal_report,true
L-100533,deed_of_trust,true
L-100533,appraisal_report,true
L-100533,income_verification,true
L-100534,deed_of_trust,true
L-100534,promissory_note,true
L-100534,appraisal_report,true
L-100535,deed_of_trust,true
L-100535,income_verification,true
L-100535,appraisal_report,true
L-100536,insurance_certificate,true
L-100536,title_report,true
L-100536,deed_of_trust,true
L-100537,income_verification,true
L-100537,deed_of_trust,true
L-100537,promissory_note,true
L-100538,promissory_note,true
L-100538,insurance_certificate,true
L-100538,deed_of_trust,true
L-100539,appraisal_report,true
L-100539,income_verification,true
L-100540,appraisal_report,true
L-100541,appraisal_report,false
L-100541,title_report,true
L-100541,deed_of_trust,false
L-100542,income_verification,true
L-100542,appraisal_report,true
L-100542,insurance_certificate,true
L-100543,insurance_certificate,true
L-100543,promissory_note,true
L-100544,promissory_note,true
L-100544,income_verification,false
L-100545,title_report,false
L-100545,promissory_note,true
L-100545,deed_of_trust,true
L-100546,promissory_note,true
L-100546,insurance_certificate,false
L-100546,title_report,true
L-100547,title_report,true
L-100547,appraisal_report,false
L-100548,insurance_certificate,true
L-100548,income_verification,true
L-100549,deed_of_trust,true
L-100550,income_verification,true
L-100551,insurance_certificate,true
L-100551,deed_of_trust,true
L-100552,appraisal_report,true
L-100553,income_verification,true
L-100554,insurance_certificate,true
L-100554,promissory_note,true
L-100554,income_verification,true
L-100555,insurance_certificate,true
L-100556,insurance_certificate,true
L-100556,deed_of_trust,true
L-100557,appraisal_report,true
L-100557,insurance_certificate,true
L-100557,promissory_note,false
L-100558,title_report,true
L-100558,income_verification,true
L-100559,title_report,true
L-100559,insurance_certificate,true
L-100560,promissory_note,true
L-100560,title_report,true
L-100560,income_verification,true
L-100561,insurance_certificate,true
L-100562,appraisal_report,true
L-100562,insurance_certificate,true
L-100563,insurance_certificate,true
L-100563,title_report,true
L-100564,income_verification,true
L-100565,promissory_note,true
L-100565,income_verification,true
L-100565,deed_of_trust,true
L-100566,title_report,true
L-100566,deed_of_trust,true
L-100567,appraisal_report,true
L-100567,insurance_certificate,true
L-100568,appraisal_report,true
L-100568,promissory_note,true
L-100569,insurance_certificate,true
L-100570,income_verification,true
L-100570,insurance_certificate,true
L-100571,insurance_certificate,true
L-100571,income_verification,true
L-100571,deed_of_trust,true
L-100572,income_verification,true
L-100572,deed_of_trust,true
L-100572,appraisal_report,true
L-100573,income_verification,true
L-100573,deed_of_trust,true
L-100573,insurance_certificate,true
L-100574,deed_of_trust,false
L-100575,income_verification,true
L-100576,income_verification,true
L-100576,appraisal_report,true
L-100576,promissory_note,true
L-100577,appraisal_report,true
L-100577,income_verification,false
L-100577,promissory_note,true
L-100578,deed_of_trust,true
L-100578,appraisal_report,true
L-100579,title_report,true
L-100579,appraisal_report,true
L-100580,title_report,false
L-100580,insurance_certificate,true
L-100581,title_report,true
L-100581,deed_of_trust,true
L-100582,deed_of_trust,true
L-100583,deed_of_trust,true
L-100583,promissory_note,true
L-100583,income_verification,true
L-100584,insurance_certificate,true
L-100584,promissory_note,true
L-100585,appraisal_report,true
L-100586,deed_of_trust,true
L-100586,income_verification,true
L-100587,insurance_certificate,true
L-100587,deed_of_trust,true
L-100588,deed_of_trust,true
L-100588,income_verification,true
L-100588,appraisal_report,true
L-100589,insurance_certificate,true
L-100590,insurance_certificate,true
L-100590,income_verification,true
L-100590,title_report,true
L-100591,title_report,true
L-100591,insurance_certificate,true
L-100592,title_report,true
L-100592,income_verification,true
L-100592,deed_of_trust,true
L-100593,promissory_note,true
L-100594,income_verification,true
L-100595,promissory_note,true
L-100595,income_verification,true
L-100595,insurance_certificate,true
L-100596,promissory_note,true
L-100596,income_verification,true
L-100596,appraisal_report,true
L-100597,income_verification,true
L-100597,deed_of_trust,true
L-100598,promissory_note,true
L-100598,appraisal_report,true
L-100599,appraisal_report,true
L-100599,insurance_certificate,true
L-100599,income_verification,true
L-100600,promissory_note,true
L-100600,deed_of_trust,true
L-100601,title_report,false
L-100602,income_verification,true
L-100603,income_verification,true
L-100603,insurance_certificate,true
L-100604,title_report,true
L-100605,income_verification,true
L-100605,deed_of_trust,true
L-100606,insurance_certificate,true
L-100607,promissory_note,true
L-100607,title_report,true
L-100607,deed_of_trust,true
L-100608,deed_of_trust,true
L-100608,promissory_note,true
L-100609,title_report,true
L-100609,income_verification,true
L-100609,insurance_certificate,true
L-100610,deed_of_trust,true
L-100611,title_report,true
L-100611,income_verification,true
L-100611,promissory_note,true
L-100612,income_verification,true
L-100612,deed_of_trust,true
L-100613,deed_of_trust,true
L-100613,title_report,true
L-100614,promissory_note,true
L-100615,promissory_note,true
L-100615,insurance_certificate,true
L-100616,appraisal_report,true
L-100616,insurance_certificate,false
L-100617,insurance_certificate,true
L-100618,appraisal_report,true
L-100618,title_report,true
L-100619,deed_of_trust,true
L-100619,appraisal_report,true
L-100619,insurance_certificate,true
L-100620,insurance_certificate,true
L-100620,promissory_note,true
L-100620,appraisal_report,true
L-100621,title_report,true
L-100621,income_verification,true
L-100622,title_report,false
L-100622,deed_of_trust,true
L-100623,deed_of_trust,true
L-100623,appraisal_report,true
L-100624,deed_of_trust,true
L-100624,insurance_certificate,true
L-100625,appraisal_report,true
L-100626,deed_of_trust,true
L-100626,title_report,true
L-100627,promissory_note,true
L-100627,deed_of_trust,true
L-100627,insurance_certificate,true
L-100628,appraisal_report,true
L-100628,deed_of_trust,false
L-100629,deed_of_trust,true
L-100629,promissory_note,true
L-100630,deed_of_trust,true
L-100630,appraisal_report,true
L-100631,appraisal_report,true
L-100631,promissory_note,true
L-100632,appraisal_report,true
L-100633,title_report,true
L-100634,promissory_note,true
L-100634,insurance_certificate,true
L-100635,appraisal_report,true
L-100636,deed_of_trust,true
L-100637,income_verification,true
L-100638,title_report,true
L-100638,promissory_note,true
L-100639,income_verification,true
L-100639,insurance_certificate,false
L-100640,promissory_note,true
L-100641,appraisal_report,true
L-100641,insurance_certificate,true
L-100641,title_report,true
L-100642,appraisal_report,true
L-100642,deed_of_trust,true
L-100643,income_verification,true
L-100643,title_report,true
L-100643,deed_of_trust,true
L-100644,income_verification,true
L-100644,appraisal_report,true
L-100644,promissory_note,false
L-100645,insurance_certificate,true
L-100646,insurance_certificate,true
L-100647,income_verification,true
L-100648,title_report,true
L-100649,insurance_certificate,true
L-100650,insurance_certificate,true
L-100650,title_report,true
L-100650,promissory_note,true
L-100651,income_verification,false
L-100652,promissory_note,true
L-100652,deed_of_trust,true
L-100653,income_verification,true
L-100653,title_report,true
L-100654,insurance_certificate,false
L-100654,appraisal_report,true
L-100655,promissory_note,true
L-100655,title_report,true
L-100655,deed_of_trust,true
L-100656,income_verification,true
L-100657,appraisal_report,true
L-100657,deed_of_trust,true
L-100657,title_report,true
L-100658,promissory_note,false
L-100659,deed_of_trust,true
L-100659,insurance_certificate,false
L-100660,appraisal_report,false
L-100660,promissory_note,true
L-100660,deed_of_trust,false
L-100661,title_report,true
L-100661,income_verification,true
L-100662,promissory_note,true
L-100662,title_report,true
L-100663,appraisal_report,true
L-100663,deed_of_trust,false
L-100664,title_report,false
L-100664,income_verification,true
L-100665,appraisal_report,true
L-100665,deed_of_trust,true
L-100665,insurance_certificate,true
L-100666,promissory_note,true
L-100666,title_report,true
L-100666,appraisal_report,true
L-100667,deed_of_trust,false
L-100667,promissory_note,true
L-100667,appraisal_report,true
L-100668,title_report,true
L-100668,insurance_certificate,true
L-100669,income_verification,true
L-100670,appraisal_report,true
L-100670,insurance_certificate,true
L-100670,promissory_note,true
L-100671,deed_of_trust,true
L-100671,income_verification,true
L-100672,promissory_note,true
L-100673,deed_of_trust,true
L-100673,insurance_certificate,true
L-100673,appraisal_report,true
L-100674,title_report,true
L-100674,deed_of_trust,false
L-100675,title_report,true
L-100676,appraisal_report,true
L-100676,income_verification,true
L-100677,promissory_note,true
L-100677,income_verification,true
L-100678,insurance_certificate,false
L-100679,title_report,false
L-100679,deed_of_trust,true
L-100679,appraisal_report,true
L-100680,title_report,true
L-100680,deed_of_trust,true
L-100680,promissory_note,true
L-100681,promissory_note,true
L-100682,deed_of_trust,true
L-100683,insurance_certificate,true
L-100683,title_report,false
L-100683,appraisal_report,false
L-100684,appraisal_report,true
L-100685,income_verification,true
L-100686,appraisal_report,true
L-100686,promissory_note,true
L-100687,insurance_certificate,true
L-100687,title_report,true
L-100688,promissory_note,true
L-100689,deed_of_trust,true
L-100689,promissory_note,true
L-100689,appraisal_report,true
L-100690,title_report,true
L-100690,promissory_note,true
L-100690,insurance_certificate,true
L-100691,appraisal_report,true
L-100692,appraisal_report,true
L-100692,income_verification,true
L-100692,deed_of_trust,true
L-100693,promissory_note,true
L-100693,title_report,true
L-100693,insurance_certificate,true
L-100694,deed_of_trust,true
L-100695,income_verification,true
L-100695,appraisal_report,true
L-100696,deed_of_trust,false
L-100697,promissory_note,true
L-100698,title_report,true
L-100698,deed_of_trust,true
L-100699,deed_of_trust,true
L-100700,appraisal_report,true
L-100701,deed_of_trust,true
L-100702,deed_of_trust,true
L-100702,appraisal_report,false
L-100703,insurance_certificate,false
L-100703,appraisal_report,true
L-100703,income_verification,true
L-100704,promissory_note,true
L-100705,promissory_note,true
L-100705,deed_of_trust,true
L-100706,title_report,true
L-100706,insurance_certificate,true
L-100706,income_verification,false
L-100707,promissory_note,true
L-100707,insurance_certificate,true
L-100708,promissory_note,true
L-100708,income_verification,true
L-100708,deed_of_trust,true
L-100709,insurance_certificate,true
L-100709,title_report,true
L-100709,income_verification,true
L-100710,deed_of_trust,true
L-100711,deed_of_trust,true
L-100711,insurance_certificate,true
L-100712,promissory_note,true
L-100713,promissory_note,true
L-100713,title_report,true
L-100713,deed_of_trust,true
L-100714,title_report,true
L-100714,promissory_note,true
L-100715,appraisal_report,true
L-100715,title_report,true
L-100715,deed_of_trust,true
L-100716,income_verification,true
L-100717,income_verification,true
L-100717,title_report,false
L-100718,promissory_note,true
L-100719,income_verification,true
L-100720,income_verification,true
L-100720,promissory_note,true
L-100721,title_report,false
L-100722,income_verification,true
L-100723,deed_of_trust,true
L-100724,deed_of_trust,true
L-100724,title_report,true
L-100725,deed_of_trust,true
L-100725,title_report,true
L-100725,income_verification,true
L-100726,appraisal_report,true
L-100726,insurance_certificate,true
L-100727,appraisal_report,true
L-100727,income_verification,true
L-100727,title_report,true
L-100728,appraisal_report,true
L-100728,title_report,true
L-100729,income_verification,true
L-100729,insurance_certificate,true
L-100729,deed_of_trust,true
L-100730,promissory_note,true
L-100730,income_verification,true
L-100730,deed_of_trust,true
L-100731,title_report,true
L-100732,appraisal_report,true
L-100733,appraisal_report,true
L-100734,title_report,true
L-100734,insurance_certificate,true
L-100734,deed_of_trust,false
L-100735,deed_of_trust,false
L-100735,appraisal_report,true
L-100736,promissory_note,true
L-100736,insurance_certificate,true
L-100737,insurance_certificate,true
L-100737,deed_of_trust,true
L-100737,appraisal_report,true
L-100738,promissory_note,true
L-100739,title_report,false
L-100740,deed_of_trust,true
L-100740,appraisal_report,true
L-100741,appraisal_report,false
L-100742,title_report,true
L-100743,insurance_certificate,true
L-100743,deed_of_trust,true
L-100743,appraisal_report,true
L-100744,deed_of_trust,true
L-100745,promissory_note,true
L-100746,appraisal_report,true
L-100746,income_verification,true
L-100746,title_report,false
L-100747,income_verification,true
L-100747,appraisal_report,true
L-100748,deed_of_trust,false
L-100748,insurance_certificate,true
L-100749,income_verification,false
L-100749,insurance_certificate,true
L-100749,promissory_note,true
L-100750,insurance_certificate,true
L-100751,insurance_certificate,true
L-100751,appraisal_report,true
L-100752,appraisal_report,true
L-100753,title_report,true
L-100754,promissory_note,false
L-100754,insurance_certificate,true
L-100755,promissory_note,true
L-100755,title_report,true
L-100756,appraisal_report,true
L-100756,deed_of_trust,true
L-100756,income_verification,true
L-100757,promissory_note,true
L-100757,income_verification,true
L-100757,deed_of_trust,true
L-100758,appraisal_report,true
L-100758,insurance_certificate,false
L-100758,promissory_note,true
L-100759,deed_of_trust,true
L-100759,income_verification,true
L-100759,promissory_note,true
L-100760,promissory_note,true
L-100761,deed_of_trust,true
L-100762,insurance_certificate,true
L-100762,promissory_note,true
L-100762,income_verification,true
L-100763,deed_of_trust,true
L-100764,income_verification,true
L-100764,title_report,true
L-100765,appraisal_report,true
L-100766,insurance_certificate,true
L-100766,deed_of_trust,true
L-100766,appraisal_report,true
L-100767,deed_of_trust,true
L-100768,title_report,true
L-100769,insurance_certificate,true
L-100769,title_report,true
L-100770,insurance_certificate,true
L-100770,deed_of_trust,true
L-100770,promissory_note,true
L-100771,insurance_certificate,true
L-100771,deed_of_trust,true
L-100771,appraisal_report,true
L-100772,insurance_certificate,false
L-100772,title_report,true
L-100772,income_verification,true
L-100773,insurance_certificate,true
L-100773,deed_of_trust,true
L-100774,appraisal_report,true
L-100774,insurance_certificate,true
L-100775,insurance_certificate,true
L-100775,income_verification,true
L-100775,deed_of_trust,true
L-100776,insurance_certificate,true
L-100776,income_verification,true
L-100776,title_report,true
L-100777,appraisal_report,true
L-100777,income_verification,true
L-100778,income_verification,true
L-100778,deed_of_trust,true
L-100778,promissory_note,true
L-100779,deed_of_trust,true
L-100780,appraisal_report,true
L-100780,promissory_note,true
L-100781,insurance_certificate,true
L-100781,deed_of_trust,true
L-100781,income_verification,true
L-100782,income_verification,true
L-100782,appraisal_report,true
L-100783,appraisal_report,true
L-100783,deed_of_trust,true
L-100784,income_verification,true
L-100785,promissory_note,true
L-100786,promissory_note,true
L-100786,title_report,true
L-100786,insurance_certificate,true
L-100787,deed_of_trust,true
L-100787,insurance_certificate,true
L-100787,promissory_note,false
L-100788,income_verification,true
L-100788,title_report,true
L-100789,insurance_certificate,true
L-100789,appraisal_report,true
L-100790,insurance_certificate,true
L-100791,income_verification,false
L-100791,insurance_certificate,true
L-100791,deed_of_trust,true
L-100792,income_verification,true
L-100792,appraisal_report,true
L-100793,insurance_certificate,false
L-100794,appraisal_report,true
L-100794,title_report,true
L-100795,appraisal_report,true
L-100795,title_report,true
L-100795,promissory_note,true
L-100796,insurance_certificate,true
L-100796,title_report,true
L-100796,promissory_note,true
L-100797,insurance_certificate,true
L-100797,appraisal_report,false
L-100798,income_verification,true
L-100798,promissory_note,true
L-100798,title_report,true
L-100799,appraisal_report,true
L-100799,title_report,true
L-100800,income_verification,false
L-100800,promissory_note,true
L-100800,title_report,true
L-100801,promissory_note,true
L-100801,title_report,true
L-100801,deed_of_trust,true
L-100802,title_report,true
L-100802,appraisal_report,true
L-100803,insurance_certificate,false
L-100804,income_verification,true
L-100804,appraisal_report,true
L-100804,deed_of_trust,true
L-100805,insurance_certificate,true
L-100805,income_verification,true
L-100805,title_report,true
L-100806,title_report,true
L-100807,insurance_certificate,true
L-100807,promissory_note,true
L-100807,title_report,false
L-100808,appraisal_report,true
L-100808,promissory_note,false
L-100809,title_report,true
L-100809,promissory_note,true
L-100810,insurance_certificate,true
L-100811,promissory_note,true
L-100812,insurance_certificate,true
L-100812,appraisal_report,true
L-100812,income_verification,false
L-100813,appraisal_report,true
L-100814,title_report,true
L-100815,promissory_note,true
L-100815,deed_of_trust,true
L-100815,income_verification,true
L-100816,title_report,true
L-100816,promissory_note,true
L-100817,promissory_note,true
L-100817,deed_of_trust,true
L-100818,insurance_certificate,true
L-100818,income_verification,true
L-100819,promissory_note,true
L-100819,title_report,true
L-100819,insurance_certificate,true
L-100820,deed_of_trust,true
L-100820,promissory_note,true
L-100821,appraisal_report,false
L-100822,promissory_note,true
L-100822,deed_of_trust,true
L-100822,title_report,true
L-100823,title_report,true
L-100823,income_verification,false
L-100823,deed_of_trust,true
L-100824,deed_of_trust,true
L-100825,insurance_certificate,true
L-100825,appraisal_report,true
L-100826,promissory_note,true
L-100826,appraisal_report,true
L-100826,deed_of_trust,true
L-100827,income_verification,true
L-100827,appraisal_report,true
L-100828,income_verification,true
L-100829,title_report,true
L-100830,insurance_certificate,true
L-100831,title_report,true
L-100832,title_report,true
L-100833,promissory_note,true
L-100833,deed_of_trust,true
L-100834,insurance_certificate,false
L-100834,title_report,true
L-100834,promissory_note,true
L-100835,appraisal_report,true
L-100835,insurance_certificate,true
L-100835,promissory_note,false
L-100836,deed_of_trust,true
L-100836,title_report,true
L-100836,promissory_note,true
L-100837,deed_of_trust,true
L-100838,title_report,true
L-100839,title_report,false
L-100839,insurance_certificate,true
L-100839,deed_of_trust,false
L-100840,appraisal_report,true
L-100841,title_report,true
L-100841,insurance_certificate,true
L-100842,deed_of_trust,true
L-100842,title_report,true
L-100842,income_verification,true
L-100843,insurance_certificate,true
L-100843,appraisal_report,true
L-100844,deed_of_trust,true
L-100845,deed_of_trust,true
L-100845,promissory_note,true
L-100845,appraisal_report,true
L-100846,insurance_certificate,true
L-100846,promissory_note,true
L-100846,appraisal_report,true
L-100847,promissory_note,true
L-100847,insurance_certificate,true
L-100847,income_verification,false
L-100848,appraisal_report,false
L-100848,title_report,true
L-100849,appraisal_report,true
L-100849,income_verification,true
L-100849,promissory_note,true
L-100850,appraisal_report,true
L-100850,income_verification,true
L-100850,deed_of_trust,true
L-100851,appraisal_report,true
L-100851,insurance_certificate,true
L-100851,promissory_note,true
L-100852,deed_of_trust,true
L-100853,income_verification,true
L-100854,promissory_note,true
L-100854,deed_of_trust,true
L-100855,title_report,true
L-100855,deed_of_trust,true
L-100856,insurance_certificate,false
L-100856,promissory_note,true
L-100857,insurance_certificate,true
L-100857,deed_of_trust,true
L-100857,appraisal_report,true
L-100858,deed_of_trust,true
L-100858,appraisal_report,true
L-100858,insurance_certificate,false
L-100859,income_verification,true
L-100860,title_report,true
L-100860,income_verification,true
L-100860,promissory_note,true
L-100861,promissory_note,true
L-100862,income_verification,true
L-100862,appraisal_report,true
L-100863,appraisal_report,true
L-100863,insurance_certificate,true
L-100864,deed_of_trust,true
L-100865,title_report,true
L-100865,income_verification,false
L-100865,appraisal_report,true
L-100866,appraisal_report,true
L-100867,deed_of_trust,true
L-100867,title_report,true
L-100868,promissory_note,true
L-100868,insurance_certificate,true
L-100869,deed_of_trust,false
L-100869,insurance_certificate,true
L-100870,income_verification,true
L-100870,deed_of_trust,true
L-100870,insurance_certificate,true
L-100871,deed_of_trust,true
L-100871,income_verification,true
L-100872,income_verification,true
L-100872,insurance_certificate,true
L-100873,appraisal_report,true
L-100874,promissory_note,true
L-100874,deed_of_trust,true
L-100874,insurance_certificate,true
L-100875,insurance_certificate,true
L-100875,income_verification,true
L-100876,insurance_certificate,true
L-100876,title_report,true
L-100877,promissory_note,true
L-100878,appraisal_report,true
L-100878,income_verification,true
L-100878,title_report,true
L-100879,income_verification,true
L-100879,promissory_note,true
L-100879,appraisal_report,true
L-100880,promissory_note,true
L-100880,appraisal_report,true
L-100880,title_report,true
L-100881,income_verification,true
L-100881,insurance_certificate,true
L-100881,title_report,false
L-100882,deed_of_trust,true
L-100883,appraisal_report,false
L-100884,promissory_note,true
L-100884,title_report,true
L-100885,appraisal_report,true
L-100886,income_verification,false
L-100887,deed_of_trust,true
L-100887,income_verification,true
L-100888,appraisal_report,true
L-100889,promissory_note,true
L-100889,income_verification,true
L-100890,appraisal_report,true
L-100890,deed_of_trust,true
L-100891,title_report,false
L-100891,income_verification,true
L-100891,deed_of_trust,true
L-100892,promissory_note,true
L-100892,title_report,true
L-100893,promissory_note,true
L-100893,appraisal_report,true
L-100893,title_report,false
L-100894,appraisal_report,true
L-100895,deed_of_trust,true
L-100895,insurance_certificate,true
L-100896,income_verification,true
L-100897,title_report,true
L-100898,deed_of_trust,true
L-100899,income_verification,true
L-100899,deed_of_trust,true
L-100900,title_report,false
L-100900,insurance_certificate,true
L-100900,appraisal_report,true
L-100901,income_verification,false
L-100902,promissory_note,false
L-100902,insurance_certificate,true
L-100902,income_verification,true
L-100903,title_report,true
L-100903,appraisal_report,true
L-100904,income_verification,true
L-100904,insurance_certificate,true
L-100904,deed_of_trust,true
L-100905,income_verification,true
L-100905,appraisal_report,true
L-100905,promissory_note,true
L-100906,insurance_certificate,true
L-100907,title_report,true
L-100907,deed_of_trust,true
L-100907,appraisal_report,true
L-100908,appraisal_report,true
L-100908,promissory_note,false
L-100909,promissory_note,true
L-100910,income_verification,true
L-100910,deed_of_trust,true
L-100910,appraisal_report,true
L-100911,insurance_certificate,true
L-100911,deed_of_trust,true
L-100911,promissory_note,true
L-100912,appraisal_report,true
L-100912,deed_of_trust,true
L-100913,appraisal_report,false
L-100913,title_report,false
L-100914,title_report,true
L-100915,promissory_note,true
L-100915,title_report,true
L-100915,insurance_certificate,true
L-100916,insurance_certificate,true
L-100917,deed_of_trust,true
L-100917,income_verification,true
L-100917,appraisal_report,true
L-100918,title_report,true
L-100919,title_report,true
L-100920,income_verification,true
L-100920,deed_of_trust,true
L-100921,insurance_certificate,true
L-100921,deed_of_trust,true
L-100922,appraisal_report,true
L-100923,title_report,true
L-100923,promissory_note,true
L-100923,appraisal_report,true
L-100924,appraisal_report,true
L-100924,title_report,true
L-100924,deed_of_trust,true
L-100925,income_verification,true
L-100926,income_verification,true
L-100926,deed_of_trust,true
L-100926,title_report,true
L-100927,insurance_certificate,true
L-100928,promissory_note,true
L-100928,appraisal_report,true
L-100928,income_verification,true
L-100929,appraisal_report,true
L-100930,income_verification,true
L-100931,deed_of_trust,true
L-100931,title_report,true
L-100931,appraisal_report,true
L-100932,title_report,true
L-100932,promissory_note,true
L-100933,income_verification,true
L-100933,deed_of_trust,true
L-100934,title_report,true
L-100934,income_verification,true
L-100935,income_verification,true
L-100936,insurance_certificate,false
L-100936,promissory_note,true
L-100937,appraisal_report,true
L-100938,title_report,true
L-100938,appraisal_report,true
L-100939,insurance_certificate,true
L-100939,appraisal_report,true
L-100940,deed_of_trust,true
L-100940,promissory_note,true
L-100940,appraisal_report,true
L-100941,promissory_note,true
L-100941,title_report,true
L-100941,deed_of_trust,true
L-100942,deed_of_trust,true
L-100942,income_verification,true
L-100942,insurance_certificate,false
L-100943,income_verification,true
L-100943,appraisal_report,true
L-100944,insurance_certificate,true
L-100944,promissory_note,true
L-100945,promissory_note,true
L-100945,insurance_certificate,false
L-100946,income_verification,true
L-100946,deed_of_trust,true
L-100947,appraisal_report,true
L-100947,promissory_note,true
L-100947,income_verification,true
L-100948,promissory_note,false
L-100948,insurance_certificate,true
L-100948,title_report,true
L-100949,title_report,false
L-100949,promissory_note,true
L-100950,insurance_certificate,true
L-100950,appraisal_report,true
L-100951,appraisal_report,true
L-100952,income_verification,true
L-100952,title_report,true
L-100952,appraisal_report,true
L-100953,title_report,true
L-100953,income_verification,true
L-100954,title_report,true
L-100954,insurance_certificate,true
L-100954,promissory_note,true
L-100955,insurance_certificate,false
L-100955,income_verification,true
L-100956,promissory_note,false
L-100956,appraisal_report,true
L-100957,promissory_note,true
L-100958,income_verification,true
L-100958,deed_of_trust,true
L-100959,appraisal_report,true
L-100959,deed_of_trust,true
L-100960,income_verification,true
L-100961,deed_of_trust,false
L-100961,promissory_note,true
L-100962,promissory_note,true
L-100963,income_verification,true
L-100964,title_report,true
L-100965,insurance_certificate,true
L-100965,income_verification,true
L-100965,deed_of_trust,true
L-100966,promissory_note,true
L-100967,insurance_certificate,true
L-100967,promissory_note,true
L-100968,income_verification,true
L-100969,income_verification,true
L-100970,promissory_note,true
L-100970,title_report,true
L-100971,promissory_note,true
L-100972,deed_of_trust,false
L-100973,income_verification,true
L-100973,insurance_certificate,true
L-100973,promissory_note,true
L-100974,deed_of_trust,false
L-100974,income_verification,true
L-100974,appraisal_report,true
L-100975,deed_of_trust,true
L-100975,insurance_certificate,false
L-100975,income_verification,true
L-100976,insurance_certificate,true
L-100977,title_report,true
L-100977,income_verification,true
L-100978,income_verification,true
L-100978,deed_of_trust,true
L-100978,insurance_certificate,true
L-100979,title_report,true
L-100980,insurance_certificate,false
L-100980,title_report,true
L-100980,promissory_note,false
L-100981,deed_of_trust,true
L-100981,income_verification,true
L-100981,appraisal_report,true
L-100982,title_report,true
L-100982,deed_of_trust,true
L-100983,title_report,true
L-100983,income_verification,true
L-100984,appraisal_report,true
L-100984,insurance_certificate,true
L-100985,insurance_certificate,true
L-100985,promissory_note,true
L-100985,title_report,true
L-100986,title_report,true
L-100986,insurance_certificate,true
L-100986,promissory_note,true
L-100987,appraisal_report,true
L-100987,promissory_note,true
L-100988,income_verification,true
L-100988,appraisal_report,true
L-100989,insurance_certificate,true
L-100990,deed_of_trust,true
L-100991,income_verification,false
L-100991,insurance_certificate,true
L-100992,deed_of_trust,false
L-100992,income_verification,true
L-100993,income_verification,true
L-100993,appraisal_report,true
L-100994,promissory_note,true
L-100995,deed_of_trust,true
L-100995,promissory_note,true
L-100996,title_report,true
L-100996,promissory_note,true
L-100996,deed_of_trust,true
L-100997,promissory_note,true
L-100997,deed_of_trust,false
L-100997,title_report,true
L-100998,insurance_certificate,true
L-100998,title_report,true
L-100999,income_verification,false
L-101000,deed_of_trust,true
L-101000,appraisal_report,true
L-101000,title_report,true
L-101001,title_report,true
L-101001,promissory_note,true
L-101002,income_verification,true
L-101002,deed_of_trust,true
L-101003,income_verification,false
L-101004,title_report,true
L-101004,deed_of_trust,true
L-101005,income_verification,true
L-101005,title_report,true
L-101005,insurance_certificate,true
L-101006,insurance_certificate,true
L-101006,appraisal_report,true
L-101007,deed_of_trust,false
L-101007,title_report,true
L-101008,appraisal_report,true
L-101009,insurance_certificate,true
L-101009,title_report,false
L-101010,promissory_note,false
L-101010,title_report,true
L-101011,deed_of_trust,true
L-101011,income_verification,true
L-101012,promissory_note,true
L-101012,income_verification,true
L-101013,promissory_note,true
L-101013,insurance_certificate,true
L-101013,appraisal_report,true
L-101014,promissory_note,true
L-101015,title_report,true
L-101015,promissory_note,false
L-101015,deed_of_trust,true
L-101016,income_verification,true
L-101016,deed_of_trust,true
L-101017,insurance_certificate,true
L-101018,insurance_certificate,true
L-101018,income_verification,true
L-101019,title_report,true
L-101019,insurance_certificate,true
L-101019,promissory_note,true
L-101020,insurance_certificate,false
L-101020,income_verification,true
L-101021,promissory_note,true
L-101021,insurance_certificate,true
L-101021,deed_of_trust,true
L-101022,appraisal_report,true
L-101023,deed_of_trust,true
L-101023,title_report,true
L-101023,income_verification,true
L-101024,title_report,true
L-101025,title_report,true
L-101025,appraisal_report,true
L-101025,promissory_note,true
L-101026,title_report,true
L-101026,insurance_certificate,true
L-101027,income_verification,true
L-101028,appraisal_report,true
L-101029,income_verification,true
L-101030,promissory_note,true
L-101030,appraisal_report,true
L-101031,deed_of_trust,true
L-101031,promissory_note,true
L-101032,income_verification,true
L-101032,appraisal_report,true
L-101032,title_report,true
L-101033,deed_of_trust,true
L-101033,insurance_certificate,false
L-101033,appraisal_report,true
L-101034,appraisal_report,true
L-101034,deed_of_trust,true
L-101035,title_report,true
L-101035,income_verification,true
L-101036,deed_of_trust,true
L-101036,insurance_certificate,true
L-101037,promissory_note,true
L-101037,income_verification,true
L-101037,appraisal_report,true
L-101038,insurance_certificate,true
L-101038,appraisal_report,true
L-101038,deed_of_trust,true
L-101039,promissory_note,true
L-101040,insurance_certificate,true
L-101040,income_verification,true
L-101041,deed_of_trust,true
L-101042,title_report,true
L-101043,appraisal_report,true
L-101043,title_report,true
L-101044,title_report,true
L-101044,income_verification,true
L-101045,promissory_note,true
L-101046,appraisal_report,true
L-101047,appraisal_report,true
L-101047,deed_of_trust,true
L-101048,deed_of_trust,true
L-101049,income_verification,false
L-101049,deed_of_trust,true
L-101050,deed_of_trust,true
L-101051,deed_of_trust,true
L-101052,title_report,true
L-101052,promissory_note,true
L-101053,promissory_note,false
L-101053,appraisal_report,true
L-101053,income_verification,true
L-101054,insurance_certificate,true
L-101054,appraisal_report,true
L-101055,income_verification,true
L-101055,insurance_certificate,true
L-101056,promissory_note,true
L-101056,income_verification,true
L-101056,insurance_certificate,true
L-101057,appraisal_report,true
L-101057,income_verification,true
L-101057,title_report,true
L-101058,insurance_certificate,true
L-101059,title_report,true
L-101059,promissory_note,false
L-101060,title_report,true
L-101061,deed_of_trust,true
L-101061,insurance_certificate,true
L-101061,income_verification,true
L-101062,promissory_note,true
L-101062,deed_of_trust,true
L-101062,title_report,true
L-101063,promissory_note,true
L-101064,insurance_certificate,true
L-101064,appraisal_report,true
L-101064,promissory_note,true
L-101065,appraisal_report,true
L-101065,title_report,true
L-101065,income_verification,true
L-101066,deed_of_trust,true
L-101067,deed_of_trust,true
L-101067,insurance_certificate,true
L-101068,insurance_certificate,false
L-101068,promissory_note,false
L-101068,title_report,true
L-101069,deed_of_trust,true
L-101070,appraisal_report,true
L-101071,promissory_note,false
L-101072,insurance_certificate,true
L-101073,title_report,true
L-101073,insurance_certificate,true
L-101074,title_report,false
L-101075,deed_of_trust,true
L-101076,deed_of_trust,true
L-101076,income_verification,true
L-101077,insurance_certificate,true
L-101077,deed_of_trust,true
L-101078,insurance_certificate,true
L-101079,promissory_note,true
L-101079,deed_of_trust,true
L-101080,income_verification,true
L-101081,insurance_certificate,true
L-101082,title_report,true
L-101082,promissory_note,false
L-101083,income_verification,true
L-101083,deed_of_trust,true
L-101083,title_report,true
L-101084,appraisal_report,true
L-101085,promissory_note,true
L-101086,deed_of_trust,true
L-101086,promissory_note,true
L-101087,promissory_note,true
L-101087,deed_of_trust,true
L-101088,insurance_certificate,true
L-101088,income_verification,false
L-101088,promissory_note,true
L-101089,appraisal_report,true
L-101090,deed_of_trust,true
L-101090,appraisal_report,true
L-101090,title_report,true
L-101091,insurance_certificate,true
L-101092,appraisal_report,true
L-101092,title_report,false
L-101092,insurance_certificate,true
L-101093,promissory_note,true
L-101093,title_report,true
L-101093,deed_of_trust,true
L-101094,insurance_certificate,true
L-101094,promissory_note,true
L-101094,income_verification,true
L-101095,income_verification,true
L-101095,promissory_note,true
L-101095,deed_of_trust,true
L-101096,title_report,true
L-101096,insurance_certificate,true
L-101096,deed_of_trust,true
L-101097,income_verification,true
L-101098,promissory_note,true
L-101098,title_report,true
L-101098,deed_of_trust,true
L-101099,appraisal_report,true
L-101099,insurance_certificate,true
L-101099,promissory_note,true
L-101100,deed_of_trust,true
L-101101,deed_of_trust,true
L-101102,promissory_note,true
L-101103,deed_of_trust,true
L-101104,deed_of_trust,true
L-101105,appraisal_report,true
L-101105,insurance_certificate,true
L-101106,deed_of_trust,true
L-101106,title_report,true
L-101107,promissory_note,true
L-101108,insurance_certificate,true
L-101109,title_report,true
L-101110,title_report,true
L-101110,deed_of_trust,true
L-101111,appraisal_report,false
L-101112,deed_of_trust,true
L-101112,promissory_note,false
L-101113,promissory_note,true
L-101113,income_verification,true
L-101113,insurance_certificate,true
L-101114,promissory_note,true
L-101114,income_verification,true
L-101114,insurance_certificate,true
L-101115,insurance_certificate,true
L-101115,appraisal_report,true
L-101115,deed_of_trust,true
L-101116,appraisal_report,true
L-101116,promissory_note,true
L-101117,title_report,true
L-101117,income_verification,true
L-101118,insurance_certificate,true
L-101118,appraisal_report,true
L-101119,income_verification,true
L-101120,income_verification,true
L-101120,title_report,true
L-101121,deed_of_trust,true
L-101121,appraisal_report,true
L-101122,promissory_note,true
L-101122,title_report,true
L-101122,deed_of_trust,true
L-101123,appraisal_report,true
L-101124,income_verification,false
L-101124,appraisal_report,true
L-101124,promissory_note,true
L-101125,title_report,true
L-101125,income_verification,true
L-101126,deed_of_trust,true
L-101126,income_verification,true
L-101127,deed_of_trust,true
L-101127,title_report,true
L-101127,insurance_certificate,true
L-101128,deed_of_trust,false
L-101128,income_verification,true
L-101128,title_report,true
L-101129,title_report,true
L-101130,insurance_certificate,true
L-101130,deed_of_trust,true
L-101131,income_verification,false
L-101131,deed_of_trust,true
L-101131,insurance_certificate,true
L-101132,promissory_note,true
L-101132,title_report,true
L-101132,appraisal_report,true
L-101133,income_verification,true
L-101133,appraisal_report,true
L-101134,insurance_certificate,true
L-101134,promissory_note,false
L-101135,appraisal_report,true
L-101135,deed_of_trust,true
L-101135,insurance_certificate,true
L-101136,promissory_note,true
L-101136,appraisal_report,true
L-101136,insurance_certificate,true
L-101137,income_verification,true
L-101138,income_verification,false
L-101138,promissory_note,true
L-101138,appraisal_report,true
L-101139,deed_of_trust,true
L-101139,appraisal_report,true
L-101139,insurance_certificate,true
L-101140,appraisal_report,true
L-101140,deed_of_trust,true
L-101140,title_report,true
L-101141,income_verification,true
L-101141,promissory_note,true
L-101142,promissory_note,true
L-101143,appraisal_report,true
L-101144,appraisal_report,false
L-101145,promissory_note,true
L-101145,title_report,true
L-101145,deed_of_trust,true
L-101146,deed_of_trust,true
L-101146,title_report,true
L-101147,income_verification,true
L-101148,income_verification,true
L-101148,insurance_certificate,true
L-101149,appraisal_report,true
L-101149,deed_of_trust,true
L-101149,insurance_certificate,false
L-101150,deed_of_trust,true
L-101151,income_verification,true
L-101151,title_report,true
L-101151,deed_of_trust,false
L-101152,title_report,false
L-101152,appraisal_report,true
L-101152,deed_of_trust,true
L-101153,insurance_certificate,true
L-101154,deed_of_trust,true
L-101154,title_report,true
L-101154,insurance_certificate,true
L-101155,insurance_certificate,false
L-101155,income_verification,true
L-101155,deed_of_trust,true
L-101156,insurance_certificate,false
L-101156,promissory_note,true
L-101157,appraisal_report,true
L-101157,title_report,true
L-101158,title_report,true
L-101158,deed_of_trust,true
L-101158,appraisal_report,true
L-101159,income_verification,true
L-101160,promissory_note,true
L-101161,appraisal_report,false
L-101161,promissory_note,true
L-101162,income_verification,true
L-101162,promissory_note,true
L-101162,insurance_certificate,true
L-101163,title_report,true
L-101163,insurance_certificate,true
L-101163,promissory_note,true
L-101164,promissory_note,true
L-101165,income_verification,true
L-101165,promissory_note,true
L-101165,insurance_certificate,true
L-101166,promissory_note,true
L-101166,title_report,true
L-101166,deed_of_trust,true
L-101167,promissory_note,true
L-101167,deed_of_trust,true
L-101168,insurance_certificate,true
L-101168,title_report,true
L-101169,appraisal_report,true
L-101169,title_report,true
L-101169,promissory_note,true
L-101170,income_verification,true
L-101170,title_report,true
L-101170,promissory_note,false
L-101171,appraisal_report,true
L-101172,income_verification,true
L-101173,appraisal_report,true
L-101173,title_report,true
L-101174,promissory_note,true
L-101174,appraisal_report,false
L-101175,title_report,true
L-101176,appraisal_report,true
L-101177,promissory_note,false
L-101178,income_verification,true
L-101178,insurance_certificate,true
L-101179,insurance_certificate,true
L-101180,income_verification,true
L-101181,appraisal_report,true
L-101181,title_report,true
L-101182,income_verification,true
L-101182,appraisal_report,true
L-101182,deed_of_trust,true
L-101183,promissory_note,true
L-101184,appraisal_report,true
L-101184,deed_of_trust,true
L-101185,deed_of_trust,true
L-101185,promissory_note,true
L-101185,title_report,true
L-101186,insurance_certificate,true
L-101186,promissory_note,true
L-101187,appraisal_report,true
L-101188,insurance_certificate,true
L-101189,deed_of_trust,true
L-101189,income_verification,true
L-101190,income_verification,true
L-101190,promissory_note,true
L-101190,insurance_certificate,true
L-101191,appraisal_report,false
L-101191,promissory_note,true
L-101191,insurance_certificate,true
L-101192,promissory_note,true
L-101192,deed_of_trust,true
L-101192,income_verification,true
L-101193,appraisal_report,true
L-101193,insurance_certificate,true
L-101193,promissory_note,true
L-101194,income_verification,true
L-101194,promissory_note,true
L-101195,deed_of_trust,true
L-101195,insurance_certificate,true
L-101195,title_report,true
L-101196,promissory_note,true
L-101196,deed_of_trust,false
L-101196,appraisal_report,true
L-101197,insurance_certificate,true
L-101198,income_verification,true
L-101198,deed_of_trust,true
L-101199,income_verification,true
L-101200,insurance_certificate,false
L-101200,appraisal_report,true
L-101201,income_verification,true
L-101202,income_verification,true
L-101202,promissory_note,false
L-101202,deed_of_trust,true
L-101203,deed_of_trust,true
L-101204,title_report,false
L-101204,appraisal_report,true
L-101204,deed_of_trust,true
L-101205,title_report,true
L-101205,income_verification,true
L-101205,promissory_note,true
L-101206,deed_of_trust,true
L-101207,title_report,true
L-101207,insurance_certificate,true
L-101208,deed_of_trust,true
L-101208,title_report,true
L-101208,insurance_certificate,true
L-101209,insurance_certificate,true
L-101209,income_verification,true
L-101209,promissory_note,true
L-101210,appraisal_report,true
L-101210,income_verification,true
L-101210,deed_of_trust,true
L-101211,title_report,true
L-101211,insurance_certificate,true
L-101211,appraisal_report,true
L-101212,income_verification,true
L-101213,appraisal_report,true
L-101213,insurance_certificate,true
L-101213,income_verification,true
L-101214,promissory_note,true
L-101214,deed_of_trust,true
L-101215,appraisal_report,true
L-101216,insurance_certificate,true
L-101216,appraisal_report,true
L-101216,deed_of_trust,true
L-101217,appraisal_report,true
L-101218,title_report,true
L-101218,deed_of_trust,true
L-101219,deed_of_trust,true
L-101219,appraisal_report,true
L-101220,income_verification,true
L-101220,appraisal_report,true
L-101220,deed_of_trust,true
L-101221,insurance_certificate,true
L-101221,appraisal_report,true
L-101221,deed_of_trust,true
L-101222,title_report,true
L-101222,insurance_certificate,false
L-101222,income_verification,true
L-101223,appraisal_report,true
L-101223,title_report,true
L-101223,deed_of_trust,true
L-101224,deed_of_trust,true
L-101224,promissory_note,false
L-101225,appraisal_report,true
L-101225,income_verification,true
L-101226,promissory_note,true
L-101226,income_verification,true
L-101227,appraisal_report,true
L-101227,title_report,true
L-101228,insurance_certificate,true
L-101229,insurance_certificate,true
L-101229,title_report,true
L-101230,title_report,true
L-101231,deed_of_trust,true
L-101232,insurance_certificate,true
L-101233,promissory_note,true
L-101234,appraisal_report,true
L-101234,income_verification,true
L-101235,income_verification,true
L-101236,promissory_note,true
L-101237,insurance_certificate,true
L-101237,income_verification,true
L-101238,appraisal_report,true
L-101239,title_report,true
L-101240,deed_of_trust,true
L-101241,appraisal_report,true
L-101241,title_report,true
L-101241,deed_of_trust,true
L-101242,promissory_note,true
L-101242,appraisal_report,true
L-101243,appraisal_report,true
L-101243,deed_of_trust,true
L-101244,deed_of_trust,true
L-101245,income_verification,true
L-101245,deed_of_trust,true
L-101245,promissory_note,true
L-101246,title_report,true
L-101246,income_verification,true
L-101246,promissory_note,true
L-101247,insurance_certificate,false
L-101247,deed_of_trust,true
L-101247,promissory_note,false
L-101248,deed_of_trust,true
L-101248,appraisal_report,true
L-101249,income_verification,true
L-101249,insurance_certificate,true
L-101249,title_report,true
L-101250,income_verification,true
L-101250,deed_of_trust,false
L-101250,insurance_certificate,true
L-101251,insurance_certificate,true
L-101251,deed_of_trust,true
L-101251,appraisal_report,true
L-101252,promissory_note,true
L-101252,appraisal_report,true
L-101253,title_report,true
L-101253,insurance_certificate,true
L-101254,title_report,true
L-101254,insurance_certificate,false
L-101255,title_report,true
L-101256,title_report,true
L-101257,income_verification,true
L-101257,promissory_note,true
L-101257,deed_of_trust,true
L-101258,appraisal_report,true
L-101258,deed_of_trust,true
L-101258,title_report,true
L-101259,promissory_note,true
L-101259,income_verification,true
L-101259,appraisal_report,true
L-101260,income_verification,true
L-101260,insurance_certificate,true
L-101260,appraisal_report,true
L-101261,appraisal_report,true
L-101262,appraisal_report,true
L-101262,income_verification,true
L-101262,insurance_certificate,true
L-101263,insurance_certificate,true
L-101264,deed_of_trust,true
L-101264,income_verification,true
L-101265,title_report,true
L-101265,insurance_certificate,false
L-101266,promissory_note,true
L-101267,deed_of_trust,true
L-101267,promissory_note,true
L-101267,income_verification,true
L-101268,promissory_note,true
L-101268,appraisal_report,true
L-101269,appraisal_report,true
L-101269,title_report,true
L-101269,insurance_certificate,true
L-101270,deed_of_trust,true
L-101270,income_verification,true
L-101270,insurance_certificate,false
L-101271,deed_of_trust,true
L-101271,appraisal_report,true
L-101271,title_report,false
L-101272,appraisal_report,true
L-101272,income_verification,true
L-101273,insurance_certificate,true
L-101273,appraisal_report,true
L-101274,insurance_certificate,true
L-101275,insurance_certificate,true
L-101275,title_report,true
L-101275,appraisal_report,true
L-101276,deed_of_trust,false
L-101277,promissory_note,true
L-101278,appraisal_report,true
L-101278,insurance_certificate,true
L-101279,appraisal_report,true
L-101280,appraisal_report,true
L-101280,income_verification,true
L-101281,income_verification,true
L-101281,insurance_certificate,true
L-101282,promissory_note,true
L-101282,appraisal_report,false
L-101283,appraisal_report,true
L-101283,promissory_note,true
L-101284,income_verification,true
L-101284,title_report,true
L-101284,deed_of_trust,true
L-101285,income_verification,true
L-101286,deed_of_trust,true
L-101286,promissory_note,false
L-101286,title_report,true
L-101287,promissory_note,true
L-101288,appraisal_report,true
L-101288,deed_of_trust,true
L-101288,title_report,true
L-101289,insurance_certificate,true
L-101290,income_verification,true
L-101290,title_report,true
L-101291,title_report,false
L-101291,promissory_note,true
L-101292,title_report,false
L-101292,income_verification,true
L-101292,appraisal_report,true
L-101293,appraisal_report,true
L-101294,income_verification,true
L-101294,deed_of_trust,true
L-101294,title_report,false
L-101295,title_report,true
L-101295,promissory_note,true
L-101296,deed_of_trust,true
L-101296,appraisal_report,true
L-101297,promissory_note,true
L-101297,insurance_certificate,true
L-101297,title_report,true
L-101298,promissory_note,true
L-101298,income_verification,true
L-101299,promissory_note,true
L-101300,insurance_certificate,true
L-101301,insurance_certificate,true
L-101301,promissory_note,true
L-101302,promissory_note,true
L-101303,deed_of_trust,true
L-101303,title_report,true
L-101304,insurance_certificate,true
L-101305,insurance_certificate,true
L-101305,income_verification,true
L-101306,insurance_certificate,true
L-101306,title_report,true
L-101307,title_report,true
L-101308,insurance_certificate,true
L-101308,title_report,true
L-101309,deed_of_trust,true
L-101310,title_report,true
L-101310,insurance_certificate,true
L-101310,appraisal_report,false
L-101311,income_verification,true
L-101311,insurance_certificate,true
L-101311,appraisal_report,true
L-101312,promissory_note,true
L-101312,income_verification,true
L-101312,title_report,true
L-101313,appraisal_report,false
L-101314,deed_of_trust,true
L-101315,deed_of_trust,true
L-101315,insurance_certificate,true
L-101315,title_report,true
L-101316,income_verification,false
L-101317,appraisal_report,true
L-101317,promissory_note,true
L-101317,deed_of_trust,true
L-101318,insurance_certificate,true
L-101319,income_verification,true
L-101319,promissory_note,true
L-101319,deed_of_trust,true
L-101320,appraisal_report,true
L-101321,insurance_certificate,true
L-101321,title_report,true
L-101322,deed_of_trust,true
L-101322,insurance_certificate,true
L-101323,title_report,true
L-101323,promissory_note,true
L-101324,income_verification,true
L-101325,insurance_certificate,true
L-101325,deed_of_trust,true
L-101325,promissory_note,true
L-101326,insurance_certificate,true
L-101327,deed_of_trust,false
L-101328,appraisal_report,false
L-101328,title_report,true
L-101328,insurance_certificate,true
L-101329,deed_of_trust,true
L-101330,promissory_note,true
L-101330,title_report,true
L-101331,appraisal_report,true
L-101331,insurance_certificate,true
L-101331,income_verification,true
L-101332,income_verification,true
L-101333,appraisal_report,true
L-101333,insurance_certificate,true
L-101334,title_report,true
L-101334,appraisal_report,true
L-101335,deed_of_trust,false
L-101335,title_report,true
L-101335,income_verification,true
L-101336,promissory_note,true
L-101336,appraisal_report,true
L-101336,deed_of_trust,true
L-101337,deed_of_trust,true
L-101337,title_report,true
L-101338,appraisal_report,true
L-101338,promissory_note,true
L-101339,income_verification,true
L-101339,promissory_note,true
L-101339,insurance_certificate,true
L-101340,income_verification,true
L-101340,insurance_certificate,false
L-101341,deed_of_trust,true
L-101341,title_report,false
L-101342,promissory_note,true
L-101343,income_verification,true
L-101343,insurance_certificate,true
L-101343,promissory_note,false
L-101344,promissory_note,true
L-101344,insurance_certificate,true
L-101344,deed_of_trust,false
L-101345,appraisal_report,true
L-101345,promissory_note,false
L-101345,deed_of_trust,true
L-101346,insurance_certificate,true
L-101347,deed_of_trust,true
L-101347,appraisal_report,true
L-101347,income_verification,true
L-101348,insurance_certificate,true
L-101349,appraisal_report,true
L-101349,insurance_certificate,true
L-101349,title_report,true
L-101350,promissory_note,true
L-101350,deed_of_trust,true
L-101351,title_report,true
L-101352,promissory_note,true
L-101352,title_report,true
L-101353,deed_of_trust,true
L-101353,promissory_note,true
L-101353,appraisal_report,true
L-101354,deed_of_trust,true
L-101355,deed_of_trust,false
L-101356,appraisal_report,true
L-101357,insurance_certificate,true
L-101357,appraisal_report,true
L-101358,title_report,true
L-101358,income_verification,true
L-101358,insurance_certificate,true
L-101359,income_verification,true
L-101360,income_verification,true
L-101360,deed_of_trust,true
L-101361,insurance_certificate,true
L-101361,deed_of_trust,true
L-101362,deed_of_trust,true
L-101362,income_verification,true
L-101362,title_report,true
L-101363,appraisal_report,true
L-101363,promissory_note,true
L-101364,appraisal_report,true
L-101365,insurance_certificate,true
L-101365,promissory_note,true
L-101366,appraisal_report,true
L-101367,insurance_certificate,true
L-101368,insurance_certificate,true
L-101368,deed_of_trust,true
L-101368,income_verification,true
L-101369,insurance_certificate,true
L-101370,promissory_note,true
L-101371,income_verification,true
L-101371,title_report,true
L-101371,insurance_certificate,true
L-101372,title_report,true
L-101373,appraisal_report,true
L-101374,insurance_certificate,true
L-101375,insurance_certificate,true
L-101376,insurance_certificate,true
L-101377,insurance_certificate,true
L-101377,promissory_note,true
L-101377,appraisal_report,true
L-101378,title_report,true
L-101378,promissory_note,false
L-101379,deed_of_trust,true
L-101379,title_report,true
L-101379,promissory_note,true
L-101380,promissory_note,true
L-101380,title_report,true
L-101381,income_verification,false
L-101381,promissory_note,true
L-101381,appraisal_report,true
L-101382,income_verification,true
L-101383,title_report,true
L-101383,deed_of_trust,true
L-101384,promissory_note,true
L-101385,promissory_note,true
L-101385,income_verification,true
L-101385,appraisal_report,true
L-101386,deed_of_trust,true
L-101387,income_verification,true
L-101387,deed_of_trust,true
L-101387,insurance_certificate,true
L-101388,insurance_certificate,true
L-101389,income_verification,true
L-101390,appraisal_report,true
L-101390,insurance_certificate,true
L-101390,promissory_note,true
L-101391,deed_of_trust,true
L-101392,promissory_note,true
L-101392,insurance_certificate,true
L-101393,insurance_certificate,true
L-101394,appraisal_report,true
L-101395,appraisal_report,true
L-101395,insurance_certificate,false
L-101396,deed_of_trust,true
L-101396,insurance_certificate,true
L-101396,title_report,true
L-101397,income_verification,true
L-101397,appraisal_report,false
L-101397,promissory_note,true
L-101398,deed_of_trust,true
L-101398,income_verification,true
L-101398,title_report,true
L-101399,deed_of_trust,true
L-101399,title_report,true
L-101399,income_verification,false
L-101400,promissory_note,true
L-101400,appraisal_report,true
L-101400,title_report,true
L-101401,appraisal_report,true
L-101401,promissory_note,true
L-101401,income_verification,true
L-101402,title_report,false
L-101402,deed_of_trust,true
L-101403,income_verification,true
L-101403,appraisal_report,true
L-101404,appraisal_report,true
L-101404,income_verification,true
L-101404,title_report,true
L-101405,deed_of_trust,false
L-101405,promissory_note,true
L-101405,insurance_certificate,true
L-101406,deed_of_trust,true
L-101407,appraisal_report,true
L-101408,promissory_note,true
L-101409,deed_of_trust,true
L-101409,title_report,true
L-101409,insurance_certificate,true
L-101410,insurance_certificate,true
L-101410,appraisal_report,false
L-101411,deed_of_trust,false
L-101412,income_verification,true
L-101413,income_verification,true
L-101413,title_report,true
L-101414,income_verification,true
L-101414,appraisal_report,true
L-101415,income_verification,true
L-101415,promissory_note,true
L-101416,promissory_note,true
L-101416,insurance_certificate,true
L-101417,promissory_note,true
L-101418,promissory_note,true
L-101418,income_verification,true
L-101419,promissory_note,true
L-101419,appraisal_report,true
L-101420,promissory_note,true
L-101420,appraisal_report,true
L-101420,income_verification,true
L-101421,title_report,true
L-101421,appraisal_report,true
L-101422,appraisal_report,true
L-101423,promissory_note,true
L-101423,title_report,true
L-101424,title_report,true
L-101424,deed_of_trust,true
L-101424,income_verification,true
L-101425,title_report,false
L-101425,promissory_note,true
L-101426,title_report,true
L-101426,appraisal_report,true
L-101426,insurance_certificate,true
L-101427,appraisal_report,true
L-101427,promissory_note,true
L-101427,insurance_certificate,true
L-101428,promissory_note,true
L-101429,title_report,false
L-101430,promissory_note,false
L-101430,insurance_certificate,false
L-101430,title_report,true
L-101431,income_verification,true
L-101431,promissory_note,false
L-101431,title_report,true
L-101432,appraisal_report,true
L-101432,deed_of_trust,true
L-101432,insurance_certificate,true
L-101433,appraisal_report,true
L-101434,appraisal_report,true
L-101435,insurance_certificate,false
L-101435,title_report,true
L-101436,insurance_certificate,false
L-101436,income_verification,true
L-101437,appraisal_report,true
L-101437,insurance_certificate,true
L-101438,insurance_certificate,true
L-101438,appraisal_report,true
L-101438,promissory_note,true
L-101439,insurance_certificate,true
L-101439,income_verification,false
L-101440,insurance_certificate,true
L-101440,deed_of_trust,true
L-101440,income_verification,true
L-101441,insurance_certificate,true
L-101441,income_verification,true
L-101441,promissory_note,true
L-101442,deed_of_trust,true
L-101442,title_report,true
L-101443,appraisal_report,false
L-101443,insurance_certificate,false
L-101443,promissory_note,true
L-101444,appraisal_report,true
L-101444,insurance_certificate,true
L-101444,deed_of_trust,true
L-101445,appraisal_report,false
L-101445,promissory_note,true
L-101446,deed_of_trust,true
L-101446,income_verification,true
L-101447,insurance_certificate,true
L-101447,title_report,true
L-101447,appraisal_report,true
L-101448,income_verification,true
L-101448,deed_of_trust,false
L-101448,title_report,true
L-101449,promissory_note,false
L-101449,title_report,true
L-101449,appraisal_report,true
L-101450,deed_of_trust,true
L-101450,title_report,true
L-101451,income_verification,true
L-101452,promissory_note,true
L-101452,deed_of_trust,true
L-101452,appraisal_report,true
L-101453,title_report,false
L-101453,appraisal_report,true
L-101453,income_verification,true
L-101454,promissory_note,true
L-101455,insurance_certificate,true
L-101455,appraisal_report,true
L-101456,promissory_note,true
L-101457,promissory_note,true
L-101458,income_verification,true
L-101458,appraisal_report,true
L-101458,deed_of_trust,true
L-101459,deed_of_trust,true
L-101460,appraisal_report,true
L-101460,title_report,true
L-101461,income_verification,true
L-101461,title_report,false
L-101461,promissory_note,true
L-101462,promissory_note,true
L-101463,appraisal_report,true
L-101464,promissory_note,true
L-101465,insurance_certificate,true
L-101466,deed_of_trust,false
L-101467,insurance_certificate,true
L-101467,deed_of_trust,false
L-101468,income_verification,true
L-101468,appraisal_report,true
L-101468,deed_of_trust,false
L-101469,appraisal_report,true
L-101469,deed_of_trust,true
L-101470,promissory_note,true
L-101470,income_verification,true
L-101470,appraisal_report,false
L-101471,title_report,true
L-101471,income_verification,true
L-101471,appraisal_report,true
L-101472,promissory_note,false
L-101472,income_verification,true
L-101472,deed_of_trust,false
L-101473,appraisal_report,true
L-101474,promissory_note,false
L-101474,income_verification,true
L-101475,income_verification,true
L-101476,title_report,true
L-101476,income_verification,true
L-101477,promissory_note,true
L-101478,insurance_certificate,true
L-101478,promissory_note,true
L-101479,deed_of_trust,true
L-101479,insurance_certificate,true
L-101480,appraisal_report,true
L-101480,title_report,false
L-101481,insurance_certificate,true
L-101481,deed_of_trust,true
L-101482,title_report,true
L-101482,insurance_certificate,true
L-101482,promissory_note,true
L-101483,deed_of_trust,true
L-101484,appraisal_report,true
L-101484,title_report,true
L-101485,appraisal_report,true
L-101485,deed_of_trust,true
L-101486,deed_of_trust,true
L-101486,appraisal_report,true
L-101486,promissory_note,true
L-101487,promissory_note,true
L-101487,deed_of_trust,true
L-101487,title_report,true
L-101488,deed_of_trust,true
L-101488,promissory_note,true
L-101489,appraisal_report,true
L-101489,income_verification,true
L-101490,insurance_certificate,true
L-101490,title_report,true
L-101490,appraisal_report,true
L-101491,title_report,true
L-101491,promissory_note,true
L-101491,insurance_certificate,true
L-101492,promissory_note,true
L-101492,deed_of_trust,true
L-101492,income_verification,true
L-101493,promissory_note,true
L-101494,title_report,true
L-101494,promissory_note,false
L-101494,appraisal_report,false
L-101495,insurance_certificate,true
L-101495,appraisal_report,true
L-101495,promissory_note,true
L-101496,title_report,true
L-101496,income_verification,false
L-101496,deed_of_trust,true
L-101497,insurance_certificate,true
L-101498,insurance_certificate,false
L-101498,appraisal_report,true
L-101499,title_report,true
L-101499,promissory_note,true
L-101499,insurance_certificate,true
L-101500,income_verification,true
L-101501,income_verification,true
L-101501,appraisal_report,true
L-101501,insurance_certificate,true
L-101502,title_report,true
L-101502,insurance_certificate,true
L-101503,title_report,false
L-101503,appraisal_report,true
L-101503,income_verification,true
L-101504,title_report,false
L-101504,income_verification,true
L-101505,insurance_certificate,true
L-101505,deed_of_trust,true
L-101506,title_report,true
L-101506,deed_of_trust,true
L-101507,title_report,true
L-101507,income_verification,false
L-101507,deed_of_trust,true
L-101508,promissory_note,true
L-101508,deed_of_trust,false
L-101509,insurance_certificate,true
L-101509,income_verification,true
L-101509,appraisal_report,true
L-101510,insurance_certificate,true
L-101510,income_verification,true
L-101511,deed_of_trust,true
L-101511,promissory_note,true
L-101512,title_report,true
L-101512,promissory_note,true
L-101512,appraisal_report,true
L-101513,income_verification,true
L-101514,deed_of_trust,true
L-101514,title_report,true
L-101515,income_verification,true
L-101516,appraisal_report,true
L-101517,income_verification,true
L-101518,income_verification,true
L-101519,insurance_certificate,true
L-101519,promissory_note,false
L-101520,income_verification,true
L-101520,title_report,true
L-101521,insurance_certificate,true
L-101522,income_verification,true
L-101522,insurance_certificate,true
L-101522,promissory_note,true
L-101523,income_verification,true
L-101524,appraisal_report,true
L-101524,insurance_certificate,true
L-101524,title_report,true
L-101525,income_verification,true
L-101525,deed_of_trust,true
L-101526,promissory_note,true
L-101527,title_report,true
L-101527,insurance_certificate,true
L-101527,income_verification,false
L-101528,insurance_certificate,true
L-101529,appraisal_report,true
L-101529,promissory_note,true
L-101530,promissory_note,true
L-101530,deed_of_trust,false
L-101531,insurance_certificate,true
L-101531,appraisal_report,true
L-101532,deed_of_trust,true
L-101532,promissory_note,false
L-101532,income_verification,true
L-101533,appraisal_report,true
L-101533,income_verification,true
L-101534,insurance_certificate,true
L-101534,deed_of_trust,false
L-101534,income_verification,true
L-101535,insurance_certificate,true
L-101536,appraisal_report,true
L-101536,deed_of_trust,true
L-101536,insurance_certificate,true
L-101537,income_verification,true
L-101538,income_verification,true
L-101539,income_verification,true
L-101539,title_report,true
L-101539,insurance_certificate,true
L-101540,title_report,true
L-101540,income_verification,true
L-101541,promissory_note,true
L-101541,insurance_certificate,true
L-101541,appraisal_report,true
L-101542,insurance_certificate,true
L-101542,title_report,false
L-101543,title_report,true
L-101543,deed_of_trust,true
L-101543,appraisal_report,true
L-101544,promissory_note,true
L-101544,title_report,true
L-101545,deed_of_trust,false
L-101545,income_verification,true
L-101546,appraisal_report,true
L-101547,promissory_note,true
L-101547,title_report,true
L-101547,insurance_certificate,true
L-101548,deed_of_trust,true
L-101548,income_verification,true
L-101548,promissory_note,true
L-101549,title_report,false
L-101549,appraisal_report,true
L-101550,title_report,true
L-101551,insurance_certificate,true
L-101552,insurance_certificate,true
L-101552,deed_of_trust,true
L-101552,title_report,true
L-101553,appraisal_report,true
L-101553,insurance_certificate,true
L-101554,deed_of_trust,true
L-101554,promissory_note,true
L-101555,insurance_certificate,true
L-101555,income_verification,true
L-101556,insurance_certificate,true
L-101556,deed_of_trust,true
L-101557,appraisal_report,true
L-101558,promissory_note,true
L-101558,deed_of_trust,true
L-101558,insurance_certificate,true
L-101559,promissory_note,true
L-101560,appraisal_report,true
L-101560,promissory_note,true
L-101560,insurance_certificate,true
L-101561,promissory_note,true
L-101561,title_report,true
L-101561,appraisal_report,true
L-101562,deed_of_trust,true
L-101563,insurance_certificate,true
L-101564,promissory_note,true
L-101564,deed_of_trust,true
L-101564,income_verification,true
L-101565,insurance_certificate,true
L-101566,promissory_note,true
L-101566,deed_of_trust,true
L-101566,insurance_certificate,true
L-101567,promissory_note,true
L-101567,income_verification,true
L-101568,insurance_certificate,true
L-101568,appraisal_report,true
L-101569,title_report,true
L-101570,insurance_certificate,true
L-101570,promissory_note,true
L-101571,title_report,true
L-101572,insurance_certificate,true
L-101573,deed_of_trust,true
L-101574,promissory_note,true
L-101574,income_verification,true
L-101575,appraisal_report,false
L-101575,insurance_certificate,true
L-101575,deed_of_trust,true
L-101576,insurance_certificate,true
L-101576,promissory_note,true
L-101576,appraisal_report,true
L-101577,income_verification,false
L-101578,promissory_note,true
L-101578,insurance_certificate,true
L-101579,income_verification,true
L-101579,deed_of_trust,true
L-101579,appraisal_report,true
L-101580,appraisal_report,true
L-101580,title_report,true
L-101581,income_verification,true
L-101582,income_verification,true
L-101583,insurance_certificate,false
L-101583,promissory_note,true
L-101584,promissory_note,true
L-101584,title_report,false
L-101585,insurance_certificate,true
L-101586,appraisal_report,true
L-101586,title_report,true
L-101587,income_verification,true
L-101587,title_report,true
L-101588,title_report,true
L-101589,promissory_note,true
L-101589,income_verification,true
L-101590,deed_of_trust,true
L-101590,promissory_note,true
L-101591,insurance_certificate,true
L-101592,insurance_certificate,true
L-101592,appraisal_report,true
L-101592,deed_of_trust,false
L-101593,appraisal_report,true
L-101593,income_verification,true
L-101594,promissory_note,false
L-101594,deed_of_trust,true
L-101594,title_report,true
L-101595,appraisal_report,true
L-101596,income_verification,true
L-101596,appraisal_report,true
L-101597,income_verification,true
L-101598,insurance_certificate,true
L-101599,insurance_certificate,true
L-101600,deed_of_trust,true
L-101600,title_report,true
L-101601,title_report,true
L-101601,income_verification,true
L-101602,promissory_note,false
L-101602,deed_of_trust,true
L-101603,insurance_certificate,true
L-101603,appraisal_report,false
L-101603,title_report,true
L-101604,income_verification,true
L-101604,insurance_certificate,true
L-101604,title_report,true
L-101605,promissory_note,true
L-101605,appraisal_report,true
L-101605,deed_of_trust,true
L-101606,deed_of_trust,false
L-101606,income_verification,true
L-101606,insurance_certificate,true
L-101607,deed_of_trust,true
L-101607,appraisal_report,true
L-101608,title_report,true
L-101608,promissory_note,true
L-101609,appraisal_report,true
L-101609,title_report,true
L-101610,appraisal_report,true
L-101610,deed_of_trust,true
L-101611,insurance_certificate,true
L-101611,appraisal_report,true
L-101612,deed_of_trust,true
L-101612,insurance_certificate,true
L-101613,appraisal_report,false
L-101613,insurance_certificate,true
L-101614,appraisal_report,true
L-101614,promissory_note,true
L-101615,income_verification,false
L-101615,appraisal_report,true
L-101616,insurance_certificate,true
L-101617,appraisal_report,true
L-101618,income_verification,true
L-101619,deed_of_trust,true
L-101619,income_verification,true
L-101619,appraisal_report,true
L-101620,deed_of_trust,true
L-101620,insurance_certificate,true
L-101621,title_report,true
L-101621,appraisal_report,true
L-101622,deed_of_trust,true
L-101623,promissory_note,true
L-101623,appraisal_report,false
L-101624,appraisal_report,true
L-101624,title_report,true
L-101625,insurance_certificate,true
L-101625,income_verification,true
L-101625,title_report,true
L-101626,promissory_note,false
L-101627,title_report,true
L-101627,deed_of_trust,false
L-101627,insurance_certificate,true
L-101628,appraisal_report,true
L-101629,insurance_certificate,true
L-101629,income_verification,true
L-101629,appraisal_report,true
L-101630,appraisal_report,false
L-101630,insurance_certificate,true
L-101630,title_report,true
L-101631,appraisal_report,true
L-101632,promissory_note,true
L-101633,appraisal_report,true
L-101634,income_verification,true
L-101634,promissory_note,true
L-101634,deed_of_trust,true
L-101635,deed_of_trust,true
L-101636,appraisal_report,true
L-101637,insurance_certificate,true
L-101637,deed_of_trust,true
L-101638,title_report,true
L-101639,deed_of_trust,false
L-101639,title_report,true
L-101640,insurance_certificate,true
L-101640,appraisal_report,true
L-101640,income_verification,true
L-101641,deed_of_trust,true
L-101641,insurance_certificate,true
L-101642,income_verification,true
L-101642,insurance_certificate,true
L-101642,promissory_note,true
L-101643,income_verification,true
L-101643,deed_of_trust,true
L-101644,deed_of_trust,true
L-101644,insurance_certificate,true
L-101645,appraisal_report,false
L-101645,insurance_certificate,true
L-101646,insurance_certificate,true
L-101647,income_verification,true
L-101648,title_report,true
L-101648,income_verification,true
L-101648,insurance_certificate,true
L-101649,appraisal_report,true
L-101649,title_report,true
L-101650,income_verification,true
L-101651,appraisal_report,true
L-101651,deed_of_trust,true
L-101651,insurance_certificate,true
L-101652,insurance_certificate,true
L-101653,title_report,true
L-101653,promissory_note,false
L-101654,title_report,true
L-101655,appraisal_report,true
L-101655,promissory_note,true
L-101656,deed_of_trust,true
L-101656,appraisal_report,true
L-101656,title_report,true
L-101657,insurance_certificate,true
L-101658,title_report,true
L-101658,deed_of_trust,true
L-101659,appraisal_report,true
L-101660,appraisal_report,true
L-101660,deed_of_trust,true
L-101660,income_verification,true
L-101661,deed_of_trust,true
L-101662,deed_of_trust,true
L-101662,income_verification,true
L-101662,appraisal_report,true
L-101663,title_report,true
L-101664,appraisal_report,true
L-101664,insurance_certificate,true
L-101665,promissory_note,true
L-101666,promissory_note,true
L-101666,deed_of_trust,true
L-101667,deed_of_trust,true
L-101667,promissory_note,true
L-101668,income_verification,false
L-101668,promissory_note,true
L-101669,title_report,true
L-101669,promissory_note,true
L-101670,promissory_note,true
L-101670,appraisal_report,true
L-101671,insurance_certificate,true
L-101671,income_verification,true
L-101672,insurance_certificate,true
L-101673,appraisal_report,true
L-101674,deed_of_trust,true
L-101675,promissory_note,false
L-101675,insurance_certificate,true
L-101676,appraisal_report,true
L-101676,promissory_note,true
L-101676,deed_of_trust,true
L-101677,title_report,true
L-101677,insurance_certificate,true
L-101677,income_verification,true
L-101678,appraisal_report,false
L-101678,title_report,true
L-101678,income_verification,true
L-101679,appraisal_report,true
L-101680,promissory_note,true
L-101680,income_verification,true
L-101680,insurance_certificate,true
L-101681,promissory_note,false
L-101681,title_report,true
L-101682,appraisal_report,true
L-101682,promissory_note,true
L-101683,deed_of_trust,true
L-101684,income_verification,true
L-101684,title_report,true
L-101685,income_verification,true
L-101686,title_report,true
L-101687,deed_of_trust,true
L-101687,appraisal_report,true
L-101687,title_report,true
L-101688,deed_of_trust,true
L-101688,insurance_certificate,false
L-101688,title_report,true
L-101689,appraisal_report,true
L-101690,appraisal_report,true
L-101690,income_verification,true
L-101690,promissory_note,true
L-101691,income_verification,true
L-101691,promissory_note,true
L-101691,insurance_certificate,true
L-101692,promissory_note,false
L-101692,title_report,true
L-101692,insurance_certificate,true
L-101693,deed_of_trust,false
L-101694,insurance_certificate,true
L-101695,title_report,true
L-101696,income_verification,true
L-101696,appraisal_report,true
L-101697,income_verification,true
L-101697,insurance_certificate,true
L-101698,insurance_certificate,true
L-101698,appraisal_report,true
L-101698,promissory_note,true
L-101699,appraisal_report,true
L-101700,deed_of_trust,true
L-101700,promissory_note,true
L-101700,insurance_certificate,true
L-101701,deed_of_trust,true
L-101701,income_verification,true
L-101702,income_verification,false
L-101702,title_report,true
L-101703,title_report,true
L-101703,appraisal_report,true
L-101704,promissory_note,true
L-101705,deed_of_trust,true
L-101705,title_report,true
L-101706,insurance_certificate,true
L-101706,deed_of_trust,false
L-101706,income_verification,false
L-101707,income_verification,true
L-101707,title_report,true
L-101708,insurance_certificate,true
L-101708,income_verification,true
L-101709,insurance_certificate,true
L-101709,appraisal_report,true
L-101709,income_verification,false
L-101710,appraisal_report,true
L-101710,income_verification,true
L-101710,insurance_certificate,true
L-101711,appraisal_report,true
L-101712,title_report,true
L-101712,deed_of_trust,true
L-101712,promissory_note,true
L-101713,title_report,true
L-101713,income_verification,false
L-101713,deed_of_trust,true
L-101714,income_verification,true
L-101714,deed_of_trust,true
L-101714,promissory_note,false
L-101715,income_verification,true
L-101715,promissory_note,true
L-101715,deed_of_trust,true
L-101716,insurance_certificate,true
L-101716,deed_of_trust,false
L-101716,title_report,true
L-101717,title_report,true
L-101718,deed_of_trust,true
L-101718,income_verification,true
L-101719,deed_of_trust,true
L-101720,promissory_note,true
L-101720,appraisal_report,false
L-101721,insurance_certificate,false
L-101721,promissory_note,true
L-101722,deed_of_trust,true
L-101723,insurance_certificate,true
L-101723,deed_of_trust,true
L-101724,title_report,true
L-101724,insurance_certificate,true
L-101725,promissory_note,true
L-101726,income_verification,true
L-101726,promissory_note,true
L-101726,insurance_certificate,true
L-101727,deed_of_trust,true
L-101727,title_report,true
L-101728,deed_of_trust,true
L-101728,insurance_certificate,true
L-101729,title_report,true
L-101730,appraisal_report,true
L-101730,deed_of_trust,true
L-101730,promissory_note,true
L-101731,insurance_certificate,true
L-101731,appraisal_report,true
L-101731,deed_of_trust,true
L-101732,title_report,true
L-101733,promissory_note,true
L-101734,income_verification,false
L-101734,insurance_certificate,true
L-101735,title_report,false
L-101735,promissory_note,true
L-101735,deed_of_trust,true
L-101736,appraisal_report,true
L-101736,insurance_certificate,true
L-101737,income_verification,true
L-101738,deed_of_trust,true
L-101738,promissory_note,true
L-101739,deed_of_trust,true
L-101739,insurance_certificate,true
L-101740,income_verification,true
L-101740,title_report,true
L-101740,insurance_certificate,true
L-101741,title_report,true
L-101741,appraisal_report,true
L-101741,insurance_certificate,true
L-101742,insurance_certificate,true
L-101743,deed_of_trust,true
L-101743,promissory_note,false
L-101744,deed_of_trust,true
L-101744,appraisal_report,true
L-101745,appraisal_report,true
L-101745,insurance_certificate,true
L-101745,income_verification,true
L-101746,income_verification,false
L-101747,insurance_certificate,true
L-101747,deed_of_trust,true
L-101747,title_report,true
L-101748,promissory_note,true
L-101748,deed_of_trust,true
L-101749,insurance_certificate,false
L-101750,deed_of_trust,true
L-101750,title_report,true
L-101750,income_verification,true
L-101751,promissory_note,true
L-101751,appraisal_report,false
L-101751,insurance_certificate,true
L-101752,appraisal_report,false
L-101752,income_verification,true
L-101752,promissory_note,true
L-101753,title_report,true
L-101754,promissory_note,true
L-101754,income_verification,true
L-101755,appraisal_report,false
L-101755,income_verification,true
L-101755,promissory_note,false
L-101756,income_verification,true
L-101756,promissory_note,true
L-101757,promissory_note,true
L-101757,deed_of_trust,true
L-101758,income_verification,false
L-101758,title_report,true
L-101758,insurance_certificate,true
L-101759,deed_of_trust,true
L-101759,title_report,true
L-101759,insurance_certificate,true
L-101760,insurance_certificate,true
L-101760,appraisal_report,false
L-101760,title_report,true
L-101761,title_report,true
L-101762,insurance_certificate,true
L-101762,title_report,true
L-101762,deed_of_trust,true
L-101763,appraisal_report,true
L-101764,insurance_certificate,true
L-101764,deed_of_trust,true
L-101764,promissory_note,false
L-101765,deed_of_trust,true
L-101765,appraisal_report,false
L-101765,insurance_certificate,true
L-101766,title_report,true
L-101766,promissory_note,true
L-101767,deed_of_trust,true
L-101767,title_report,true
L-101768,income_verification,true
L-101769,appraisal_report,true
L-101770,deed_of_trust,true
L-101771,insurance_certificate,true
L-101772,deed_of_trust,true
L-101772,promissory_note,true
L-101772,appraisal_report,true
L-101773,insurance_certificate,true
L-101773,deed_of_trust,true
L-101773,income_verification,true
L-101774,insurance_certificate,true
L-101774,deed_of_trust,true
L-101775,appraisal_report,true
L-101775,income_verification,true
L-101775,deed_of_trust,true
L-101776,income_verification,true
L-101776,deed_of_trust,true
L-101776,title_report,false
L-101777,title_report,true
L-101777,income_verification,false
L-101777,promissory_note,true
L-101778,promissory_note,true
L-101778,income_verification,true
L-101778,appraisal_report,true
L-101779,income_verification,true
L-101779,insurance_certificate,true
L-101779,promissory_note,false
L-101780,income_verification,true
L-101780,insurance_certificate,true
L-101781,title_report,true
L-101781,income_verification,true
L-101782,insurance_certificate,true
L-101783,title_report,true
L-101783,appraisal_report,true
L-101784,appraisal_report,true
L-101784,promissory_note,true
L-101784,deed_of_trust,true
L-101785,insurance_certificate,true
L-101786,appraisal_report,true
L-101787,title_report,true
L-101788,appraisal_report,true
L-101788,insurance_certificate,true
L-101789,income_verification,true
L-101789,title_report,true
L-101789,appraisal_report,true
L-101790,insurance_certificate,true
L-101791,appraisal_report,true
L-101792,insurance_certificate,true
L-101793,insurance_certificate,true
L-101794,appraisal_report,true
L-101794,insurance_certificate,true
L-101795,title_report,false
L-101796,deed_of_trust,true
L-101796,income_verification,true
L-101797,appraisal_report,true
L-101798,deed_of_trust,true
L-101798,appraisal_report,true
L-101799,title_report,true
L-101800,income_verification,true
L-101800,promissory_note,false
L-101801,deed_of_trust,true
L-101801,appraisal_report,true
L-101802,deed_of_trust,true
L-101802,title_report,true
L-101802,promissory_note,true
L-101803,promissory_note,true
L-101803,income_verification,false
L-101803,insurance_certificate,true
L-101804,promissory_note,true
L-101805,appraisal_report,true
L-101805,title_report,true
L-101806,promissory_note,true
L-101806,deed_of_trust,true
L-101806,appraisal_report,true
L-101807,deed_of_trust,true
L-101808,promissory_note,true
L-101808,income_verification,true
L-101809,appraisal_report,false
L-101810,appraisal_report,false
L-101810,income_verification,true
L-101811,income_verification,true
L-101811,title_report,true
L-101811,insurance_certificate,true
L-101812,appraisal_report,true
L-101812,insurance_certificate,true
L-101812,income_verification,true
L-101813,appraisal_report,true
L-101813,deed_of_trust,true
L-101813,promissory_note,true
L-101814,promissory_note,true
L-101814,title_report,true
L-101815,title_report,true
L-101816,promissory_note,true
L-101817,insurance_certificate,true
L-101817,income_verification,true
L-101818,income_verification,true
L-101818,appraisal_report,true
L-101819,insurance_certificate,true
L-101819,title_report,true
L-101820,deed_of_trust,true
L-101820,promissory_note,true
L-101821,title_report,true
L-101822,income_verification,true
L-101822,appraisal_report,false
L-101823,promissory_note,true
L-101823,deed_of_trust,true
L-101824,promissory_note,true
L-101824,title_report,true
L-101824,appraisal_report,true
L-101825,title_report,true
L-101825,promissory_note,true
L-101825,income_verification,true
L-101826,deed_of_trust,true
L-101826,title_report,true
L-101827,insurance_certificate,true
L-101827,income_verification,false
L-101828,income_verification,true
L-101828,promissory_note,true
L-101828,insurance_certificate,true
L-101829,income_verification,true
L-101830,insurance_certificate,true
L-101830,appraisal_report,true
L-101830,title_report,true
L-101831,insurance_certificate,true
L-101831,promissory_note,true
L-101831,appraisal_report,true
L-101832,promissory_note,true
L-101832,title_report,true
L-101832,deed_of_trust,true
L-101833,insurance_certificate,true
L-101834,appraisal_report,true
L-101834,income_verification,true
L-101835,deed_of_trust,true
L-101835,promissory_note,true
L-101835,income_verification,true
L-101836,income_verification,true
L-101836,appraisal_report,true
L-101836,insurance_certificate,true
L-101837,insurance_certificate,true
L-101837,promissory_note,true
L-101837,appraisal_report,true
L-101838,deed_of_trust,true
L-101838,promissory_note,true
L-101839,appraisal_report,true
L-101840,promissory_note,true
L-101841,title_report,true
L-101841,promissory_note,true
L-101842,insurance_certificate,false
L-101843,deed_of_trust,true
L-101843,promissory_note,true
L-101843,title_report,true
L-101844,promissory_note,true
L-101845,appraisal_report,true
L-101845,deed_of_trust,true
L-101846,promissory_note,true
L-101847,insurance_certificate,true
L-101847,appraisal_report,true
L-101848,income_verification,true
L-101848,promissory_note,true
L-101849,promissory_note,true
L-101849,deed_of_trust,true
L-101850,income_verification,true
L-101850,promissory_note,true
L-101851,insurance_certificate,true
L-101851,appraisal_report,true
L-101852,appraisal_report,true
L-101852,insurance_certificate,true
L-101853,insurance_certificate,true
L-101853,income_verification,true
L-101854,promissory_note,true
L-101854,appraisal_report,true
L-101855,insurance_certificate,true
L-101855,promissory_note,false
L-101856,deed_of_trust,true
L-101856,promissory_note,true
L-101856,income_verification,true
L-101857,appraisal_report,true
L-101858,insurance_certificate,true
L-101859,deed_of_trust,true
L-101859,title_report,true
L-101859,appraisal_report,true
L-101860,insurance_certificate,true
L-101860,promissory_note,true
L-101861,deed_of_trust,true
L-101861,appraisal_report,true
L-101862,insurance_certificate,true
L-101862,title_report,true
L-101863,deed_of_trust,true
L-101863,appraisal_report,true
L-101864,title_report,true
L-101865,insurance_certificate,false
L-101865,appraisal_report,true
L-101866,appraisal_report,true
L-101867,insurance_certificate,true
L-101868,promissory_note,true
L-101869,deed_of_trust,true
L-101869,promissory_note,true
L-101869,title_report,true
L-101870,deed_of_trust,true
L-101870,title_report,true
L-101870,promissory_note,true
L-101871,income_verification,true
L-101871,promissory_note,true
L-101871,insurance_certificate,true
L-101872,appraisal_report,true
L-101872,deed_of_trust,true
L-101872,insurance_certificate,true
L-101873,insurance_certificate,true
L-101874,title_report,true
L-101875,deed_of_trust,false
L-101876,deed_of_trust,true
L-101877,appraisal_report,true
L-101878,deed_of_trust,true
L-101879,promissory_note,true
L-101879,appraisal_report,true
L-101879,deed_of_trust,true
L-101880,appraisal_report,true
L-101880,promissory_note,true
L-101880,income_verification,true
L-101881,promissory_note,true
L-101882,promissory_note,true
L-101882,deed_of_trust,true
L-101883,promissory_note,true
L-101883,insurance_certificate,true
L-101884,appraisal_report,true
L-101884,income_verification,false
L-101885,insurance_certificate,true
L-101886,insurance_certificate,true
L-101886,deed_of_trust,false
L-101886,promissory_note,true
L-101887,appraisal_report,true
L-101887,insurance_certificate,true
L-101887,promissory_note,true
L-101888,appraisal_report,false
L-101888,insurance_certificate,false
L-101889,insurance_certificate,true
L-101889,appraisal_report,true
L-101889,promissory_note,false
L-101890,income_verification,true
L-101891,title_report,true
L-101892,promissory_note,false
L-101892,income_verification,true
L-101893,title_report,true
L-101893,promissory_note,true
L-101894,promissory_note,true
L-101895,insurance_certificate,true
L-101895,title_report,true
L-101895,promissory_note,true
L-101896,insurance_certificate,true
L-101896,title_report,true
L-101896,deed_of_trust,true
L-101897,income_verification,false
L-101898,promissory_note,true
L-101898,appraisal_report,true
L-101898,insurance_certificate,true
L-101899,insurance_certificate,false
L-101900,deed_of_trust,true
L-101901,promissory_note,true
L-101902,income_verification,true
L-101903,promissory_note,true
L-101904,appraisal_report,true
L-101904,insurance_certificate,true
L-101905,insurance_certificate,true
L-101906,title_report,true
L-101907,appraisal_report,true
L-101907,promissory_note,true
L-101908,title_report,true
L-101909,insurance_certificate,true
L-101910,income_verification,true
L-101910,insurance_certificate,true
L-101910,promissory_note,false
L-101911,insurance_certificate,true
L-101911,deed_of_trust,true
L-101912,income_verification,true
L-101912,promissory_note,true
L-101912,appraisal_report,true
L-101913,income_verification,true
L-101913,appraisal_report,true
L-101914,insurance_certificate,true
L-101914,promissory_note,false
L-101914,income_verification,true
L-101915,appraisal_report,true
L-101915,title_report,true
L-101915,insurance_certificate,true
L-101916,title_report,true
L-101916,insurance_certificate,true
L-101916,income_verification,false
L-101917,deed_of_trust,true
L-101918,promissory_note,true
L-101918,appraisal_report,true
L-101918,insurance_certificate,true
L-101919,income_verification,true
L-101919,insurance_certificate,true
L-101920,appraisal_report,true
L-101921,appraisal_report,true
L-101921,promissory_note,false
L-101922,appraisal_report,true
L-101922,deed_of_trust,true
L-101923,income_verification,true
L-101923,insurance_certificate,true
L-101924,income_verification,true
L-101925,promissory_note,true
L-101925,deed_of_trust,true
L-101925,income_verification,true
L-101926,appraisal_report,true
L-101926,income_verification,false
L-101927,insurance_certificate,true
L-101928,title_report,true
L-101928,appraisal_report,true
L-101929,income_verification,true
L-101929,title_report,true
L-101930,deed_of_trust,true
L-101930,appraisal_report,true
L-101930,title_report,true
L-101931,insurance_certificate,true
L-101931,title_report,true
L-101931,deed_of_trust,false
L-101932,appraisal_report,true
L-101933,appraisal_report,true
L-101933,title_report,true
L-101934,promissory_note,true
L-101934,appraisal_report,true
L-101935,insurance_certificate,true
L-101936,promissory_note,true
L-101937,promissory_note,true
L-101937,appraisal_report,true
L-101937,title_report,true
L-101938,deed_of_trust,true
L-101938,promissory_note,true
L-101938,appraisal_report,true
L-101939,deed_of_trust,true
L-101939,income_verification,true
L-101940,deed_of_trust,false
L-101941,appraisal_report,true
L-101942,deed_of_trust,true
L-101943,insurance_certificate,true
L-101944,insurance_certificate,true
L-101944,appraisal_report,true
L-101945,title_report,true
L-101945,appraisal_report,true
L-101946,appraisal_report,true
L-101946,insurance_certificate,false
L-101947,title_report,false
L-101947,deed_of_trust,true
L-101948,appraisal_report,false
L-101948,promissory_note,true
L-101949,title_report,true
L-101949,promissory_note,true
L-101949,appraisal_report,true
L-101950,insurance_certificate,true
L-101950,promissory_note,true
L-101950,deed_of_trust,true
L-101951,appraisal_report,true
L-101952,appraisal_report,true
L-101953,promissory_note,true
L-101953,income_verification,true
L-101954,title_report,true
L-101955,appraisal_report,true
L-101955,deed_of_trust,true
L-101956,appraisal_report,true
L-101957,income_verification,true
L-101957,appraisal_report,true
L-101957,deed_of_trust,true
L-101958,income_verification,true
L-101958,insurance_certificate,true
L-101958,promissory_note,true
L-101959,promissory_note,true
L-101959,appraisal_report,true
L-101959,income_verification,true
L-101960,insurance_certificate,true
L-101961,promissory_note,true
L-101962,insurance_certificate,true
L-101962,title_report,true
L-101963,appraisal_report,true
L-101963,deed_of_trust,true
L-101964,appraisal_report,true
L-101964,insurance_certificate,true
L-101964,deed_of_trust,true
L-101965,income_verification,true
L-101965,deed_of_trust,true
L-101965,title_report,true
L-101966,appraisal_report,true
L-101966,income_verification,true
L-101967,promissory_note,true
L-101968,deed_of_trust,false
L-101968,appraisal_report,true
L-101969,appraisal_report,true
L-101970,title_report,true
L-101970,promissory_note,true
L-101970,appraisal_report,false
L-101971,income_verification,true
L-101972,insurance_certificate,true
L-101972,title_report,true
L-101973,income_verification,true
L-101974,promissory_note,false
L-101974,deed_of_trust,true
L-101974,insurance_certificate,true
L-101975,promissory_note,true
L-101975,insurance_certificate,true
L-101976,promissory_note,true
L-101976,deed_of_trust,true
L-101977,deed_of_trust,true
L-101977,title_report,true
L-101977,insurance_certificate,true
L-101978,deed_of_trust,true
L-101978,title_report,true
L-101979,promissory_note,true
L-101979,deed_of_trust,true
L-101979,appraisal_report,true
L-101980,promissory_note,true
L-101980,deed_of_trust,true
L-101980,insurance_certificate,true
L-101981,insurance_certificate,true
L-101981,deed_of_trust,true
L-101982,promissory_note,false
L-101982,income_verification,true
L-101982,insurance_certificate,true
L-101983,appraisal_report,true
L-101984,promissory_note,true
L-101984,income_verification,true
L-101984,appraisal_report,true
L-101985,promissory_note,true
L-101986,appraisal_report,true
L-101987,appraisal_report,true
L-101987,income_verification,true
L-101988,insurance_certificate,true
L-101989,appraisal_report,true
L-101989,promissory_note,false
L-101990,promissory_note,true
L-101990,deed_of_trust,true
L-101991,income_verification,true
L-101991,insurance_certificate,true
L-101992,promissory_note,true
L-101992,deed_of_trust,true
L-101993,appraisal_report,true
L-101993,income_verification,true
L-101994,appraisal_report,true
L-101994,deed_of_trust,true
L-101995,insurance_certificate,true
L-101995,title_report,true
L-101995,appraisal_report,false
L-101996,appraisal_report,true
L-101996,income_verification,true
L-101997,insurance_certificate,true
L-101997,title_report,true
L-101997,deed_of_trust,true
L-101998,appraisal_report,true
L-101998,insurance_certificate,false
L-101998,title_report,false
L-101999,promissory_note,true
L-101999,insurance_certificate,true
L-101999,deed_of_trust,true
L-102000,insurance_certificate,true
L-102000,deed_of_trust,true
L-102000,income_verification,true
L-102001,promissory_note,true
L-102002,promissory_note,true
L-102002,deed_of_trust,true
L-102002,insurance_certificate,true
L-102003,appraisal_report,true
L-102004,title_report,true
L-102004,deed_of_trust,true
L-102004,income_verification,true
L-102005,promissory_note,true
L-102005,insurance_certificate,false
L-102005,deed_of_trust,true
L-102006,appraisal_report,true
L-102006,income_verification,true
L-102007,title_report,true
L-102007,income_verification,true
L-102007,appraisal_report,true
L-102008,deed_of_trust,true
L-102008,promissory_note,true
L-102008,appraisal_report,true
L-102009,income_verification,true
L-102010,title_report,true
L-102010,appraisal_report,true
L-102010,promissory_note,true
L-102011,insurance_certificate,true
L-102011,promissory_note,false
L-102012,appraisal_report,true
L-102012,insurance_certificate,true
L-102013,deed_of_trust,true
L-102014,appraisal_report,true
L-102014,promissory_note,true
L-102015,income_verification,true
L-102015,appraisal_report,true
L-102015,promissory_note,true
L-102016,insurance_certificate,true
L-102016,deed_of_trust,true
L-102017,deed_of_trust,true
L-102017,income_verification,true
L-102018,title_report,true
L-102019,title_report,true
L-102019,appraisal_report,true
L-102020,deed_of_trust,true
L-102020,appraisal_report,true
L-102021,deed_of_trust,true
L-102021,appraisal_report,true
L-102022,income_verification,false
L-102022,insurance_certificate,true
L-102023,title_report,true
L-102023,income_verification,true
L-102023,appraisal_report,true
L-102024,promissory_note,true
L-102024,title_report,true
L-102025,income_verification,true
L-102025,appraisal_report,true
L-102025,insurance_certificate,false
L-102026,appraisal_report,true
L-102026,promissory_note,true
L-102026,income_verification,true
L-102027,appraisal_report,true
L-102027,title_report,true
L-102027,promissory_note,true
L-102028,title_report,true
L-102028,insurance_certificate,true
L-102029,income_verification,true
L-102029,promissory_note,true
L-102030,insurance_certificate,true
L-102030,title_report,true
L-102031,appraisal_report,true
L-102032,promissory_note,true
L-102033,appraisal_report,true
L-102034,deed_of_trust,true
L-102034,insurance_certificate,true
L-102035,insurance_certificate,true
L-102036,appraisal_report,true
L-102036,income_verification,true
L-102036,deed_of_trust,true
L-102037,deed_of_trust,true
L-102037,insurance_certificate,true
L-102037,title_report,true
L-102038,appraisal_report,true
L-102038,income_verification,true
L-102038,deed_of_trust,true
L-102039,promissory_note,true
L-102039,appraisal_report,true
L-102039,deed_of_trust,true
L-102040,insurance_certificate,true
L-102041,title_report,true
L-102042,appraisal_report,true
L-102042,promissory_note,true
L-102043,title_report,true
L-102044,title_report,false
L-102044,promissory_note,true
L-102045,promissory_note,true
L-102045,title_report,true
L-102046,deed_of_trust,false
L-102046,insurance_certificate,false
L-102046,income_verification,true
L-102047,title_report,false
L-102047,deed_of_trust,true
L-102048,insurance_certificate,true
L-102049,insurance_certificate,true
L-102050,income_verification,true
L-102051,insurance_certificate,true
L-102052,deed_of_trust,true
L-102052,promissory_note,true
L-102053,insurance_certificate,true
L-102053,title_report,true
L-102054,income_verification,true
L-102055,insurance_certificate,true
L-102056,promissory_note,true
L-102056,appraisal_report,true
L-102057,appraisal_report,true
L-102057,promissory_note,true
L-102058,insurance_certificate,true
L-102059,deed_of_trust,true
L-102059,promissory_note,true
L-102060,title_report,true
L-102060,deed_of_trust,true
L-102060,insurance_certificate,true
L-102061,title_report,true
L-102062,income_verification,true
L-102062,insurance_certificate,true
L-102063,promissory_note,true
L-102064,deed_of_trust,true
L-102064,promissory_note,true
L-102064,appraisal_report,true
L-102065,deed_of_trust,true
L-102065,insurance_certificate,true
L-102065,income_verification,true
L-102066,income_verification,true
L-102067,promissory_note,true
L-102067,appraisal_report,true
L-102067,title_report,true
L-102068,appraisal_report,true
L-102069,insurance_certificate,true
L-102070,appraisal_report,true
L-102071,promissory_note,true
L-102071,appraisal_report,true
L-102071,income_verification,false
L-102072,promissory_note,true
L-102073,promissory_note,true
L-102073,deed_of_trust,true
L-102073,income_verification,true
L-102074,promissory_note,true
L-102075,deed_of_trust,true
L-102075,income_verification,false
L-102076,title_report,true
L-102077,appraisal_report,true
L-102077,insurance_certificate,true
L-102078,deed_of_trust,false
L-102079,appraisal_report,true
L-102079,title_report,true
L-102079,promissory_note,true
L-102080,promissory_note,true
L-102080,title_report,true
L-102081,deed_of_trust,true
L-102081,appraisal_report,true
L-102082,title_report,true
L-102083,appraisal_report,true
L-102083,income_verification,true
L-102084,title_report,false
L-102084,promissory_note,true
L-102084,insurance_certificate,true
L-102085,deed_of_trust,true
L-102085,appraisal_report,true
L-102085,promissory_note,false
L-102086,income_verification,true
L-102086,title_report,true
L-102086,appraisal_report,true
L-102087,promissory_note,true
L-102087,deed_of_trust,true
L-102087,appraisal_report,true
L-102088,title_report,true
L-102088,appraisal_report,true
L-102088,insurance_certificate,true
L-102089,insurance_certificate,true
L-102089,income_verification,true
L-102090,promissory_note,true
L-102091,promissory_note,true
L-102091,title_report,false
L-102091,deed_of_trust,true
L-102092,appraisal_report,true
L-102093,appraisal_report,true
L-102093,income_verification,true
L-102094,insurance_certificate,true
L-102095,income_verification,true
L-102095,insurance_certificate,true
L-102096,deed_of_trust,true
L-102097,income_verification,true
L-102098,insurance_certificate,true
L-102098,income_verification,true
L-102098,title_report,true
L-102099,deed_of_trust,false
L-102099,promissory_note,true
L-102099,income_verification,false
L-102100,title_report,true
L-102101,deed_of_trust,true
L-102101,promissory_note,true
L-102102,deed_of_trust,true
L-102103,income_verification,false
L-102103,title_report,true
L-102103,appraisal_report,true
L-102104,promissory_note,true
L-102104,insurance_certificate,false
L-102104,title_report,true
L-102105,promissory_note,true
L-102105,title_report,true
L-102106,appraisal_report,true
L-102106,income_verification,true
L-102106,deed_of_trust,true
L-102107,appraisal_report,true
L-102107,income_verification,true
L-102108,title_report,true
L-102109,appraisal_report,true
L-102109,insurance_certificate,true
L-102109,promissory_note,true
L-102110,insurance_certificate,false
L-102111,insurance_certificate,true
L-102112,promissory_note,true
L-102113,promissory_note,true
L-102113,title_report,true
L-102113,deed_of_trust,true
L-102114,income_verification,true
L-102114,promissory_note,true
L-102114,deed_of_trust,true
L-102115,insurance_certificate,true
L-102115,deed_of_trust,true
L-102115,promissory_note,true
L-102116,insurance_certificate,true
L-102116,deed_of_trust,false
L-102117,deed_of_trust,true
L-102117,promissory_note,true
L-102117,income_verification,true
L-102118,deed_of_trust,true
L-102118,appraisal_report,true
L-102118,income_verification,true
L-102119,promissory_note,true
L-102120,insurance_certificate,true
L-102120,promissory_note,true
L-102120,title_report,false
L-102121,title_report,false
L-102121,income_verification,false
L-102121,deed_of_trust,true
L-102122,income_verification,true
L-102123,promissory_note,true
L-102123,deed_of_trust,false
L-102124,insurance_certificate,true
L-102124,promissory_note,true
L-102125,insurance_certificate,true
L-102125,deed_of_trust,true
L-102125,appraisal_report,true
L-102126,title_report,true
L-102126,deed_of_trust,true
L-102127,deed_of_trust,true
L-102128,insurance_certificate,true
L-102129,promissory_note,true
L-102129,insurance_certificate,true
L-102129,appraisal_report,true
L-102130,title_report,true
L-102130,deed_of_trust,true
L-102131,title_report,true
L-102131,deed_of_trust,true
L-102132,appraisal_report,true
L-102133,insurance_certificate,true
L-102134,deed_of_trust,true
L-102134,appraisal_report,true
L-102135,promissory_note,true
L-102135,deed_of_trust,true
L-102136,title_report,true
L-102136,appraisal_report,true
L-102137,income_verification,true
L-102137,title_report,true
L-102138,insurance_certificate,true
L-102139,income_verification,true
L-102139,appraisal_report,true
L-102140,insurance_certificate,false
L-102141,insurance_certificate,true
L-102141,income_verification,true
L-102141,promissory_note,false
L-102142,title_report,true
L-102143,deed_of_trust,false
L-102144,title_report,true
L-102144,promissory_note,true
L-102145,insurance_certificate,true
L-102145,promissory_note,false
L-102145,income_verification,true
L-102146,appraisal_report,true
L-102146,promissory_note,true
L-102146,insurance_certificate,true
L-102147,appraisal_report,true
L-102148,deed_of_trust,false
L-102148,insurance_certificate,true
L-102148,promissory_note,false
L-102149,deed_of_trust,true
L-102150,promissory_note,true
L-102150,appraisal_report,true
L-102151,appraisal_report,true
L-102151,title_report,true
L-102151,insurance_certificate,true
L-102152,deed_of_trust,true
L-102152,title_report,true
L-102152,appraisal_report,false
L-102153,income_verification,true
L-102154,insurance_certificate,true
L-102154,appraisal_report,true
L-102155,income_verification,true
L-102155,title_report,true
L-102155,promissory_note,true
L-102156,insurance_certificate,true
L-102156,promissory_note,false
L-102156,income_verification,true
L-102157,income_verification,true
L-102157,appraisal_report,true
L-102157,deed_of_trust,true
L-102158,insurance_certificate,false
L-102158,appraisal_report,true
L-102158,promissory_note,true
L-102159,deed_of_trust,false
L-102159,appraisal_report,true
L-102160,deed_of_trust,true
L-102160,promissory_note,true
L-102161,promissory_note,true
L-102162,promissory_note,true
L-102162,income_verification,true
L-102163,title_report,false
L-102164,income_verification,false
L-102164,deed_of_trust,true
L-102164,insurance_certificate,true
L-102165,title_report,true
L-102166,income_verification,true
L-102166,promissory_note,true
L-102167,promissory_note,true
L-102167,deed_of_trust,true
L-102168,deed_of_trust,false
L-102168,income_verification,true
L-102168,promissory_note,true
L-102169,title_report,true
L-102170,insurance_certificate,true
L-102170,deed_of_trust,true
L-102170,income_verification,true
L-102171,appraisal_report,true
L-102171,promissory_note,true
L-102171,income_verification,true
L-102172,appraisal_report,true
L-102172,income_verification,true
L-102172,title_report,true
L-102173,insurance_certificate,true
L-102173,deed_of_trust,true
L-102173,appraisal_report,true
L-102174,income_verification,true
L-102175,deed_of_trust,true
L-102175,appraisal_report,true
L-102176,deed_of_trust,true
L-102176,insurance_certificate,true
L-102176,appraisal_report,true
L-102177,title_report,true
L-102178,deed_of_trust,true
L-102178,appraisal_report,true
L-102179,insurance_certificate,true
L-102179,title_report,true
L-102180,deed_of_trust,true
L-102181,deed_of_trust,true
L-102181,title_report,true
L-102182,appraisal_report,true
L-102182,promissory_note,true
L-102182,insurance_certificate,true
L-102183,deed_of_trust,true
L-102183,insurance_certificate,true
L-102184,deed_of_trust,true
L-102184,income_verification,true
L-102184,appraisal_report,true
L-102185,promissory_note,true
L-102186,insurance_certificate,true
L-102186,promissory_note,true
L-102187,insurance_certificate,true
L-102188,deed_of_trust,true
L-102188,title_report,true
L-102188,insurance_certificate,true
L-102189,deed_of_trust,true
L-102190,insurance_certificate,true
L-102191,insurance_certificate,true
L-102192,title_report,true
L-102192,income_verification,true
L-102193,deed_of_trust,true
L-102193,title_report,true
L-102194,promissory_note,true
L-102194,appraisal_report,false
L-102195,insurance_certificate,true
L-102195,deed_of_trust,true
L-102195,title_report,true
L-102196,deed_of_trust,true
L-102197,insurance_certificate,true
L-102197,title_report,false
L-102197,income_verification,false
L-102198,deed_of_trust,true
L-102198,title_report,true
L-102199,income_verification,true
L-102199,promissory_note,true
L-102200,deed_of_trust,true
L-102201,title_report,true
L-102201,appraisal_report,true
L-102202,insurance_certificate,true
L-102202,appraisal_report,true
L-102203,insurance_certificate,true
L-102203,title_report,true
L-102203,appraisal_report,true
L-102204,deed_of_trust,true
L-102205,income_verification,true
L-102205,promissory_note,true
L-102205,title_report,true
L-102206,appraisal_report,true
L-102206,title_report,true
L-102206,deed_of_trust,true
L-102207,deed_of_trust,true
L-102207,insurance_certificate,true
L-102208,promissory_note,true
L-102208,insurance_certificate,true
L-102209,promissory_note,true
L-102210,insurance_certificate,true
L-102211,income_verification,true
L-102212,promissory_note,true
L-102212,appraisal_report,true
L-102213,title_report,true
L-102214,title_report,true
L-102215,deed_of_trust,true
L-102215,insurance_certificate,true
L-102215,income_verification,true
L-102216,income_verification,true
L-102216,title_report,true
L-102217,title_report,true
L-102217,promissory_note,true
L-102218,insurance_certificate,true
L-102218,title_report,true
L-102219,appraisal_report,true
L-102219,title_report,true
L-102220,deed_of_trust,true
L-102221,deed_of_trust,true
L-102222,insurance_certificate,true
L-102222,deed_of_trust,true
L-102222,appraisal_report,true
L-102223,insurance_certificate,true
L-102223,income_verification,true
L-102223,deed_of_trust,true
L-102224,income_verification,true
L-102224,insurance_certificate,true
L-102225,title_report,true
L-102226,insurance_certificate,false
L-102226,appraisal_report,true
L-102227,income_verification,true
L-102228,title_report,true
L-102228,appraisal_report,false
L-102228,insurance_certificate,true
L-102229,deed_of_trust,false
L-102230,income_verification,true
L-102230,appraisal_report,true
L-102231,insurance_certificate,true
L-102231,promissory_note,true
L-102231,appraisal_report,true
L-102232,insurance_certificate,true
L-102232,promissory_note,true
L-102232,appraisal_report,true
L-102233,promissory_note,false
L-102233,insurance_certificate,true
L-102233,appraisal_report,true
L-102234,income_verification,true
L-102234,insurance_certificate,true
L-102234,title_report,true
L-102235,deed_of_trust,false
L-102236,appraisal_report,true
L-102237,deed_of_trust,true
L-102238,deed_of_trust,false
L-102238,income_verification,true
L-102238,insurance_certificate,true
L-102239,appraisal_report,true
L-102239,title_report,true
L-102239,promissory_note,true
L-102240,promissory_note,true
L-102240,insurance_certificate,true
L-102240,title_report,true
L-102241,deed_of_trust,true
L-102241,income_verification,true
L-102241,appraisal_report,true
L-102242,title_report,true
L-102243,deed_of_trust,false
L-102244,promissory_note,true
L-102244,insurance_certificate,true
L-102245,deed_of_trust,true
L-102245,insurance_certificate,false
L-102246,insurance_certificate,true
L-102246,appraisal_report,true
L-102246,title_report,true
L-102247,deed_of_trust,true
L-102247,promissory_note,true
L-102248,deed_of_trust,true
L-102249,insurance_certificate,true
L-102249,income_verification,false
L-102250,appraisal_report,true
L-102250,title_report,false
L-102250,deed_of_trust,false
L-102251,promissory_note,true
L-102251,appraisal_report,true
L-102251,title_report,true
L-102252,deed_of_trust,true
L-102253,title_report,true
L-102254,deed_of_trust,true
L-102255,appraisal_report,true
L-102255,title_report,true
L-102255,insurance_certificate,true
L-102256,promissory_note,true
L-102256,title_report,true
L-102257,title_report,true
L-102257,insurance_certificate,true
L-102257,deed_of_trust,true
L-102258,appraisal_report,true
L-102259,insurance_certificate,true
L-102259,income_verification,true
L-102260,deed_of_trust,true
L-102260,income_verification,true
L-102260,insurance_certificate,true
L-102261,deed_of_trust,true
L-102261,insurance_certificate,true
L-102261,promissory_note,true
L-102262,title_report,true
L-102262,income_verification,true
L-102263,title_report,true
L-102263,insurance_certificate,true
L-102263,deed_of_trust,true
L-102264,title_report,true
L-102265,appraisal_report,true
L-102266,title_report,true
L-102267,appraisal_report,true
L-102267,deed_of_trust,true
L-102268,title_report,true
L-102268,promissory_note,true
L-102268,deed_of_trust,true
L-102269,income_verification,true
L-102270,appraisal_report,true
L-102270,deed_of_trust,true
L-102270,insurance_certificate,true
L-102271,promissory_note,false
L-102272,insurance_certificate,true
L-102272,deed_of_trust,true
L-102273,insurance_certificate,true
L-102274,income_verification,true
L-102274,insurance_certificate,false
L-102275,appraisal_report,true
L-102276,deed_of_trust,true
L-102276,insurance_certificate,true
L-102276,title_report,false
L-102277,income_verification,true
L-102277,deed_of_trust,false
L-102277,title_report,false
L-102278,appraisal_report,true
L-102278,title_report,true
L-102279,deed_of_trust,true
L-102279,income_verification,true
L-102280,insurance_certificate,true
L-102281,insurance_certificate,true
L-102281,deed_of_trust,true
L-102282,deed_of_trust,true
L-102283,promissory_note,true
L-102284,appraisal_report,true
L-102284,insurance_certificate,false
L-102285,title_report,true
L-102285,income_verification,true
L-102285,deed_of_trust,true
L-102286,deed_of_trust,false
L-102287,deed_of_trust,true
L-102287,title_report,true
L-102288,title_report,true
L-102288,promissory_note,true
L-102289,promissory_note,true
L-102290,income_verification,true
L-102291,appraisal_report,true
L-102291,insurance_certificate,true
L-102292,income_verification,true
L-102293,title_report,true
L-102293,appraisal_report,true
L-102294,title_report,true
L-102295,deed_of_trust,true
L-102295,title_report,true
L-102295,promissory_note,true
L-102296,deed_of_trust,true
L-102297,promissory_note,false
L-102298,insurance_certificate,true
L-102299,insurance_certificate,true
L-102300,income_verification,true
L-102301,title_report,true
L-102301,appraisal_report,true
L-102301,insurance_certificate,true
L-102302,promissory_note,true
L-102303,insurance_certificate,true
L-102303,income_verification,true
L-102304,deed_of_trust,true
L-102305,appraisal_report,true
L-102306,appraisal_report,true
L-102306,deed_of_trust,true
L-102306,promissory_note,true
L-102307,insurance_certificate,true
L-102308,insurance_certificate,true
L-102309,title_report,true
L-102309,appraisal_report,true
L-102310,insurance_certificate,true
L-102310,promissory_note,true
L-102311,title_report,true
L-102311,deed_of_trust,false
L-102311,insurance_certificate,true
L-102312,insurance_certificate,true
L-102312,promissory_note,true
L-102312,title_report,true
L-102313,insurance_certificate,true
L-102313,income_verification,false
L-102313,appraisal_report,true
L-102314,promissory_note,true
L-102315,income_verification,true
L-102316,income_verification,true
L-102317,income_verification,true
L-102318,insurance_certificate,true
L-102318,appraisal_report,true
L-102319,title_report,true
L-102319,insurance_certificate,true
L-102319,promissory_note,true
L-102320,income_verification,false
L-102320,title_report,true
L-102320,deed_of_trust,true
L-102321,appraisal_report,true
L-102321,title_report,true
L-102322,title_report,true
L-102323,promissory_note,true
L-102324,promissory_note,true
L-102324,deed_of_trust,true
L-102325,promissory_note,true
L-102326,promissory_note,true
L-102327,income_verification,true
L-102328,income_verification,true
L-102328,deed_of_trust,true
L-102329,deed_of_trust,true
L-102330,appraisal_report,true
L-102330,title_report,true
L-102330,promissory_note,true
L-102331,deed_of_trust,true
L-102332,title_report,true
L-102332,insurance_certificate,true
L-102332,income_verification,true
L-102333,title_report,true
L-102333,appraisal_report,true
L-102334,appraisal_report,true
L-102334,title_report,true
L-102335,insurance_certificate,true
L-102335,deed_of_trust,true
L-102335,title_report,false
L-102336,promissory_note,true
L-102336,appraisal_report,false
L-102337,appraisal_report,true
L-102337,insurance_certificate,false
L-102337,title_report,true
L-102338,appraisal_report,true
L-102338,deed_of_trust,true
L-102339,income_verification,true
L-102339,insurance_certificate,true
L-102339,promissory_note,true
L-102340,income_verification,true
L-102340,insurance_certificate,true
L-102341,deed_of_trust,true
L-102342,title_report,true
L-102342,income_verification,true
L-102342,deed_of_trust,true
L-102343,title_report,true
L-102343,deed_of_trust,true
L-102344,promissory_note,true
L-102344,insurance_certificate,true
L-102344,appraisal_report,true
L-102345,title_report,true
L-102346,title_report,false
L-102347,promissory_note,true
L-102348,deed_of_trust,true
L-102348,appraisal_report,true
L-102348,insurance_certificate,true
L-102349,deed_of_trust,true
L-102350,title_report,true
L-102350,income_verification,true
L-102351,deed_of_trust,true
L-102352,appraisal_report,true
L-102353,deed_of_trust,false
L-102353,title_report,true
L-102353,promissory_note,true
L-102354,appraisal_report,true
L-102354,insurance_certificate,true
L-102354,income_verification,true
L-102355,income_verification,true
L-102355,title_report,true
L-102356,income_verification,true
L-102356,promissory_note,true
L-102357,insurance_certificate,true
L-102358,title_report,true
L-102358,deed_of_trust,true
L-102359,income_verification,true
L-102359,promissory_note,true
L-102360,deed_of_trust,true
L-102360,promissory_note,true
L-102361,appraisal_report,true
L-102361,title_report,true
L-102361,insurance_certificate,true
L-102362,deed_of_trust,false
L-102362,income_verification,true
L-102363,promissory_note,true
L-102364,promissory_note,true
L-102364,income_verification,true
L-102365,income_verification,true
L-102365,title_report,true
L-102365,deed_of_trust,true
L-102366,insurance_certificate,true
L-102367,insurance_certificate,false
L-102367,deed_of_trust,true
L-102367,income_verification,true
L-102368,income_verification,true
L-102368,deed_of_trust,true
L-102369,title_report,true
L-102369,deed_of_trust,true
L-102369,income_verification,true
L-102370,appraisal_report,true
L-102371,income_verification,true
L-102372,promissory_note,true
L-102372,appraisal_report,true
L-102373,title_report,true
L-102374,deed_of_trust,true
L-102374,insurance_certificate,false
L-102374,promissory_note,true
L-102375,income_verification,false
L-102376,deed_of_trust,true
L-102377,insurance_certificate,true
L-102377,appraisal_report,true
L-102377,deed_of_trust,true
L-102378,promissory_note,true
L-102379,title_report,true
L-102379,income_verification,true
L-102379,insurance_certificate,true
L-102380,deed_of_trust,true
L-102380,promissory_note,true
L-102380,income_verification,true
L-102381,appraisal_report,true
L-102381,income_verification,true
L-102381,promissory_note,true
L-102382,insurance_certificate,true
L-102382,title_report,true
L-102382,income_verification,true
L-102383,insurance_certificate,false
L-102383,promissory_note,true
L-102384,insurance_certificate,false
L-102384,deed_of_trust,true
L-102384,title_report,true
L-102385,deed_of_trust,true
L-102385,title_report,true
L-102386,insurance_certificate,true
L-102386,title_report,true
L-102386,deed_of_trust,true
L-102387,promissory_note,true
L-102387,title_report,true
L-102387,insurance_certificate,true
L-102388,appraisal_report,true
L-102388,income_verification,true
L-102388,title_report,true
L-102389,title_report,true
L-102389,insurance_certificate,true
L-102389,deed_of_trust,true
L-102390,income_verification,true
L-102390,promissory_note,true
L-102391,income_verification,true
L-102391,title_report,true
L-102391,promissory_note,true
L-102392,income_verification,false
L-102392,insurance_certificate,true
L-102392,deed_of_trust,true
L-102393,appraisal_report,true
L-102394,insurance_certificate,true
L-102394,title_report,true
L-102394,promissory_note,true
L-102395,deed_of_trust,true
L-102396,appraisal_report,true
L-102397,deed_of_trust,true
L-102397,appraisal_report,true
L-102398,deed_of_trust,true
L-102398,insurance_certificate,true
L-102398,title_report,true
L-102399,deed_of_trust,true
L-102399,insurance_certificate,true
L-102400,income_verification,true
L-102400,promissory_note,true
L-102400,appraisal_report,true
L-102401,appraisal_report,true
L-102402,promissory_note,true
L-102402,deed_of_trust,true
L-102402,income_verification,true
L-102403,deed_of_trust,true
L-102404,income_verification,true
L-102404,appraisal_report,true
L-102405,appraisal_report,true
L-102405,income_verification,true
L-102405,insurance_certificate,true
L-102406,title_report,true
L-102406,appraisal_report,true
L-102406,promissory_note,true
L-102407,income_verification,false
L-102408,title_report,true
L-102408,deed_of_trust,false
L-102408,income_verification,true
L-102409,promissory_note,true
L-102410,title_report,true
L-102410,insurance_certificate,false
L-102411,title_report,false
L-102412,promissory_note,true
L-102412,income_verification,false
L-102412,title_report,true
L-102413,income_verification,true
L-102414,appraisal_report,false
L-102414,deed_of_trust,true
L-102415,title_report,true
L-102416,promissory_note,true
L-102417,title_report,true
L-102417,deed_of_trust,true
L-102417,promissory_note,true
L-102418,appraisal_report,true
L-102418,deed_of_trust,true
L-102418,title_report,true
L-102419,deed_of_trust,true
L-102419,income_verification,true
L-102419,insurance_certificate,false
L-102420,insurance_certificate,true
L-102421,title_report,true
L-102421,insurance_certificate,true
L-102421,income_verification,true
L-102422,deed_of_trust,false
L-102423,income_verification,true
L-102424,appraisal_report,true
L-102424,deed_of_trust,false
L-102425,appraisal_report,true
L-102425,promissory_note,true
L-102426,deed_of_trust,true
L-102427,title_report,true
L-102427,appraisal_report,true
L-102427,promissory_note,true
L-102428,income_verification,false
L-102429,appraisal_report,true
L-102429,income_verification,true
L-102430,appraisal_report,true
L-102431,deed_of_trust,false
L-102432,promissory_note,false
L-102432,title_report,true
L-102433,promissory_note,true
L-102433,title_report,true
L-102433,appraisal_report,true
L-102434,deed_of_trust,true
L-102435,promissory_note,true
L-102435,insurance_certificate,true
L-102435,title_report,true
L-102436,title_report,true
L-102436,income_verification,true
L-102437,title_report,false
L-102437,appraisal_report,true
L-102437,deed_of_trust,true
L-102438,insurance_certificate,true
L-102438,title_report,true
L-102438,deed_of_trust,true
L-102439,title_report,true
L-102440,deed_of_trust,true
L-102441,deed_of_trust,true
L-102442,insurance_certificate,false
L-102442,appraisal_report,true
L-102442,deed_of_trust,true
L-102443,insurance_certificate,false
L-102443,title_report,true
L-102443,deed_of_trust,true
L-102444,insurance_certificate,true
L-102445,promissory_note,true
L-102446,appraisal_report,true
L-102447,appraisal_report,true
L-102448,title_report,true
L-102448,deed_of_trust,true
L-102448,appraisal_report,true
L-102449,promissory_note,true
L-102449,deed_of_trust,true
L-102449,title_report,true
L-102450,appraisal_report,true
L-102450,deed_of_trust,true
L-102450,income_verification,true
L-102451,income_verification,true
L-102451,insurance_certificate,true
L-102452,title_report,true
L-102452,promissory_note,true
L-102452,insurance_certificate,true
L-102453,title_report,true
L-102454,deed_of_trust,true
L-102454,promissory_note,true
L-102455,insurance_certificate,true
L-102455,deed_of_trust,true
L-102455,title_report,true
L-102456,deed_of_trust,true
L-102456,appraisal_report,true
L-102456,title_report,true
L-102457,insurance_certificate,true
L-102458,deed_of_trust,false
L-102458,insurance_certificate,true
L-102459,income_verification,false
L-102459,promissory_note,true
L-102459,insurance_certificate,true
L-102460,income_verification,true
L-102460,title_report,true
L-102460,deed_of_trust,true
L-102461,insurance_certificate,true
L-102461,promissory_note,true
L-102462,appraisal_report,true
L-102462,deed_of_trust,false
L-102462,promissory_note,true
L-102463,income_verification,false
L-102463,title_report,true
L-102464,appraisal_report,true
L-102465,deed_of_trust,true
L-102465,title_report,false
L-102466,title_report,true
L-102467,insurance_certificate,true
L-102467,deed_of_trust,true
L-102467,income_verification,true
L-102468,insurance_certificate,true
L-102468,deed_of_trust,true
L-102468,appraisal_report,true
L-102469,title_report,true
L-102469,insurance_certificate,true
L-102470,income_verification,true
L-102470,deed_of_trust,false
L-102471,income_verification,false
L-102472,promissory_note,true
L-102472,title_report,true
L-102472,income_verification,true
L-102473,appraisal_report,true
L-102473,promissory_note,true
L-102473,insurance_certificate,true
L-102474,income_verification,true
L-102475,appraisal_report,true
L-102475,income_verification,true
L-102475,insurance_certificate,true
L-102476,income_verification,true
L-102477,income_verification,true
L-102477,insurance_certificate,true
L-102477,title_report,true
L-102478,title_report,true
L-102479,promissory_note,true
L-102479,insurance_certificate,true
L-102480,promissory_note,true
L-102480,insurance_certificate,true
L-102480,income_verification,true
L-102481,appraisal_report,true
L-102481,insurance_certificate,true
L-102482,promissory_note,true
L-102482,income_verification,true
L-102483,promissory_note,true
L-102483,insurance_certificate,true
L-102483,appraisal_report,true
L-102484,deed_of_trust,true
L-102485,promissory_note,true
L-102485,income_verification,true
L-102485,insurance_certificate,true
L-102486,deed_of_trust,true
L-102486,promissory_note,true
L-102487,appraisal_report,true
L-102487,insurance_certificate,false
L-102487,deed_of_trust,true
L-102488,promissory_note,true
L-102488,deed_of_trust,true
L-102488,appraisal_report,true
L-102489,title_report,true
L-102489,promissory_note,true
L-102490,title_report,true
L-102490,deed_of_trust,true
L-102490,appraisal_report,true
L-102491,deed_of_trust,true
L-102491,appraisal_report,true
L-102491,income_verification,true
L-102492,appraisal_report,true
L-102492,insurance_certificate,true
L-102493,appraisal_report,true
L-102493,promissory_note,true
L-102494,income_verification,true
L-102494,deed_of_trust,true
L-102494,promissory_note,true
L-102495,insurance_certificate,true
L-102495,appraisal_report,true
L-102495,title_report,true
L-102496,promissory_note,true
L-102497,deed_of_trust,true
L-102497,income_verification,true
L-102498,insurance_certificate,true
L-102498,title_report,true
L-102498,income_verification,true
L-102499,appraisal_report,true
L-102500,promissory_note,true
L-102500,insurance_certificate,true
L-102500,title_report,false
L-102501,promissory_note,true
L-102501,deed_of_trust,true
L-102502,promissory_note,true
L-102503,income_verification,true
L-102503,deed_of_trust,true
L-102504,deed_of_trust,true
L-102505,promissory_note,true
L-102505,deed_of_trust,true
L-102505,income_verification,true
L-102506,insurance_certificate,true
L-102507,title_report,true
L-102508,insurance_certificate,true
L-102508,appraisal_report,true
L-102508,promissory_note,true
L-102509,deed_of_trust,true
L-102509,insurance_certificate,false
L-102509,income_verification,true
L-102510,appraisal_report,true
L-102510,deed_of_trust,true
L-102511,promissory_note,true
L-102511,deed_of_trust,true
L-102511,title_report,true
L-102512,income_verification,true
L-102512,deed_of_trust,false
L-102512,title_report,true
L-102513,income_verification,true
L-102513,title_report,true
L-102513,promissory_note,true
L-102514,appraisal_report,true
L-102515,promissory_note,true
L-102516,appraisal_report,true
L-102517,promissory_note,true
L-102517,insurance_certificate,true
L-102518,promissory_note,true
L-102518,appraisal_report,false
L-102519,appraisal_report,true
L-102519,promissory_note,true
L-102519,deed_of_trust,true
L-102520,promissory_note,true
L-102520,deed_of_trust,true
L-102520,insurance_certificate,true
L-102521,appraisal_report,true
L-102522,appraisal_report,true
L-102522,promissory_note,true
L-102522,title_report,true
L-102523,appraisal_report,true
L-102523,insurance_certificate,true
L-102524,deed_of_trust,true
L-102524,promissory_note,true
L-102525,insurance_certificate,true
L-102525,appraisal_report,true
L-102526,promissory_note,true
L-102527,appraisal_report,true
L-102527,deed_of_trust,true
L-102528,insurance_certificate,true
L-102529,income_verification,true
L-102529,insurance_certificate,false
L-102530,income_verification,true
L-102530,promissory_note,true
L-102531,income_verification,true
L-102532,appraisal_report,true
L-102532,title_report,true
L-102533,insurance_certificate,true
L-102533,title_report,true
L-102534,promissory_note,true
L-102534,title_report,true
L-102534,deed_of_trust,true
L-102535,income_verification,true
L-102536,deed_of_trust,true
L-102536,income_verification,true
L-102536,title_report,true
L-102537,insurance_certificate,false
L-102538,title_report,true
L-102538,appraisal_report,true
L-102538,deed_of_trust,true
L-102539,promissory_note,true
L-102540,appraisal_report,true
L-102540,promissory_note,true
L-102541,title_report,true
L-102541,insurance_certificate,true
L-102542,deed_of_trust,true
L-102543,deed_of_trust,true
L-102543,income_verification,false
L-102543,insurance_certificate,true
L-102544,promissory_note,true
L-102545,promissory_note,true
L-102545,deed_of_trust,true
L-102545,title_report,true
L-102546,promissory_note,true
L-102546,title_report,false
L-102547,appraisal_report,false
L-102547,insurance_certificate,true
L-102547,deed_of_trust,true
L-102548,deed_of_trust,true
L-102549,promissory_note,true
L-102549,income_verification,true
L-102550,income_verification,true
L-102550,deed_of_trust,true
L-102551,title_report,true
L-102552,insurance_certificate,true
L-102552,appraisal_report,true
L-102552,title_report,true
L-102553,insurance_certificate,true
L-102553,title_report,true
L-102554,insurance_certificate,false
L-102555,appraisal_report,true
L-102555,insurance_certificate,true
L-102556,deed_of_trust,true
L-102556,insurance_certificate,false
L-102556,promissory_note,true
L-102557,title_report,true
L-102557,insurance_certificate,true
L-102558,promissory_note,false
L-102558,deed_of_trust,true
L-102559,income_verification,false
L-102559,promissory_note,true
L-102560,income_verification,true
L-102560,appraisal_report,false
L-102561,title_report,true
L-102561,insurance_certificate,true
L-102562,deed_of_trust,true
L-102563,income_verification,true
L-102563,insurance_certificate,true
L-102563,deed_of_trust,true
L-102564,income_verification,true
L-102564,insurance_certificate,true
L-102565,insurance_certificate,true
L-102565,appraisal_report,true
L-102566,deed_of_trust,true
L-102566,appraisal_report,true
L-102566,insurance_certificate,true
L-102567,income_verification,true
L-102568,promissory_note,true
L-102569,deed_of_trust,true
L-102570,promissory_note,true
L-102570,income_verification,true
L-102571,insurance_certificate,true
L-102571,appraisal_report,true
L-102571,deed_of_trust,true
L-102572,title_report,true
L-102572,income_verification,true
L-102572,appraisal_report,true
L-102573,title_report,true
L-102574,income_verification,true
L-102575,income_verification,true
L-102575,appraisal_report,true
L-102576,appraisal_report,true
L-102576,promissory_note,true
L-102577,deed_of_trust,true
L-102577,title_report,true
L-102578,deed_of_trust,true
L-102579,promissory_note,true
L-102580,insurance_certificate,false
L-102580,title_report,true
L-102580,deed_of_trust,true
L-102581,appraisal_report,true
L-102581,income_verification,true
L-102582,promissory_note,true
L-102583,income_verification,true
L-102583,title_report,true
L-102584,income_verification,true
L-102584,appraisal_report,true
L-102585,promissory_note,true
L-102585,deed_of_trust,true
L-102585,appraisal_report,true
L-102586,income_verification,true
L-102586,insurance_certificate,true
L-102586,title_report,true
L-102587,income_verification,true
L-102587,insurance_certificate,true
L-102587,promissory_note,true
L-102588,income_verification,true
L-102589,insurance_certificate,true
L-102590,deed_of_trust,true
L-102590,appraisal_report,true
L-102591,appraisal_report,true
L-102591,insurance_certificate,true
L-102592,promissory_note,true
L-102593,insurance_certificate,true
L-102593,appraisal_report,true
L-102594,income_verification,true
L-102594,deed_of_trust,true
L-102595,appraisal_report,true
L-102596,promissory_note,true
L-102596,insurance_certificate,true
L-102596,income_verification,true
L-102597,insurance_certificate,false
L-102597,title_report,true
L-102597,promissory_note,true
L-102598,title_report,true
L-102598,insurance_certificate,true
L-102598,promissory_note,true
L-102599,insurance_certificate,true
L-102600,deed_of_trust,true
L-102600,promissory_note,true
L-102600,insurance_certificate,true
L-102601,deed_of_trust,true
L-102601,title_report,true
L-102602,income_verification,true
L-102603,title_report,false
L-102603,insurance_certificate,true
L-102603,income_verification,true
L-102604,deed_of_trust,true
L-102604,income_verification,true
L-102604,appraisal_report,true
L-102605,insurance_certificate,true
L-102605,appraisal_report,true
L-102605,promissory_note,true
L-102606,deed_of_trust,true
L-102607,appraisal_report,true
L-102607,promissory_note,true
L-102607,income_verification,true
L-102608,deed_of_trust,true
L-102609,deed_of_trust,true
L-102609,title_report,true
L-102609,appraisal_report,true
L-102610,income_verification,true
L-102610,deed_of_trust,true
L-102610,title_report,true
L-102611,promissory_note,true
L-102611,income_verification,true
L-102611,title_report,true
L-102612,appraisal_report,true
L-102612,deed_of_trust,true
L-102612,income_verification,true
L-102613,deed_of_trust,true
L-102613,promissory_note,true
L-102614,appraisal_report,true
L-102615,appraisal_report,true
L-102616,title_report,true
L-102617,deed_of_trust,true
L-102617,title_report,true
L-102618,income_verification,true
L-102619,deed_of_trust,true
L-102620,appraisal_report,false
L-102621,income_verification,true
L-102621,deed_of_trust,true
L-102622,appraisal_report,true
L-102623,appraisal_report,true
L-102624,appraisal_report,true
L-102624,promissory_note,true
L-102625,deed_of_trust,true
L-102625,insurance_certificate,true
L-102626,income_verification,true
L-102627,promissory_note,true
L-102628,promissory_note,true
L-102629,appraisal_report,true
L-102629,insurance_certificate,true
L-102630,title_report,true
L-102630,appraisal_report,true
L-102630,insurance_certificate,true
L-102631,insurance_certificate,true
L-102631,promissory_note,true
L-102631,income_verification,true
L-102632,title_report,true
L-102632,promissory_note,true
L-102632,appraisal_report,true
L-102633,deed_of_trust,true
L-102633,income_verification,true
L-102634,title_report,true
L-102634,deed_of_trust,true
L-102635,promissory_note,true
L-102635,insurance_certificate,true
L-102635,appraisal_report,true
L-102636,income_verification,true
L-102636,deed_of_trust,true
L-102636,title_report,true
L-102637,promissory_note,true
L-102638,title_report,true
L-102638,deed_of_trust,true
L-102639,insurance_certificate,true
L-102640,insurance_certificate,true
L-102641,income_verification,true
L-102641,appraisal_report,true
L-102642,promissory_note,true
L-102642,title_report,true
L-102643,appraisal_report,true
L-102643,insurance_certificate,true
L-102644,income_verification,true
L-102645,title_report,true
L-102645,income_verification,false
L-102646,promissory_note,true
L-102646,title_report,true
L-102646,appraisal_report,true
L-102647,title_report,true
L-102647,deed_of_trust,true
L-102647,income_verification,true
L-102648,insurance_certificate,true
L-102648,promissory_note,true
L-102649,promissory_note,true
L-102650,promissory_note,true
L-102651,insurance_certificate,false
L-102652,promissory_note,true
L-102653,deed_of_trust,true
L-102653,insurance_certificate,false
L-102654,appraisal_report,true
L-102654,insurance_certificate,true
L-102654,promissory_note,true
L-102655,promissory_note,true
L-102655,deed_of_trust,true
L-102655,insurance_certificate,true
L-102656,title_report,true
L-102656,insurance_certificate,true
L-102657,insurance_certificate,false
L-102657,income_verification,true
L-102658,promissory_note,true
L-102659,income_verification,true
L-102659,deed_of_trust,true
L-102660,appraisal_report,true
L-102661,promissory_note,true
L-102661,deed_of_trust,true
L-102662,insurance_certificate,true
L-102662,promissory_note,true
L-102663,appraisal_report,false
L-102663,insurance_certificate,true
L-102664,promissory_note,true
L-102664,appraisal_report,true
L-102665,insurance_certificate,true
L-102666,appraisal_report,true
L-102666,deed_of_trust,true
L-102667,promissory_note,true
L-102668,income_verification,false
L-102668,insurance_certificate,true
L-102668,appraisal_report,true
L-102669,deed_of_trust,true
L-102669,title_report,true
L-102670,income_verification,true
L-102671,income_verification,true
L-102671,title_report,true
L-102672,title_report,true
L-102672,deed_of_trust,true
L-102672,promissory_note,true
L-102673,deed_of_trust,true
L-102673,promissory_note,true
L-102673,appraisal_report,true
L-102674,income_verification,true
L-102675,insurance_certificate,true
L-102675,appraisal_report,false
L-102675,deed_of_trust,true
L-102676,title_report,true
L-102676,deed_of_trust,true
L-102677,insurance_certificate,true
L-102677,title_report,true
L-102678,income_verification,true
L-102679,title_report,false
L-102679,insurance_certificate,true
L-102680,deed_of_trust,true
L-102680,income_verification,false
L-102680,appraisal_report,true
L-102681,promissory_note,false
L-102682,promissory_note,true
L-102683,insurance_certificate,true
L-102683,appraisal_report,true
L-102683,title_report,true
L-102684,income_verification,false
L-102684,appraisal_report,true
L-102684,insurance_certificate,false
L-102685,appraisal_report,true
L-102685,deed_of_trust,true
L-102685,insurance_certificate,true
L-102686,appraisal_report,true
L-102686,title_report,true
L-102686,insurance_certificate,true
L-102687,appraisal_report,true
L-102687,deed_of_trust,true
L-102687,insurance_certificate,true
L-102688,income_verification,true
L-102688,appraisal_report,true
L-102689,deed_of_trust,true
L-102689,title_report,true
L-102689,insurance_certificate,true
L-102690,promissory_note,true
L-102690,title_report,true
L-102690,deed_of_trust,true
L-102691,deed_of_trust,true
L-102691,insurance_certificate,true
L-102692,promissory_note,true
L-102692,title_report,true
L-102692,income_verification,true
L-102693,promissory_note,true
L-102694,title_report,true
L-102694,promissory_note,true
L-102694,deed_of_trust,true
L-102695,income_verification,true
L-102695,insurance_certificate,true
L-102696,insurance_certificate,false
L-102696,income_verification,true
L-102697,insurance_certificate,true
L-102697,promissory_note,true
L-102698,income_verification,true
L-102699,insurance_certificate,false
L-102699,title_report,true
L-102699,appraisal_report,true
L-102700,insurance_certificate,false
L-102700,income_verification,true
L-102700,title_report,true
L-102701,title_report,true
L-102701,appraisal_report,true
L-102702,income_verification,true
L-102703,title_report,true
L-102703,income_verification,true
L-102703,insurance_certificate,true
L-102704,income_verification,true
L-102704,insurance_certificate,true
L-102705,promissory_note,false
L-102705,insurance_certificate,true
L-102705,deed_of_trust,true
L-102706,title_report,true
L-102706,promissory_note,true
L-102706,income_verification,true
L-102707,insurance_certificate,true
L-102707,title_report,true
L-102707,promissory_note,true
L-102708,appraisal_report,true
L-102708,deed_of_trust,true
L-102709,appraisal_report,true
L-102709,title_report,true
L-102709,insurance_certificate,true
L-102710,insurance_certificate,true
L-102710,promissory_note,true
L-102711,deed_of_trust,true
L-102711,income_verification,true
L-102712,promissory_note,true
L-102712,deed_of_trust,true
L-102712,insurance_certificate,true
L-102713,appraisal_report,false
L-102714,promissory_note,true
L-102715,deed_of_trust,true
L-102715,income_verification,true
L-102715,insurance_certificate,true
L-102716,appraisal_report,true
L-102716,insurance_certificate,false
L-102716,deed_of_trust,true
L-102717,insurance_certificate,true
L-102717,income_verification,true
L-102717,promissory_note,true
L-102718,promissory_note,true
L-102719,promissory_note,true
L-102719,title_report,true
L-102719,appraisal_report,true
L-102720,insurance_certificate,true
L-102720,promissory_note,true
L-102721,promissory_note,true
L-102722,appraisal_report,true
L-102722,deed_of_trust,true
L-102722,title_report,true
L-102723,deed_of_trust,true
L-102723,appraisal_report,true
L-102723,income_verification,true
L-102724,insurance_certificate,true
L-102724,deed_of_trust,true
L-102725,income_verification,true
L-102725,deed_of_trust,true
L-102725,appraisal_report,false
L-102726,appraisal_report,true
L-102726,deed_of_trust,true
L-102727,appraisal_report,true
L-102727,insurance_certificate,true
L-102727,income_verification,true
L-102728,deed_of_trust,true
L-102728,promissory_note,true
L-102728,title_report,true
L-102729,promissory_note,false
L-102729,title_report,true
L-102730,insurance_certificate,true
L-102731,promissory_note,true
L-102731,title_report,true
L-102732,insurance_certificate,true
L-102732,title_report,true
L-102733,promissory_note,true
L-102734,promissory_note,true
L-102735,title_report,true
L-102735,appraisal_report,true
L-102735,income_verification,true
L-102736,appraisal_report,true
L-102736,insurance_certificate,true
L-102737,promissory_note,true
L-102737,appraisal_report,true
L-102737,title_report,true
L-102738,income_verification,true
L-102739,deed_of_trust,true
L-102739,title_report,true
L-102739,income_verification,true
L-102740,insurance_certificate,true
L-102740,income_verification,true
L-102741,promissory_note,true
L-102741,income_verification,true
L-102741,title_report,true
L-102742,promissory_note,true
L-102742,income_verification,true
L-102742,insurance_certificate,false
L-102743,title_report,true
L-102744,promissory_note,true
L-102745,appraisal_report,true
L-102745,deed_of_trust,true
L-102745,promissory_note,true
L-102746,appraisal_report,true
L-102747,promissory_note,true
L-102747,appraisal_report,true
L-102747,title_report,false
L-102748,income_verification,true
L-102748,deed_of_trust,true
L-102749,income_verification,true
L-102749,deed_of_trust,true
L-102749,appraisal_report,true
L-102750,promissory_note,true
L-102750,appraisal_report,true
L-102750,income_verification,false
L-102751,title_report,false
L-102751,income_verification,true
L-102751,appraisal_report,true
L-102752,promissory_note,true
L-102753,promissory_note,true
L-102754,income_verification,false
L-102754,insurance_certificate,true
L-102754,appraisal_report,false
L-102755,deed_of_trust,true
L-102755,promissory_note,false
L-102755,insurance_certificate,true
L-102756,income_verification,true
L-102756,promissory_note,false
L-102756,insurance_certificate,true
L-102757,appraisal_report,true
L-102758,promissory_note,true
L-102758,income_verification,true
L-102758,insurance_certificate,true
L-102759,insurance_certificate,true
L-102759,promissory_note,true
L-102760,appraisal_report,true
L-102760,title_report,true
L-102761,title_report,true
L-102761,income_verification,true
L-102762,promissory_note,true
L-102763,income_verification,true
L-102763,insurance_certificate,true
L-102764,appraisal_report,false
L-102764,title_report,true
L-102765,appraisal_report,true
L-102765,income_verification,true
L-102766,promissory_note,true
L-102767,title_report,true
L-102767,appraisal_report,true
L-102767,insurance_certificate,true
L-102768,appraisal_report,true
L-102768,promissory_note,true
L-102768,title_report,true
L-102769,income_verification,true
L-102770,income_verification,true
L-102770,insurance_certificate,true
L-102771,title_report,true
L-102771,promissory_note,true
L-102771,appraisal_report,true
L-102772,title_report,true
L-102773,appraisal_report,true
L-102773,title_report,true
L-102774,insurance_certificate,true
L-102774,deed_of_trust,true
L-102775,title_report,true
L-102775,promissory_note,true
L-102776,appraisal_report,true
L-102777,appraisal_report,true
L-102777,title_report,false
L-102777,income_verification,true
L-102778,title_report,true
L-102778,income_verification,true
L-102779,income_verification,true
L-102780,deed_of_trust,true
L-102780,appraisal_report,true
L-102781,appraisal_report,true
L-102781,income_verification,true
L-102782,appraisal_report,true
L-102783,insurance_certificate,true
L-102783,promissory_note,true
L-102783,title_report,false
L-102784,appraisal_report,true
L-102785,title_report,true
L-102785,insurance_certificate,true
L-102785,appraisal_report,true
L-102786,appraisal_report,true
L-102786,insurance_certificate,true
L-102787,title_report,true
L-102787,income_verification,true
L-102787,promissory_note,true
L-102788,appraisal_report,true
L-102788,title_report,true
L-102788,income_verification,true
L-102789,appraisal_report,true
L-102789,title_report,true
L-102789,income_verification,true
L-102790,title_report,true
L-102791,title_report,true
L-102791,appraisal_report,true
L-102792,title_report,true
L-102792,income_verification,false
L-102793,appraisal_report,true
L-102794,insurance_certificate,true
L-102794,deed_of_trust,false
L-102795,title_report,true
L-102795,deed_of_trust,true
L-102795,insurance_certificate,true
L-102796,income_verification,true
L-102796,insurance_certificate,true
L-102797,appraisal_report,false
L-102798,income_verification,true
L-102799,promissory_note,true
L-102799,income_verification,true
L-102799,deed_of_trust,true
L-102800,deed_of_trust,true
L-102801,title_report,true
L-102801,insurance_certificate,true
L-102802,promissory_note,true
L-102802,title_report,true
L-102802,deed_of_trust,true
L-102803,appraisal_report,true
L-102803,insurance_certificate,true
L-102803,deed_of_trust,true
L-102804,deed_of_trust,true
L-102804,appraisal_report,true
L-102805,promissory_note,true
L-102805,income_verification,true
L-102806,appraisal_report,true
L-102806,promissory_note,true
L-102807,appraisal_report,true
L-102807,income_verification,true
L-102808,title_report,true
L-102809,income_verification,true
L-102810,promissory_note,true
L-102811,title_report,true
L-102812,appraisal_report,true
L-102813,promissory_note,true
L-102813,insurance_certificate,true
L-102814,title_report,false
L-102815,deed_of_trust,false
L-102815,insurance_certificate,true
L-102816,promissory_note,true
L-102816,insurance_certificate,true
L-102816,deed_of_trust,true
L-102817,income_verification,false
L-102817,deed_of_trust,true
L-102818,appraisal_report,true
L-102818,income_verification,true
L-102818,deed_of_trust,true
L-102819,income_verification,true
L-102819,title_report,true
L-102819,appraisal_report,false
L-102820,title_report,true
L-102820,insurance_certificate,true
L-102820,appraisal_report,false
L-102821,insurance_certificate,true
L-102821,appraisal_report,true
L-102822,title_report,true
L-102822,deed_of_trust,true
L-102823,promissory_note,true
L-102823,deed_of_trust,true
L-102824,deed_of_trust,true
L-102824,title_report,true
L-102825,promissory_note,true
L-102826,income_verification,false
L-102827,promissory_note,true
L-102827,appraisal_report,false
L-102827,insurance_certificate,true
L-102828,appraisal_report,true
L-102828,title_report,true
L-102828,income_verification,true
L-102829,income_verification,true
L-102830,appraisal_report,true
L-102830,promissory_note,true
L-102830,title_report,true
L-102831,promissory_note,true
L-102831,title_report,true
L-102832,income_verification,false
L-102832,title_report,false
L-102833,insurance_certificate,false
L-102834,insurance_certificate,false
L-102835,income_verification,true
L-102835,appraisal_report,true
L-102836,promissory_note,true
L-102836,deed_of_trust,false
L-102837,insurance_certificate,true
L-102837,appraisal_report,true
L-102838,income_verification,true
L-102839,title_report,true
L-102840,promissory_note,true
L-102840,title_report,true
L-102841,appraisal_report,true
L-102841,deed_of_trust,true
L-102841,insurance_certificate,true
L-102842,promissory_note,true
L-102843,promissory_note,true
L-102844,deed_of_trust,true
L-102844,insurance_certificate,true
L-102844,title_report,true
L-102845,appraisal_report,true
L-102846,appraisal_report,true
L-102846,insurance_certificate,true
L-102847,title_report,true
L-102847,promissory_note,true
L-102847,appraisal_report,true
L-102848,appraisal_report,true
L-102849,appraisal_report,true
L-102849,deed_of_trust,true
L-102850,promissory_note,true
L-102851,promissory_note,true
L-102852,income_verification,true
L-102853,promissory_note,true
L-102853,income_verification,true
L-102854,income_verification,true
L-102854,title_report,true
L-102855,appraisal_report,true
L-102855,income_verification,true
L-102856,title_report,true
L-102857,income_verification,true
L-102857,insurance_certificate,true
L-102858,income_verification,false
L-102858,title_report,true
L-102859,deed_of_trust,false
L-102859,income_verification,true
L-102859,promissory_note,true
L-102860,income_verification,true
L-102861,title_report,true
L-102862,income_verification,true
L-102862,deed_of_trust,true
L-102863,insurance_certificate,true
L-102864,promissory_note,true
L-102864,appraisal_report,true
L-102864,income_verification,true
L-102865,income_verification,true
L-102865,promissory_note,true
L-102865,deed_of_trust,true
L-102866,promissory_note,true
L-102866,title_report,true
L-102866,appraisal_report,true
L-102867,promissory_note,true
L-102867,appraisal_report,true
L-102867,insurance_certificate,true
L-102868,title_report,true
L-102868,insurance_certificate,true
L-102869,insurance_certificate,true
L-102869,title_report,true
L-102870,deed_of_trust,true
L-102871,appraisal_report,true
L-102871,title_report,true
L-102871,promissory_note,true
L-102872,insurance_certificate,true
L-102873,promissory_note,true
L-102873,appraisal_report,true
L-102874,insurance_certificate,true
L-102874,income_verification,true
L-102875,promissory_note,true
L-102876,promissory_note,true
L-102876,insurance_certificate,true
L-102877,promissory_note,true
L-102877,appraisal_report,true
L-102877,insurance_certificate,true
L-102878,deed_of_trust,true
L-102878,income_verification,true
L-102878,title_report,true
L-102879,appraisal_report,true
L-102880,income_verification,true
L-102881,promissory_note,true
L-102881,deed_of_trust,true
L-102882,title_report,true
L-102882,appraisal_report,true
L-102882,deed_of_trust,true
L-102883,insurance_certificate,true
L-102883,income_verification,true
L-102884,title_report,true
L-102884,promissory_note,false
L-102885,income_verification,true
L-102885,appraisal_report,true
L-102885,title_report,true
L-102886,insurance_certificate,true
L-102886,appraisal_report,true
L-102886,deed_of_trust,true
L-102887,appraisal_report,true
L-102887,title_report,true
L-102887,income_verification,true
L-102888,title_report,false
L-102888,deed_of_trust,true
L-102889,promissory_note,true
L-102889,income_verification,true
L-102890,title_report,true
L-102890,deed_of_trust,true
L-102890,insurance_certificate,true
L-102891,appraisal_report,true
L-102891,insurance_certificate,true
L-102891,deed_of_trust,true
L-102892,income_verification,false
L-102893,title_report,true
L-102894,income_verification,true
L-102894,insurance_certificate,false
L-102894,appraisal_report,true
L-102895,insurance_certificate,true
L-102895,income_verification,false
L-102896,appraisal_report,true
L-102896,insurance_certificate,false
L-102897,promissory_note,false
L-102897,deed_of_trust,true
L-102897,title_report,true
L-102898,insurance_certificate,true
L-102898,title_report,true
L-102898,income_verification,true
L-102899,title_report,true
L-102900,title_report,true
L-102901,title_report,true
L-102901,promissory_note,true
L-102901,income_verification,true
L-102902,insurance_certificate,true
L-102902,title_report,true
L-102902,promissory_note,true
L-102903,income_verification,true
L-102903,promissory_note,true
L-102903,title_report,true
L-102904,insurance_certificate,true
L-102904,title_report,true
L-102904,appraisal_report,true
L-102905,insurance_certificate,true
L-102905,title_report,true
L-102905,income_verification,true
L-102906,title_report,false
L-102907,income_verification,true
L-102908,appraisal_report,true
L-102908,income_verification,true
L-102908,title_report,true
L-102909,deed_of_trust,false
L-102909,promissory_note,true
L-102909,appraisal_report,true
L-102910,title_report,true
L-102910,promissory_note,true
L-102911,promissory_note,true
L-102911,insurance_certificate,true
L-102912,income_verification,true
L-102912,appraisal_report,true
L-102913,insurance_certificate,true
L-102914,income_verification,true
L-102915,deed_of_trust,true
L-102915,insurance_certificate,true
L-102916,promissory_note,true
L-102917,appraisal_report,true
L-102917,promissory_note,true
L-102918,income_verification,true
L-102919,insurance_certificate,true
L-102919,income_verification,true
L-102920,promissory_note,true
L-102920,income_verification,true
L-102921,appraisal_report,true
L-102921,title_report,true
L-102922,insurance_certificate,true
L-102922,title_report,true
L-102923,title_report,true
L-102924,appraisal_report,true
L-102925,promissory_note,false
L-102925,income_verification,true
L-102925,appraisal_report,true
L-102926,insurance_certificate,true
L-102926,income_verification,true
L-102926,title_report,true
L-102927,appraisal_report,true
L-102927,income_verification,true
L-102928,income_verification,true
L-102928,deed_of_trust,true
L-102929,insurance_certificate,false
L-102929,deed_of_trust,true
L-102929,promissory_note,true
L-102930,insurance_certificate,false
L-102930,promissory_note,true
L-102931,title_report,true
L-102931,income_verification,true
L-102931,appraisal_report,true
L-102932,insurance_certificate,true
L-102932,promissory_note,true
L-102933,title_report,true
L-102933,income_verification,true
L-102934,income_verification,true
L-102935,insurance_certificate,true
L-102935,promissory_note,true
L-102935,title_report,false
L-102936,income_verification,true
L-102936,deed_of_trust,false
L-102937,income_verification,true
L-102938,appraisal_report,true
L-102939,promissory_note,true
L-102939,appraisal_report,true
L-102939,deed_of_trust,true
L-102940,deed_of_trust,true
L-102941,appraisal_report,true
L-102941,insurance_certificate,true
L-102941,income_verification,true
L-102942,deed_of_trust,true
L-102943,appraisal_report,true
L-102944,insurance_certificate,true
L-102944,deed_of_trust,true
L-102945,title_report,true
L-102946,deed_of_trust,true
L-102946,title_report,true
L-102946,insurance_certificate,false
L-102947,deed_of_trust,true
L-102947,income_verification,false
L-102947,appraisal_report,false
L-102948,deed_of_trust,true
L-102948,appraisal_report,false
L-102948,title_report,true
L-102949,title_report,true
L-102949,deed_of_trust,true
L-102949,promissory_note,true
L-102950,title_report,false
L-102951,promissory_note,true
L-102951,income_verification,true
L-102951,title_report,true
L-102952,income_verification,true
L-102953,deed_of_trust,false
L-102953,income_verification,true
L-102954,title_report,true
L-102955,title_report,true
L-102956,income_verification,true
L-102956,promissory_note,true
L-102956,deed_of_trust,true
L-102957,insurance_certificate,true
L-102957,income_verification,true
L-102958,appraisal_report,true
L-102959,promissory_note,true
L-102959,title_report,true
L-102960,promissory_note,false
L-102960,insurance_certificate,false
L-102961,appraisal_report,false
L-102961,income_verification,true
L-102962,appraisal_report,true
L-102962,title_report,true
L-102962,insurance_certificate,true
L-102963,insurance_certificate,true
L-102964,appraisal_report,true
L-102964,insurance_certificate,true
L-102965,deed_of_trust,true
L-102965,insurance_certificate,true
L-102966,insurance_certificate,true
L-102966,title_report,true
L-102966,appraisal_report,true
L-102967,deed_of_trust,true
L-102967,income_verification,false
L-102967,appraisal_report,true
L-102968,income_verification,true
L-102968,appraisal_report,true
L-102968,promissory_note,true
L-102969,title_report,true
L-102970,income_verification,true
L-102970,deed_of_trust,true
L-102971,appraisal_report,true
L-102971,income_verification,true
L-102972,appraisal_report,true
L-102972,deed_of_trust,false
L-102973,promissory_note,true
L-102974,appraisal_report,true
L-102975,income_verification,true
L-102976,deed_of_trust,true
L-102977,appraisal_report,true
L-102978,deed_of_trust,true
L-102978,promissory_note,true
L-102979,promissory_note,true
L-102979,insurance_certificate,true
L-102980,deed_of_trust,true
L-102980,promissory_note,true
L-102981,title_report,true
L-102981,insurance_certificate,true
L-102981,appraisal_report,true
L-102982,insurance_certificate,true
L-102982,deed_of_trust,true
L-102983,promissory_note,true
L-102983,insurance_certificate,false
L-102984,insurance_certificate,true
L-102984,deed_of_trust,true
L-102984,appraisal_report,false
L-102985,deed_of_trust,true
L-102986,deed_of_trust,true
L-102986,promissory_note,true
L-102987,title_report,true
L-102987,insurance_certificate,true
L-102987,appraisal_report,true
L-102988,deed_of_trust,true
L-102989,deed_of_trust,true
L-102990,promissory_note,true
L-102990,appraisal_report,false
L-102991,deed_of_trust,true
L-102991,appraisal_report,true
L-102992,deed_of_trust,true
L-102993,promissory_note,true
L-102994,insurance_certificate,true
L-102994,promissory_note,true
L-102995,income_verification,true
L-102995,promissory_note,false
L-102995,appraisal_report,false
L-102996,title_report,true
L-102997,promissory_note,true
L-102997,title_report,true
L-102998,insurance_certificate,true
L-102999,income_verification,true
L-102999,deed_of_trust,true
L-103000,appraisal_report,false
L-103000,insurance_certificate,true
L-103001,income_verification,true
L-103002,promissory_note,false
L-103002,appraisal_report,true
L-103002,title_report,true
L-103003,deed_of_trust,true
L-103003,income_verification,true
L-103003,promissory_note,false
L-103004,appraisal_report,true
L-103005,deed_of_trust,false
L-103005,income_verification,true
L-103006,deed_of_trust,true
L-103006,promissory_note,false
L-103006,appraisal_report,true
L-103007,income_verification,true
L-103007,insurance_certificate,true
L-103008,appraisal_report,true
L-103008,promissory_note,true
L-103009,appraisal_report,true
L-103009,insurance_certificate,true
L-DUP-1000,income_verification,true
L-DUP-1000,title_report,true
L-103011,promissory_note,true
L-103011,insurance_certificate,true
L-103011,title_report,false
L-103012,promissory_note,true
L-103012,deed_of_trust,true
L-103013,promissory_note,true
L-103013,insurance_certificate,true
L-103013,appraisal_report,true
L-103014,insurance_certificate,true
L-103014,appraisal_report,true
L-103015,insurance_certificate,true
L-103015,title_report,true
L-103016,appraisal_report,true
L-103017,promissory_note,true
L-103018,promissory_note,true
L-103018,income_verification,true
L-103018,title_report,true
L-103019,title_report,true
L-103019,appraisal_report,true
L-DUP-1001,income_verification,true
L-103021,income_verification,false
L-103021,insurance_certificate,true
L-103022,promissory_note,true
L-103022,insurance_certificate,true
L-103022,income_verification,true
L-103023,income_verification,true
L-103023,promissory_note,true
L-103024,promissory_note,true
L-103024,insurance_certificate,true
L-103024,appraisal_report,true
L-103025,promissory_note,true
L-103025,insurance_certificate,true
L-103025,title_report,true
L-103026,deed_of_trust,false
L-103026,appraisal_report,false
L-103026,income_verification,true
L-103027,title_report,true
L-103028,title_report,true
L-103028,promissory_note,true
L-103029,deed_of_trust,true
L-103029,title_report,true
L-DUP-1002,insurance_certificate,true
L-DUP-1002,title_report,true
L-103031,income_verification,true
L-103032,promissory_note,true
L-103033,income_verification,true
L-103033,insurance_certificate,true
L-103033,promissory_note,true
L-103034,appraisal_report,true
L-103034,promissory_note,true
L-103035,insurance_certificate,false
L-103036,promissory_note,true
L-103037,insurance_certificate,true
L-103037,appraisal_report,false
L-103038,title_report,true
L-103038,insurance_certificate,false
L-103038,promissory_note,true
L-103039,income_verification,true
L-103039,title_report,true
L-103039,appraisal_report,false
L-DUP-1003,income_verification,true
L-103041,promissory_note,true
L-103041,deed_of_trust,true
L-103042,promissory_note,true
L-103042,title_report,true
L-103042,income_verification,false
L-103043,insurance_certificate,true
L-103043,deed_of_trust,true
L-103043,appraisal_report,true
L-103044,title_report,true
L-103044,income_verification,true
L-103044,deed_of_trust,false
L-103045,appraisal_report,true
L-103046,insurance_certificate,false
L-103046,title_report,true
L-103047,insurance_certificate,true
L-103047,deed_of_trust,true
L-103047,title_report,true
L-103048,deed_of_trust,true
L-103048,income_verification,true
L-103048,appraisal_report,true
L-103049,deed_of_trust,true
L-103049,title_report,true
L-DUP-1004,insurance_certificate,true
L-DUP-1004,appraisal_report,true
L-DUP-1004,title_report,true
L-103051,insurance_certificate,true
L-103052,insurance_certificate,true
L-103053,appraisal_report,true
L-103054,deed_of_trust,true
L-103054,appraisal_report,true
L-103054,promissory_note,false
L-103055,deed_of_trust,true
L-103055,promissory_note,true
L-103056,deed_of_trust,false
L-103057,appraisal_report,true
L-103058,deed_of_trust,true
L-103058,promissory_note,true
L-103058,insurance_certificate,true
L-103059,deed_of_trust,true
L-103059,appraisal_report,true
L-103059,promissory_note,false
L-DUP-1005,appraisal_report,true
L-103061,insurance_certificate,true
L-103062,promissory_note,false
L-103063,insurance_certificate,true
L-103064,promissory_note,true
L-103064,insurance_certificate,true
L-103064,appraisal_report,true
L-103065,title_report,true
L-103065,income_verification,false
L-103066,income_verification,false
L-103067,promissory_note,true
L-103068,income_verification,true
L-103068,promissory_note,false
L-103068,deed_of_trust,true
L-103069,promissory_note,true
L-103069,appraisal_report,true
L-DUP-1006,income_verification,true
L-DUP-1006,insurance_certificate,true
L-103071,title_report,true
L-103071,appraisal_report,true
L-103072,appraisal_report,true
L-103072,title_report,false
L-103072,income_verification,false
L-103073,appraisal_report,true
L-103073,deed_of_trust,true
L-103074,appraisal_report,true
L-103075,insurance_certificate,true
L-103075,deed_of_trust,true
L-103075,income_verification,true
L-103076,appraisal_report,true
L-103076,income_verification,true
L-103076,deed_of_trust,true
L-103077,appraisal_report,true
L-103077,insurance_certificate,true
L-103078,title_report,true
L-103078,income_verification,true
L-103079,promissory_note,true
L-103079,deed_of_trust,true
L-103079,title_report,true
L-DUP-1007,insurance_certificate,true
L-DUP-1007,appraisal_report,true
L-103081,insurance_certificate,true
L-103081,deed_of_trust,true
L-103082,appraisal_report,true
L-103082,promissory_note,false
L-103083,promissory_note,true
L-103083,appraisal_report,false
L-103083,income_verification,true
L-103084,title_report,false
L-103084,promissory_note,true
L-103085,income_verification,true
L-103085,title_report,true
L-103086,insurance_certificate,true
L-103086,appraisal_report,true
L-103086,income_verification,true
L-103087,title_report,true
L-103088,title_report,true
L-103089,title_report,true
L-103089,promissory_note,true
L-103089,income_verification,true
L-DUP-1008,deed_of_trust,true
L-DUP-1008,title_report,true
L-103091,appraisal_report,true
L-103091,income_verification,true
L-103092,income_verification,true
L-103093,title_report,true
L-103093,promissory_note,true
L-103093,appraisal_report,false
L-103094,insurance_certificate,true
L-103094,promissory_note,true
L-103095,title_report,true
L-103096,title_report,true
L-103096,income_verification,true
L-103097,promissory_note,true
L-103097,appraisal_report,true
L-103097,title_report,true
L-103098,income_verification,true
L-103098,appraisal_report,true
L-103098,promissory_note,true
L-103099,title_report,true
L-DUP-1009,insurance_certificate,true
L-103101,title_report,true
L-103101,deed_of_trust,true
L-103101,insurance_certificate,true
L-103102,title_report,true
L-103102,deed_of_trust,true
L-103102,insurance_certificate,true
L-103103,promissory_note,true
L-103103,title_report,true
L-103103,deed_of_trust,false
L-103104,income_verification,true
L-103104,insurance_certificate,true
L-103105,insurance_certificate,true
L-103105,title_report,true
L-103106,promissory_note,true
L-103106,income_verification,false
L-103106,deed_of_trust,true
L-103107,income_verification,true
L-103107,title_report,true
L-103107,promissory_note,true
L-103108,title_report,true
L-103109,title_report,false
L-DUP-1010,appraisal_report,true
L-DUP-1010,insurance_certificate,true
L-DUP-1010,deed_of_trust,true
L-103111,appraisal_report,true
L-103111,insurance_certificate,true
L-103112,deed_of_trust,true
L-103112,title_report,true
L-103113,insurance_certificate,true
L-103113,title_report,true
L-103113,promissory_note,false
L-103114,title_report,true
L-103115,promissory_note,true
L-103115,title_report,true
L-103116,appraisal_report,true
L-103117,insurance_certificate,true
L-103117,promissory_note,true
L-103118,appraisal_report,true
L-103119,income_verification,true
L-103119,deed_of_trust,true
L-103119,appraisal_report,true
L-DUP-1011,promissory_note,true
L-103121,promissory_note,true
L-103121,appraisal_report,true
L-103121,deed_of_trust,true
L-103122,title_report,true
L-103122,deed_of_trust,true
L-103123,insurance_certificate,true
L-103123,appraisal_report,false
L-103123,promissory_note,true
L-103124,deed_of_trust,true
L-103125,promissory_note,false
L-103125,appraisal_report,true
L-103126,deed_of_trust,true
L-103127,promissory_note,false
L-103127,insurance_certificate,true
L-103127,deed_of_trust,true
L-103128,income_verification,true
L-103129,appraisal_report,false
L-103129,insurance_certificate,true
L-DUP-1012,deed_of_trust,true
L-DUP-1012,insurance_certificate,false
L-103131,deed_of_trust,true
L-103131,promissory_note,false
L-103131,income_verification,true
L-103132,title_report,true
L-103132,income_verification,true
L-103132,promissory_note,false
L-103133,appraisal_report,true
L-103133,income_verification,true
L-103133,title_report,true
L-103134,income_verification,true
L-103135,title_report,true
L-103136,deed_of_trust,true
L-103136,title_report,true
L-103137,appraisal_report,true
L-103137,income_verification,true
L-103137,insurance_certificate,true
L-103138,appraisal_report,true
L-103139,promissory_note,true
L-DUP-1013,appraisal_report,true
L-DUP-1013,title_report,true
L-DUP-1013,promissory_note,true
L-103141,appraisal_report,true
L-103142,title_report,true
L-103142,promissory_note,true
L-103142,deed_of_trust,true
L-103143,promissory_note,true
L-103143,insurance_certificate,true
L-103144,insurance_certificate,true
L-103144,appraisal_report,true
L-103145,insurance_certificate,true
L-103145,income_verification,true
L-103146,promissory_note,true
L-103146,deed_of_trust,true
L-103146,income_verification,true
L-103147,title_report,true
L-103148,insurance_certificate,true
L-103148,appraisal_report,true
L-103149,deed_of_trust,true
L-DUP-1014,promissory_note,false
L-DUP-1014,insurance_certificate,true
L-DUP-1014,title_report,false
L-103151,deed_of_trust,true
L-103152,insurance_certificate,true
L-103152,promissory_note,true
L-103153,deed_of_trust,false
L-103153,insurance_certificate,false
L-103153,promissory_note,true
L-103154,appraisal_report,true
L-103154,income_verification,true
L-103154,title_report,true
L-103155,appraisal_report,false
L-103155,promissory_note,true
L-103155,income_verification,false
L-103156,insurance_certificate,true
L-103156,appraisal_report,true
L-103157,deed_of_trust,true
L-103157,appraisal_report,true
L-103157,title_report,true
L-103158,deed_of_trust,true
L-103158,title_report,true
L-103159,insurance_certificate,true
L-103159,deed_of_trust,true
L-103159,income_verification,true
L-DUP-1015,insurance_certificate,true
L-DUP-1015,promissory_note,false
L-DUP-1015,deed_of_trust,true
L-103161,income_verification,true
L-103161,promissory_note,true
L-103162,income_verification,true
L-103162,appraisal_report,true
L-103162,promissory_note,true
L-103163,insurance_certificate,true
L-103163,title_report,true
L-103163,appraisal_report,true
L-103164,insurance_certificate,true
L-103164,income_verification,true
L-103164,appraisal_report,true
L-103165,title_report,true
L-103166,insurance_certificate,true
L-103166,appraisal_report,true
L-103166,promissory_note,true
L-103167,promissory_note,true
L-103167,income_verification,true
L-103167,title_report,true
L-103168,promissory_note,false
L-103168,appraisal_report,true
L-103168,insurance_certificate,true
L-103169,income_verification,true
L-103169,deed_of_trust,true
L-103169,appraisal_report,true
L-DUP-1016,appraisal_report,true
L-103171,title_report,true
L-103171,insurance_certificate,true
L-103171,deed_of_trust,true
L-103172,income_verification,true
L-103172,insurance_certificate,true
L-103173,appraisal_report,true
L-103173,deed_of_trust,true
L-103174,appraisal_report,true
L-103175,appraisal_report,false
L-103176,deed_of_trust,true
L-103176,insurance_certificate,true
L-103176,promissory_note,true
L-103177,title_report,true
L-103177,promissory_note,false
L-103178,deed_of_trust,false
L-103179,deed_of_trust,true
L-103179,promissory_note,true
L-DUP-1017,deed_of_trust,true
L-103181,insurance_certificate,true
L-103182,insurance_certificate,true
L-103182,deed_of_trust,true
L-103182,title_report,true
L-103183,income_verification,true
L-103183,insurance_certificate,true
L-103183,deed_of_trust,true
L-103184,deed_of_trust,true
L-103184,title_report,true
L-103185,income_verification,true
L-103185,deed_of_trust,true
L-103186,appraisal_report,true
L-103186,insurance_certificate,true
L-103187,deed_of_trust,true
L-103187,insurance_certificate,false
L-103188,appraisal_report,true
L-103189,deed_of_trust,true
L-103189,insurance_certificate,true
L-103189,income_verification,true
L-DUP-1018,title_report,true
L-103191,insurance_certificate,false
L-103191,promissory_note,true
L-103191,appraisal_report,true
L-103192,deed_of_trust,false
L-103192,income_verification,true
L-103192,insurance_certificate,true
L-103193,insurance_certificate,true
L-103193,income_verification,true
L-103193,deed_of_trust,true
L-103194,insurance_certificate,true
L-103195,deed_of_trust,true
L-103196,insurance_certificate,true
L-103196,deed_of_trust,true
L-103197,promissory_note,true
L-103198,deed_of_trust,true
L-103199,appraisal_report,false
L-103199,promissory_note,true
L-103199,insurance_certificate,true
L-DUP-1019,income_verification,true
L-DUP-1019,insurance_certificate,true
L-DUP-1019,promissory_note,true
L-103201,deed_of_trust,true
L-103202,appraisal_report,true
L-103203,income_verification,true
L-103203,deed_of_trust,true
L-103203,insurance_certificate,true
L-103204,income_verification,true
L-103204,title_report,false
L-103204,deed_of_trust,true
L-103205,insurance_certificate,false
L-103205,deed_of_trust,true
L-103205,income_verification,true
L-103206,insurance_certificate,true
L-103206,income_verification,true
L-103207,deed_of_trust,false
L-103208,income_verification,true
L-103209,insurance_certificate,true
L-103210,title_report,true
L-103210,income_verification,true
L-103210,appraisal_report,true
L-103211,insurance_certificate,true
L-103211,deed_of_trust,true
L-103211,income_verification,true
L-103212,insurance_certificate,false
L-103212,deed_of_trust,true
L-103212,title_report,true
L-103213,title_report,true
L-103213,income_verification,true
L-103213,deed_of_trust,true
L-103214,insurance_certificate,true
L-103215,appraisal_report,true
L-103216,promissory_note,true
L-103216,deed_of_trust,true
L-103217,income_verification,true
L-103217,deed_of_trust,true
L-103217,promissory_note,true
L-103218,insurance_certificate,true
L-103219,income_verification,true
L-103220,insurance_certificate,true
L-103220,title_report,true
L-103220,promissory_note,true
L-103221,title_report,true
L-103222,promissory_note,true
L-103223,insurance_certificate,true
L-103223,appraisal_report,true
L-103224,promissory_note,true
L-103224,insurance_certificate,true
L-103224,income_verification,true
L-103225,income_verification,true
L-103225,title_report,true
L-103225,insurance_certificate,false
L-103226,income_verification,false
L-103227,appraisal_report,false
L-103228,insurance_certificate,true
L-103228,title_report,true
L-103229,title_report,true
L-103229,income_verification,true
L-103230,income_verification,true
L-103230,insurance_certificate,true
L-103231,income_verification,true
L-103231,appraisal_report,false
L-103231,promissory_note,true
L-103232,income_verification,true
L-103232,appraisal_report,false
L-103233,title_report,true
L-103233,appraisal_report,true
L-103233,income_verification,true
L-103234,promissory_note,true
L-103234,income_verification,true
L-103235,title_report,true
L-103236,title_report,true
L-103236,appraisal_report,true
L-103237,income_verification,true
L-103238,appraisal_report,true
L-103239,appraisal_report,true
L-103239,title_report,true
L-103239,income_verification,true
L-103240,appraisal_report,true
L-103241,appraisal_report,true
L-103241,promissory_note,true
L-103242,promissory_note,true
L-103242,insurance_certificate,true
L-103243,title_report,true
L-103243,income_verification,true
L-103243,insurance_certificate,true
L-103244,deed_of_trust,true
L-103244,insurance_certificate,true
L-103245,deed_of_trust,true
L-103246,insurance_certificate,true
L-103246,appraisal_report,true
L-103247,income_verification,true
L-103247,appraisal_report,true
L-103248,appraisal_report,true
L-103248,insurance_certificate,true
L-103249,title_report,true
L-103249,deed_of_trust,true
L-103250,deed_of_trust,true
L-103251,deed_of_trust,true
L-103251,income_verification,true
L-103252,appraisal_report,true
L-103253,deed_of_trust,true
L-103254,deed_of_trust,true
L-103254,appraisal_report,true
L-103254,income_verification,true
L-103255,promissory_note,true
L-103255,appraisal_report,true
L-103256,income_verification,true
L-103256,title_report,true
L-103257,income_verification,true
L-103257,title_report,true
L-103257,promissory_note,true
L-103258,income_verification,false
L-103258,deed_of_trust,true
L-103258,promissory_note,true
L-103259,insurance_certificate,false
L-103259,deed_of_trust,true
L-103260,promissory_note,true
L-103261,promissory_note,true
L-103262,deed_of_trust,true
L-103262,appraisal_report,true
L-103263,income_verification,true
L-103263,insurance_certificate,true
L-103263,appraisal_report,false
L-103264,insurance_certificate,true
L-103264,appraisal_report,true
L-103264,promissory_note,true
L-103265,deed_of_trust,true
L-103265,income_verification,true
L-103266,insurance_certificate,true
L-103266,appraisal_report,true
L-103266,title_report,true
L-103267,income_verification,true
L-103267,promissory_note,true
L-103268,appraisal_report,true
L-103268,insurance_certificate,true
L-103268,promissory_note,true
L-103269,title_report,true
L-103269,promissory_note,true
L-103270,income_verification,true
L-103270,insurance_certificate,true
L-103271,promissory_note,true
L-103271,deed_of_trust,false
L-103271,insurance_certificate,true
L-103272,insurance_certificate,true
L-103272,deed_of_trust,true
L-103273,deed_of_trust,true
L-103273,insurance_certificate,true
L-103274,title_report,true
L-103274,insurance_certificate,true
L-103275,appraisal_report,true
L-103275,income_verification,true
L-103275,promissory_note,true
L-103276,deed_of_trust,true
L-103277,deed_of_trust,true
L-103278,deed_of_trust,true
L-103278,title_report,true
L-103278,appraisal_report,true
L-103279,insurance_certificate,true
L-103280,promissory_note,true
L-103281,income_verification,false
L-103282,income_verification,false
L-103283,appraisal_report,true
L-103283,promissory_note,true
L-103283,title_report,true
L-103284,deed_of_trust,true
L-103285,income_verification,true
L-103286,deed_of_trust,true
L-103287,income_verification,true
L-103288,income_verification,true
L-103288,title_report,true
L-103289,promissory_note,true
L-103290,promissory_note,true
L-103290,title_report,false
L-103291,deed_of_trust,true
L-103291,insurance_certificate,true
L-103291,promissory_note,true
L-103292,income_verification,true
L-103293,title_report,true
L-103293,insurance_certificate,true
L-103293,promissory_note,true
L-103294,appraisal_report,true
L-103295,deed_of_trust,true
L-103296,deed_of_trust,true
L-103297,insurance_certificate,true
L-103297,appraisal_report,true
L-103297,income_verification,true
L-103298,title_report,true
L-103298,income_verification,true
L-103298,insurance_certificate,true
L-103299,insurance_certificate,true
L-103299,promissory_note,true
L-103299,deed_of_trust,true
L-103300,deed_of_trust,true
L-103300,income_verification,true
L-103301,title_report,true
L-103301,deed_of_trust,true
L-103302,promissory_note,true
L-103303,promissory_note,true
L-103303,insurance_certificate,true
L-103303,appraisal_report,true
L-103304,promissory_note,true
L-103305,insurance_certificate,true
L-103305,appraisal_report,true
L-103306,insurance_certificate,true
L-103307,promissory_note,true
L-103308,deed_of_trust,false
L-103308,title_report,true
L-103308,income_verification,true
L-103309,insurance_certificate,true
L-103309,deed_of_trust,true
L-103309,title_report,true
L-103310,deed_of_trust,true
L-103310,title_report,true
L-103311,promissory_note,true
L-103311,deed_of_trust,true
L-103311,income_verification,true
L-103312,income_verification,true
L-103313,title_report,true
L-103313,deed_of_trust,true
L-103313,insurance_certificate,true
L-103314,title_report,false
L-103314,appraisal_report,true
L-103314,income_verification,true
L-103315,insurance_certificate,true
L-103315,appraisal_report,false
L-103316,appraisal_report,true
L-103316,income_verification,true
L-103316,deed_of_trust,true
L-103317,appraisal_report,true
L-103317,insurance_certificate,true
L-103318,promissory_note,true
L-103319,deed_of_trust,true
L-103320,insurance_certificate,false
L-103320,promissory_note,true
L-103321,promissory_note,true
L-103322,insurance_certificate,true
L-103323,insurance_certificate,true
L-103324,promissory_note,true
L-103324,deed_of_trust,true
L-103325,title_report,true
L-103326,promissory_note,true
L-103327,appraisal_report,true
L-103328,appraisal_report,true
L-103329,income_verification,true
L-103329,title_report,true
L-103330,income_verification,true
L-103330,appraisal_report,true
L-103331,title_report,true
L-103331,appraisal_report,true
L-103331,promissory_note,true
L-103332,title_report,true
L-103332,income_verification,false
L-103332,promissory_note,true
L-103333,income_verification,true
L-103333,title_report,true
L-103334,deed_of_trust,true
L-103334,income_verification,true
L-103335,promissory_note,true
L-103336,promissory_note,true
L-103337,deed_of_trust,true
L-103338,title_report,true
L-103338,insurance_certificate,true
L-103338,income_verification,false
L-103339,income_verification,true
L-103340,deed_of_trust,true
L-103340,title_report,true
L-103340,appraisal_report,true
L-103341,deed_of_trust,true
L-103341,title_report,true
L-103342,insurance_certificate,true
L-103343,insurance_certificate,true
L-103343,income_verification,true
L-103344,title_report,true
L-103345,title_report,true
L-103346,income_verification,true
L-103346,insurance_certificate,true
L-103347,appraisal_report,false
L-103348,insurance_certificate,true
L-103348,appraisal_report,true
L-103348,deed_of_trust,true
L-103349,deed_of_trust,false
L-103350,deed_of_trust,true
L-103351,appraisal_report,true
L-103351,title_report,false
L-103352,title_report,true
L-103353,income_verification,false
L-103354,income_verification,false
L-103355,promissory_note,true
L-103356,deed_of_trust,true
L-103356,title_report,true
L-103357,deed_of_trust,true
L-103357,income_verification,true
L-103357,title_report,true
L-103358,appraisal_report,true
L-103359,deed_of_trust,true
L-103359,insurance_certificate,false
L-103359,promissory_note,true
L-103360,promissory_note,true
L-103360,insurance_certificate,true
L-103360,income_verification,true
L-103361,insurance_certificate,true
L-103361,appraisal_report,true
L-103361,promissory_note,true
L-103362,promissory_note,true
L-103363,promissory_note,false
L-103363,deed_of_trust,true
L-103363,income_verification,true
L-103364,promissory_note,true
L-103364,appraisal_report,true
L-103365,appraisal_report,true
L-103365,title_report,true
L-103366,insurance_certificate,true
L-103366,deed_of_trust,true
L-103367,income_verification,true
L-103367,appraisal_report,true
L-103367,title_report,true
L-103368,title_report,true
L-103369,title_report,false
L-103370,title_report,true
L-103371,insurance_certificate,true
L-103371,appraisal_report,true
L-103372,promissory_note,true
L-103372,title_report,true
L-103373,title_report,false
L-103373,income_verification,true
L-103373,promissory_note,true
L-103374,deed_of_trust,true
L-103374,insurance_certificate,true
L-103375,promissory_note,true
L-103376,insurance_certificate,true
L-103376,title_report,true
L-103376,promissory_note,true
L-103377,title_report,true
L-103377,appraisal_report,true
L-103377,income_verification,true
L-103378,promissory_note,true
L-103378,appraisal_report,true
L-103378,income_verification,true
L-103379,title_report,true
L-103379,income_verification,true
L-103379,insurance_certificate,true
L-103380,promissory_note,true
L-103380,insurance_certificate,true
L-103380,deed_of_trust,true
L-103381,insurance_certificate,true
L-103381,deed_of_trust,true
L-103381,title_report,true
L-103382,insurance_certificate,true
L-103383,insurance_certificate,true
L-103383,income_verification,true
L-103384,promissory_note,true
L-103384,insurance_certificate,true
L-103384,title_report,false
L-103385,appraisal_report,true
L-103386,insurance_certificate,false
L-103386,title_report,true
L-103387,insurance_certificate,true
L-103388,insurance_certificate,false
L-103389,title_report,true
L-103390,insurance_certificate,true
L-103390,deed_of_trust,true
L-103390,title_report,true
L-103391,promissory_note,true
L-103391,income_verification,true
L-103391,title_report,true
L-103392,income_verification,true
L-103392,title_report,true
L-103393,appraisal_report,true
L-103394,appraisal_report,true
L-103394,promissory_note,false
L-103395,appraisal_report,true
L-103396,appraisal_report,true
L-103397,insurance_certificate,true
L-103397,promissory_note,true
L-103398,title_report,false
L-103399,title_report,true
L-103399,income_verification,true
L-103400,promissory_note,true
L-103401,promissory_note,false
L-103402,promissory_note,true
L-103402,deed_of_trust,true
L-103403,income_verification,true
L-103403,insurance_certificate,true
L-103403,deed_of_trust,true
L-103404,deed_of_trust,true
L-103404,title_report,true
L-103405,title_report,true
L-103405,deed_of_trust,true
L-103405,income_verification,true
L-103406,appraisal_report,true
L-103406,income_verification,true
L-103406,promissory_note,true
L-103407,title_report,true
L-103408,deed_of_trust,true
L-103408,income_verification,true
L-103409,promissory_note,true
L-103410,income_verification,true
L-103410,deed_of_trust,true
L-103411,insurance_certificate,true
L-103411,income_verification,true
L-103411,appraisal_report,true
L-103412,deed_of_trust,true
L-103413,income_verification,true
L-103414,title_report,true
L-103414,appraisal_report,false
L-103414,insurance_certificate,true
L-103415,deed_of_trust,true
L-103415,promissory_note,true
L-103416,deed_of_trust,true
L-103416,income_verification,true
L-103416,promissory_note,true
L-103417,deed_of_trust,true
L-103417,income_verification,true
L-103418,title_report,true
L-103418,promissory_note,true
L-103418,appraisal_report,false
L-103419,deed_of_trust,true
L-103420,promissory_note,true
L-103420,title_report,true
L-103420,insurance_certificate,true
L-103421,income_verification,true
L-103422,title_report,true
L-103422,appraisal_report,false
L-103423,title_report,true
L-103423,promissory_note,true
L-103424,income_verification,true
L-103424,appraisal_report,false
L-103424,deed_of_trust,true
L-103425,title_report,true
L-103425,deed_of_trust,true
L-103426,promissory_note,false
L-103427,income_verification,true
L-103427,appraisal_report,false
L-103428,income_verification,true
L-103428,appraisal_report,true
L-103428,title_report,true
L-103429,deed_of_trust,true
L-103429,title_report,true
L-103430,title_report,true
L-103430,appraisal_report,false
L-103430,deed_of_trust,true
L-103431,deed_of_trust,true
L-103432,insurance_certificate,true
L-103433,income_verification,true
L-103433,deed_of_trust,true
L-103434,promissory_note,true
L-103434,deed_of_trust,true
L-103434,title_report,true
L-103435,appraisal_report,true
L-103436,promissory_note,true
L-103436,appraisal_report,true
L-103437,income_verification,false
L-103437,promissory_note,true
L-103437,insurance_certificate,true
L-103438,promissory_note,false
L-103438,insurance_certificate,true
L-103438,appraisal_report,true
L-103439,income_verification,true
L-103440,insurance_certificate,true
L-103441,income_verification,true
L-103441,title_report,true
L-103442,appraisal_report,true
L-103443,income_verification,true
L-103443,insurance_certificate,true
L-103443,deed_of_trust,true
L-103444,appraisal_report,true
L-103444,promissory_note,true
L-103445,deed_of_trust,true
L-103445,promissory_note,true
L-103445,income_verification,true
L-103446,appraisal_report,false
L-103447,promissory_note,true
L-103447,appraisal_report,true
L-103448,appraisal_report,true
L-103449,appraisal_report,false
L-103450,title_report,true
L-103451,promissory_note,true
L-103452,title_report,true
L-103453,insurance_certificate,true
L-103453,income_verification,true
L-103454,appraisal_report,true
L-103455,title_report,true
L-103455,promissory_note,true
L-103456,promissory_note,true
L-103456,insurance_certificate,true
L-103456,income_verification,true
L-103457,insurance_certificate,false
L-103457,promissory_note,true
L-103458,appraisal_report,true
L-103459,promissory_note,true
L-103459,insurance_certificate,true
L-103460,title_report,true
L-103460,promissory_note,false
L-103461,deed_of_trust,true
L-103461,income_verification,true
L-103461,insurance_certificate,true
L-103462,title_report,true
L-103462,insurance_certificate,true
L-103462,income_verification,true
L-103463,deed_of_trust,true
L-103464,insurance_certificate,true
L-103464,appraisal_report,true
L-103464,promissory_note,true
L-103465,deed_of_trust,true
L-103466,income_verification,true
L-103466,title_report,true
L-103467,income_verification,false
L-103467,title_report,true
L-103467,insurance_certificate,true
L-103468,title_report,true
L-103469,appraisal_report,true
L-103470,income_verification,true
L-103470,appraisal_report,true
L-103470,promissory_note,false
L-103471,title_report,true
L-103472,insurance_certificate,false
L-103472,income_verification,true
L-103472,title_report,true
L-103473,appraisal_report,true
L-103473,insurance_certificate,true
L-103474,promissory_note,false
L-103474,insurance_certificate,true
L-103474,title_report,true
L-103475,title_report,false
L-103476,title_report,true
L-103476,insurance_certificate,true
L-103477,promissory_note,true
L-103477,insurance_certificate,false
L-103478,deed_of_trust,true
L-103479,promissory_note,true
L-103480,promissory_note,true
L-103481,appraisal_report,true
L-103481,deed_of_trust,true
L-103481,income_verification,true
L-103482,promissory_note,true
L-103483,title_report,false
L-103484,deed_of_trust,true
L-103484,income_verification,true
L-103485,income_verification,false
L-103485,insurance_certificate,true
L-103485,promissory_note,true
L-103486,title_report,true
L-103487,appraisal_report,true
L-103487,promissory_note,true
L-103487,deed_of_trust,true
L-103488,appraisal_report,true
L-103488,deed_of_trust,true
L-103488,insurance_certificate,true
L-103489,deed_of_trust,true
L-103489,appraisal_report,true
L-103490,title_report,true
L-103490,deed_of_trust,true
L-103490,insurance_certificate,true
L-103491,appraisal_report,true
L-103491,promissory_note,true
L-103491,deed_of_trust,true
L-103492,title_report,true
L-103492,promissory_note,true
L-103492,income_verification,false
L-103493,promissory_note,true
L-103494,promissory_note,true
L-103495,appraisal_report,true
L-103496,promissory_note,true
L-103496,deed_of_trust,true
L-103496,income_verification,true
L-103497,appraisal_report,true
L-103497,insurance_certificate,false
L-103498,insurance_certificate,true
L-103499,title_report,false
L-103500,appraisal_report,true
L-103501,deed_of_trust,true
L-103501,appraisal_report,true
L-103502,insurance_certificate,true
L-103503,appraisal_report,true
L-103504,appraisal_report,true
L-103504,income_verification,true
L-103505,income_verification,true
L-103505,appraisal_report,true
L-103505,title_report,true
L-103506,appraisal_report,true
L-103506,income_verification,true
L-103506,promissory_note,true
L-103507,title_report,true
L-103507,appraisal_report,true
L-103508,deed_of_trust,true
L-103508,promissory_note,true
L-103508,insurance_certificate,true
L-103509,income_verification,true
L-103510,promissory_note,true
L-103510,deed_of_trust,true
L-103510,appraisal_report,true
L-103511,insurance_certificate,false
L-103511,appraisal_report,true
L-103511,promissory_note,true
L-103512,promissory_note,true
L-103513,income_verification,true
L-103513,appraisal_report,true
L-103513,deed_of_trust,true
L-103514,deed_of_trust,true
L-103514,title_report,true
L-103514,income_verification,true
L-103515,insurance_certificate,true
L-103515,promissory_note,true
L-103516,appraisal_report,true
L-103516,deed_of_trust,false
L-103516,promissory_note,true
L-103517,deed_of_trust,true
L-103517,title_report,true
L-103517,insurance_certificate,true
L-103518,deed_of_trust,true
L-103519,appraisal_report,true
L-103520,deed_of_trust,true
L-103520,appraisal_report,true
L-103520,title_report,true
L-103521,deed_of_trust,true
L-103522,deed_of_trust,true
L-103522,insurance_certificate,true
L-103523,deed_of_trust,false
L-103523,income_verification,true
L-103524,title_report,true
L-103524,insurance_certificate,true
L-103525,appraisal_report,true
L-103525,title_report,false
L-103525,income_verification,true
L-103526,appraisal_report,true
L-103526,income_verification,true
L-103526,insurance_certificate,true
L-103527,promissory_note,true
L-103528,income_verification,true
L-103528,appraisal_report,true
L-103529,deed_of_trust,true
L-103529,income_verification,false
L-103530,deed_of_trust,true
L-103530,appraisal_report,true
L-103530,title_report,true
L-103531,title_report,true
L-103532,income_verification,true
L-103532,promissory_note,true
L-103533,insurance_certificate,true
L-103534,income_verification,true
L-103534,promissory_note,true
L-103535,title_report,true
L-103536,income_verification,true
L-103537,income_verification,true
L-103538,insurance_certificate,true
L-103538,deed_of_trust,true
L-103538,appraisal_report,true
L-103539,insurance_certificate,true
L-103539,income_verification,false
L-103539,title_report,true
L-103540,income_verification,false
L-103540,promissory_note,true
L-103540,appraisal_report,false
L-103541,insurance_certificate,true
L-103542,deed_of_trust,true
L-103542,income_verification,true
L-103542,appraisal_report,true
L-103543,promissory_note,true
L-103543,income_verification,true
L-103543,insurance_certificate,true
L-103544,appraisal_report,true
L-103544,promissory_note,false
L-103545,promissory_note,true
L-103545,appraisal_report,true
L-103546,income_verification,true
L-103546,title_report,true
L-103547,appraisal_report,true
L-103547,title_report,false
L-103547,insurance_certificate,true
L-103548,promissory_note,true
L-103548,title_report,true
L-103548,insurance_certificate,true
L-103549,insurance_certificate,true
L-103550,title_report,true
L-103550,insurance_certificate,true
L-103551,title_report,true
L-103551,deed_of_trust,true
L-103552,appraisal_report,true
L-103552,title_report,true
L-103552,income_verification,true
L-103553,deed_of_trust,true
L-103553,appraisal_report,true
L-103553,insurance_certificate,true
L-103554,income_verification,true
L-103554,appraisal_report,true
L-103555,promissory_note,true
L-103556,promissory_note,true
L-103556,income_verification,true
L-103557,title_report,true
L-103557,promissory_note,true
L-103558,appraisal_report,true
L-103559,title_report,true
L-103560,title_report,true
L-103561,promissory_note,true
L-103562,promissory_note,true
L-103562,income_verification,true
L-103563,deed_of_trust,true
L-103563,insurance_certificate,true
L-103563,promissory_note,false
L-103564,income_verification,true
L-103564,insurance_certificate,true
L-103564,appraisal_report,true
L-103565,promissory_note,true
L-103565,appraisal_report,true
L-103565,deed_of_trust,true
L-103566,appraisal_report,true
L-103566,title_report,false
L-103567,deed_of_trust,true
L-103567,appraisal_report,true
L-103568,income_verification,true
L-103568,insurance_certificate,false
L-103568,title_report,true
L-103569,income_verification,true
L-103569,appraisal_report,false
L-103570,promissory_note,true
L-103571,income_verification,true
L-103572,deed_of_trust,true
L-103572,income_verification,true
L-103573,promissory_note,true
L-103574,insurance_certificate,true
L-103574,appraisal_report,true
L-103575,deed_of_trust,true
L-103575,insurance_certificate,true
L-103575,appraisal_report,true
L-103576,title_report,false
L-103576,promissory_note,true
L-103576,deed_of_trust,true
L-103577,appraisal_report,true
L-103577,income_verification,true
L-103577,title_report,true
L-103578,insurance_certificate,true
L-103578,title_report,true
L-103578,deed_of_trust,true
L-103579,appraisal_report,true
L-103580,income_verification,true
L-103581,deed_of_trust,true
L-103582,title_report,true
L-103582,appraisal_report,false
L-103583,appraisal_report,true
L-103584,title_report,true
L-103584,promissory_note,false
L-103584,insurance_certificate,true
L-103585,title_report,true
L-103586,insurance_certificate,true
L-103586,appraisal_report,true
L-103587,appraisal_report,true
L-103587,deed_of_trust,true
L-103587,income_verification,true
L-103588,promissory_note,true
L-103589,income_verification,true
L-103590,insurance_certificate,true
L-103590,appraisal_report,false
L-103591,insurance_certificate,true
L-103592,deed_of_trust,true
L-103592,title_report,true
L-103593,promissory_note,true
L-103594,title_report,true
L-103594,deed_of_trust,true
L-103595,insurance_certificate,true
L-103596,appraisal_report,true
L-103596,insurance_certificate,true
L-103597,income_verification,true
L-103598,title_report,true
L-103598,appraisal_report,true
L-103598,deed_of_trust,true
L-103599,insurance_certificate,true
L-103599,promissory_note,true
L-103599,title_report,true
L-103600,appraisal_report,true
L-103600,income_verification,true
L-103600,promissory_note,true
L-103601,appraisal_report,true
L-103601,deed_of_trust,true
L-103601,income_verification,true
L-103602,income_verification,true
L-103603,title_report,true
L-103603,income_verification,true
L-103603,deed_of_trust,true
L-103604,appraisal_report,true
L-103605,income_verification,true
L-103605,promissory_note,true
L-103606,income_verification,true
L-103606,insurance_certificate,true
L-103606,appraisal_report,true
L-103607,income_verification,false
L-103607,appraisal_report,true
L-103607,insurance_certificate,true
L-103608,income_verification,true
L-103608,insurance_certificate,true
L-103609,title_report,true
L-103610,deed_of_trust,true
L-103610,income_verification,true
L-103611,promissory_note,true
L-103612,promissory_note,true
L-103613,title_report,true
L-103614,insurance_certificate,true
L-103614,income_verification,true
L-103615,income_verification,true
L-103615,deed_of_trust,true
L-103616,appraisal_report,true
L-103616,deed_of_trust,true
L-103617,appraisal_report,true
L-103618,promissory_note,true
L-103618,title_report,true
L-103618,appraisal_report,true
L-103619,title_report,true
L-103619,promissory_note,true
L-103619,income_verification,false
L-103620,deed_of_trust,true
L-103620,title_report,true
L-103621,promissory_note,true
L-103622,income_verification,false
L-103622,insurance_certificate,true
L-103622,title_report,true
L-103623,income_verification,true
L-103623,title_report,true
L-103624,title_report,true
L-103624,deed_of_trust,true
L-103624,insurance_certificate,true
L-103625,deed_of_trust,true
L-103626,deed_of_trust,true
L-103626,promissory_note,true
L-103627,income_verification,true
L-103627,title_report,true
L-103628,promissory_note,true
L-103628,title_report,true
L-103629,title_report,true
L-103629,income_verification,false
L-103629,appraisal_report,false
L-103630,insurance_certificate,true
L-103631,deed_of_trust,true
L-103632,insurance_certificate,true
L-103632,income_verification,true
L-103632,appraisal_report,true
L-103633,insurance_certificate,true
L-103634,deed_of_trust,true
L-103635,title_report,true
L-103635,deed_of_trust,true
L-103635,income_verification,false
L-103636,title_report,true
L-103636,deed_of_trust,false
L-103636,appraisal_report,true
L-103637,insurance_certificate,true
L-103638,appraisal_report,true
L-103639,insurance_certificate,false
L-103639,appraisal_report,true
L-103639,promissory_note,true
L-103640,deed_of_trust,true
L-103640,insurance_certificate,true
L-103641,promissory_note,true
L-103641,deed_of_trust,true
L-103642,appraisal_report,true
L-103643,appraisal_report,true
L-103643,promissory_note,true
L-103644,deed_of_trust,true
L-103644,insurance_certificate,true
L-103644,income_verification,true
L-103645,appraisal_report,true
L-103645,income_verification,true
L-103645,deed_of_trust,true
L-103646,appraisal_report,false
L-103646,income_verification,true
L-103646,title_report,true
L-103647,deed_of_trust,true
L-103648,title_report,true
L-103648,promissory_note,true
L-103649,deed_of_trust,true
L-103649,insurance_certificate,false
L-103650,promissory_note,true
L-103651,appraisal_report,true
L-103652,promissory_note,true
L-103652,deed_of_trust,true
L-103652,insurance_certificate,true
L-103653,appraisal_report,true
L-103653,title_report,true
L-103653,promissory_note,true
L-103654,deed_of_trust,true
L-103654,promissory_note,false
L-103655,income_verification,true
L-103655,title_report,false
L-103655,appraisal_report,true
L-103656,title_report,true
L-103656,deed_of_trust,true
L-103656,promissory_note,false
L-103657,insurance_certificate,true
L-103658,promissory_note,true
L-103659,title_report,true
L-103659,deed_of_trust,true
L-103659,insurance_certificate,true
L-103660,appraisal_report,true
L-103660,insurance_certificate,true
L-103661,deed_of_trust,false
L-103662,appraisal_report,false
L-103663,income_verification,true
L-103663,appraisal_report,true
L-103664,title_report,true
L-103665,promissory_note,true
L-103665,income_verification,true
L-103666,appraisal_report,true
L-103666,income_verification,true
L-103667,income_verification,true
L-103668,income_verification,true
L-103669,title_report,true
L-103669,insurance_certificate,true
L-103669,deed_of_trust,true
L-103670,deed_of_trust,true
L-103670,insurance_certificate,true
L-103670,income_verification,true
L-103671,appraisal_report,true
L-103671,deed_of_trust,true
L-103672,insurance_certificate,true
L-103673,deed_of_trust,true
L-103674,insurance_certificate,true
L-103675,appraisal_report,true
L-103676,promissory_note,true
L-103677,appraisal_report,false
L-103677,promissory_note,true
L-103678,title_report,true
L-103678,deed_of_trust,true
L-103678,appraisal_report,true
L-103679,insurance_certificate,true
L-103679,income_verification,false
L-103680,promissory_note,true
L-103680,deed_of_trust,true
L-103680,appraisal_report,true
L-103681,deed_of_trust,true
L-103681,income_verification,true
L-103681,title_report,true
L-103682,deed_of_trust,true
L-103682,promissory_note,false
L-103682,income_verification,true
L-103683,income_verification,true
L-103684,appraisal_report,true
L-103685,appraisal_report,true
L-103685,income_verification,true
L-103686,appraisal_report,true
L-103686,promissory_note,true
L-103687,income_verification,true
L-103687,appraisal_report,true
L-103687,deed_of_trust,true
L-103688,income_verification,true
L-103688,insurance_certificate,true
L-103688,deed_of_trust,true
L-103689,promissory_note,true
L-103690,insurance_certificate,true
L-103690,appraisal_report,true
L-103691,promissory_note,true
L-103691,deed_of_trust,true
L-103691,insurance_certificate,true
L-103692,appraisal_report,true
L-103693,insurance_certificate,true
L-103693,income_verification,true
L-103694,income_verification,true
L-103695,income_verification,true
L-103695,insurance_certificate,true
L-103696,title_report,true
L-103697,insurance_certificate,true
L-103698,appraisal_report,true
L-103699,income_verification,true
L-103699,deed_of_trust,true
L-103699,insurance_certificate,true
L-103700,deed_of_trust,true
L-103700,title_report,true
L-103701,insurance_certificate,true
L-103701,appraisal_report,true
L-103702,income_verification,false
L-103702,deed_of_trust,true
L-103703,income_verification,true
L-103703,promissory_note,true
L-103704,title_report,true
L-103704,appraisal_report,true
L-103705,income_verification,true
L-103705,insurance_certificate,true
L-103706,title_report,true
L-103706,promissory_note,true
L-103706,income_verification,true
L-103707,title_report,true
L-103707,insurance_certificate,true
L-103707,promissory_note,true
L-103708,deed_of_trust,true
L-103708,title_report,false
L-103708,insurance_certificate,true
L-103709,promissory_note,true
L-103709,income_verification,true
L-103710,promissory_note,true
L-103710,title_report,true
L-103711,insurance_certificate,true
L-103712,appraisal_report,true
L-103713,income_verification,true
L-103713,title_report,true
L-103713,deed_of_trust,true
L-103714,appraisal_report,true
L-103714,insurance_certificate,true
L-103714,title_report,true
L-103715,insurance_certificate,true
L-103715,income_verification,true
L-103716,appraisal_report,true
L-103716,title_report,true
L-103717,title_report,true
L-103718,appraisal_report,true
L-103719,deed_of_trust,true
L-103719,appraisal_report,true
L-103719,insurance_certificate,true
L-103720,title_report,true
L-103720,income_verification,false
L-103720,promissory_note,true
L-103721,insurance_certificate,true
L-103722,title_report,true
L-103722,insurance_certificate,true
L-103723,deed_of_trust,true
L-103724,title_report,true
L-103725,insurance_certificate,true
L-103726,deed_of_trust,true
L-103726,promissory_note,true
L-103726,insurance_certificate,false
L-103727,title_report,true
L-103727,promissory_note,true
L-103727,deed_of_trust,false
L-103728,promissory_note,true
L-103728,insurance_certificate,true
L-103729,appraisal_report,true
L-103730,income_verification,true
L-103730,deed_of_trust,true
L-103731,deed_of_trust,true
L-103731,title_report,true
L-103732,income_verification,true
L-103732,appraisal_report,true
L-103732,title_report,true
L-103733,insurance_certificate,true
L-103733,appraisal_report,true
L-103733,deed_of_trust,true
L-103734,insurance_certificate,true
L-103734,income_verification,true
L-103735,promissory_note,true
L-103736,income_verification,true
L-103736,title_report,true
L-103737,income_verification,true
L-103737,title_report,true
L-103738,title_report,true
L-103738,income_verification,true
L-103739,income_verification,true
L-103739,deed_of_trust,true
L-103740,title_report,true
L-103740,deed_of_trust,true
L-103741,deed_of_trust,true
L-103742,title_report,true
L-103742,promissory_note,true
L-103743,promissory_note,true
L-103744,title_report,true
L-103745,promissory_note,false
L-103746,insurance_certificate,true
L-103746,deed_of_trust,true
L-103747,income_verification,true
L-103747,promissory_note,true
L-103748,income_verification,true
L-103748,appraisal_report,true
L-103749,appraisal_report,true
L-103749,insurance_certificate,true
L-103749,promissory_note,true
L-103750,insurance_certificate,true
L-103751,insurance_certificate,true
L-103751,title_report,false
L-103751,appraisal_report,true
L-103752,appraisal_report,true
L-103752,promissory_note,true
L-103752,title_report,false
L-103753,promissory_note,true
L-103754,appraisal_report,true
L-103755,promissory_note,true
L-103756,appraisal_report,false
L-103757,income_verification,false
L-103757,deed_of_trust,true
L-103758,income_verification,true
L-103759,insurance_certificate,true
L-103759,promissory_note,true
L-103760,deed_of_trust,true
L-103760,income_verification,true
L-103761,appraisal_report,true
L-103761,deed_of_trust,true
L-103761,insurance_certificate,true
L-103762,title_report,true
L-103762,appraisal_report,true
L-103763,title_report,true
L-103763,insurance_certificate,true
L-103763,promissory_note,true
L-103764,promissory_note,false
L-103764,income_verification,true
L-103765,appraisal_report,true
L-103765,insurance_certificate,true
L-103765,income_verification,true
L-103766,deed_of_trust,true
L-103766,income_verification,true
L-103767,appraisal_report,true
L-103768,insurance_certificate,true
L-103769,insurance_certificate,true
L-103770,promissory_note,true
L-103770,income_verification,true
L-103770,appraisal_report,true
L-103771,promissory_note,true
L-103772,income_verification,true
L-103772,promissory_note,true
L-103772,insurance_certificate,true
L-103773,appraisal_report,false
L-103773,income_verification,true
L-103774,income_verification,true
L-103774,promissory_note,true
L-103774,appraisal_report,true
L-103775,income_verification,true
L-103776,promissory_note,true
L-103776,title_report,true
L-103776,income_verification,true
L-103777,appraisal_report,true
L-103777,insurance_certificate,true
L-103778,promissory_note,true
L-103778,deed_of_trust,true
L-103779,income_verification,true
L-103779,insurance_certificate,true
L-103780,insurance_certificate,true
L-103781,insurance_certificate,true
L-103781,deed_of_trust,true
L-103781,promissory_note,true
L-103782,promissory_note,true
L-103782,income_verification,true
L-103783,appraisal_report,true
L-103783,deed_of_trust,true
L-103784,promissory_note,true
L-103784,income_verification,true
L-103785,promissory_note,false
L-103785,appraisal_report,true
L-103785,income_verification,true
L-103786,title_report,true
L-103787,deed_of_trust,true
L-103787,income_verification,true
L-103787,promissory_note,true
L-103788,insurance_certificate,true
L-103788,income_verification,true
L-103788,appraisal_report,true
L-103789,appraisal_report,true
L-103789,promissory_note,true
L-103790,appraisal_report,true
L-103790,income_verification,true
L-103791,insurance_certificate,true
L-103791,deed_of_trust,true
L-103791,income_verification,true
L-103792,appraisal_report,true
L-103792,deed_of_trust,true
L-103793,title_report,false
L-103793,deed_of_trust,true
L-103793,insurance_certificate,true
L-103794,appraisal_report,true
L-103795,deed_of_trust,true
L-103796,income_verification,true
L-103796,promissory_note,false
L-103796,title_report,true
L-103797,appraisal_report,true
L-103797,income_verification,true
L-103798,deed_of_trust,true
L-103799,deed_of_trust,true
L-103799,promissory_note,true
L-103800,deed_of_trust,false
L-103800,promissory_note,true
L-103800,insurance_certificate,true
L-103801,promissory_note,true
L-103802,appraisal_report,true
L-103802,insurance_certificate,true
L-103802,income_verification,false
L-103803,appraisal_report,true
L-103803,deed_of_trust,true
L-103803,income_verification,true
L-103804,deed_of_trust,true
L-103805,deed_of_trust,true
L-103805,insurance_certificate,true
L-103805,promissory_note,true
L-103806,promissory_note,true
L-103806,appraisal_report,true
L-103807,deed_of_trust,true
L-103808,insurance_certificate,true
L-103809,income_verification,false
L-103810,insurance_certificate,true
L-103811,title_report,true
L-103811,income_verification,true
L-103811,deed_of_trust,true
L-103812,title_report,false
L-103813,appraisal_report,true
L-103813,insurance_certificate,true
L-103813,promissory_note,true
L-103814,promissory_note,true
L-103814,appraisal_report,true
L-103815,income_verification,true
L-103816,title_report,true
L-103816,insurance_certificate,false
L-103817,appraisal_report,true
L-103817,deed_of_trust,true
L-103817,promissory_note,true
L-103818,income_verification,true
L-103818,insurance_certificate,true
L-103818,deed_of_trust,true
L-103819,title_report,true
L-103820,income_verification,true
L-103820,title_report,true
L-103821,promissory_note,true
L-103822,deed_of_trust,false
L-103822,promissory_note,true
L-103823,insurance_certificate,true
L-103824,promissory_note,true
L-103824,insurance_certificate,true
L-103824,appraisal_report,true
L-103825,deed_of_trust,true
L-103825,insurance_certificate,true
L-103825,appraisal_report,false
L-103826,promissory_note,true
L-103827,income_verification,true
L-103827,deed_of_trust,true
L-103828,appraisal_report,true
L-103829,promissory_note,true
L-103830,deed_of_trust,false
L-103830,promissory_note,false
L-103831,insurance_certificate,true
L-103831,appraisal_report,true
L-103832,title_report,true
L-103832,insurance_certificate,true
L-103833,title_report,true
L-103834,title_report,true
L-103834,appraisal_report,true
L-103834,income_verification,true
L-103835,deed_of_trust,true
L-103835,promissory_note,true
L-103836,deed_of_trust,false
L-103836,appraisal_report,false
L-103837,income_verification,true
L-103838,deed_of_trust,true
L-103839,insurance_certificate,true
L-103839,income_verification,true
L-103839,promissory_note,true
L-103840,insurance_certificate,true
L-103841,deed_of_trust,true
L-103841,income_verification,true
L-103841,appraisal_report,true
L-103842,deed_of_trust,true
L-103842,promissory_note,true
L-103843,title_report,true
L-103844,deed_of_trust,true
L-103844,promissory_note,true
L-103845,promissory_note,false
L-103846,promissory_note,true
L-103846,title_report,true
L-103846,deed_of_trust,true
L-103847,title_report,true
L-103847,insurance_certificate,true
L-103847,appraisal_report,true
L-103848,deed_of_trust,false
L-103849,promissory_note,true
L-103849,title_report,true
L-103850,insurance_certificate,true
L-103850,appraisal_report,true
L-103851,deed_of_trust,true
L-103851,promissory_note,false
L-103852,appraisal_report,true
L-103853,income_verification,true
L-103854,title_report,true
L-103854,insurance_certificate,true
L-103855,deed_of_trust,true
L-103856,income_verification,true
L-103857,appraisal_report,true
L-103858,deed_of_trust,false
L-103859,insurance_certificate,true
L-103859,appraisal_report,true
L-103860,appraisal_report,false
L-103860,income_verification,false
L-103861,deed_of_trust,true
L-103862,appraisal_report,true
L-103862,insurance_certificate,true
L-103863,appraisal_report,true
L-103864,promissory_note,true
L-103864,income_verification,true
L-103864,deed_of_trust,true
L-103865,appraisal_report,true
L-103865,title_report,true
L-103865,deed_of_trust,true
L-103866,promissory_note,true
L-103866,deed_of_trust,true
L-103867,income_verification,true
L-103868,insurance_certificate,true
L-103868,appraisal_report,true
L-103868,income_verification,true
L-103869,insurance_certificate,true
L-103869,deed_of_trust,true
L-103869,appraisal_report,true
L-103870,insurance_certificate,true
L-103870,deed_of_trust,true
L-103871,insurance_certificate,true
L-103872,promissory_note,true
L-103872,appraisal_report,true
L-103873,promissory_note,true
L-103873,appraisal_report,true
L-103874,income_verification,true
L-103874,appraisal_report,true
L-103874,title_report,true
L-103875,deed_of_trust,true
L-103875,appraisal_report,true
L-103876,insurance_certificate,true
L-103877,promissory_note,true
L-103877,deed_of_trust,true
L-103877,appraisal_report,true
L-103878,promissory_note,true
L-103878,deed_of_trust,true
L-103878,income_verification,true
L-103879,deed_of_trust,true
L-103879,title_report,true
L-103879,appraisal_report,true
L-103880,promissory_note,true
L-103881,income_verification,true
L-103881,appraisal_report,true
L-103881,insurance_certificate,false
L-103882,deed_of_trust,true
L-103882,income_verification,true
L-103883,appraisal_report,false
L-103883,income_verification,true
L-103884,income_verification,true
L-103885,title_report,true
L-103885,income_verification,true
L-103886,title_report,true
L-103886,income_verification,true
L-103887,insurance_certificate,true
L-103887,income_verification,false
L-103887,title_report,true
L-103888,title_report,true
L-103889,insurance_certificate,true
L-103889,title_report,false
L-103890,promissory_note,true
L-103891,title_report,true
L-103892,appraisal_report,true
L-103893,income_verification,true
L-103894,income_verification,true
L-103894,title_report,true
L-103894,promissory_note,true
L-103895,insurance_certificate,true
L-103896,income_verification,true
L-103896,insurance_certificate,false
L-103897,income_verification,true
L-103898,deed_of_trust,true
L-103898,title_report,true
L-103898,appraisal_report,true
L-103899,insurance_certificate,true
L-103900,promissory_note,true
L-103900,appraisal_report,true
L-103900,insurance_certificate,true
L-103901,promissory_note,true
L-103901,title_report,true
L-103901,insurance_certificate,true
L-103902,appraisal_report,true
L-103902,insurance_certificate,false
L-103902,promissory_note,true
L-103903,appraisal_report,true
L-103903,title_report,true
L-103904,promissory_note,false
L-103904,title_report,true
L-103904,insurance_certificate,true
L-103905,insurance_certificate,false
L-103906,title_report,true
L-103906,deed_of_trust,true
L-103906,insurance_certificate,true
L-103907,appraisal_report,true
L-103908,income_verification,true
L-103908,promissory_note,true
L-103908,deed_of_trust,true
L-103909,title_report,true
L-103910,appraisal_report,true
L-103910,income_verification,true
L-103910,promissory_note,true
L-103911,insurance_certificate,true
L-103911,appraisal_report,true
L-103912,insurance_certificate,true
L-103912,income_verification,true
L-103912,deed_of_trust,false
L-103913,deed_of_trust,true
L-103913,promissory_note,true
L-103914,promissory_note,true
L-103914,title_report,true
L-103914,appraisal_report,true
L-103915,promissory_note,true
L-103916,insurance_certificate,true
L-103916,deed_of_trust,true
L-103916,title_report,true
L-103917,income_verification,false
L-103917,appraisal_report,true
L-103918,deed_of_trust,true
L-103918,promissory_note,true
L-103918,title_report,true
L-103919,title_report,true
L-103920,insurance_certificate,true
L-103921,promissory_note,true
L-103922,deed_of_trust,true
L-103922,income_verification,true
L-103923,appraisal_report,true
L-103923,insurance_certificate,true
L-103924,income_verification,true
L-103925,income_verification,true
L-103925,appraisal_report,true
L-103926,income_verification,true
L-103927,deed_of_trust,true
L-103927,insurance_certificate,true
L-103927,income_verification,true
L-103928,title_report,true
L-103928,insurance_certificate,true
L-103929,title_report,true
L-103930,appraisal_report,true
L-103930,insurance_certificate,true
L-103931,appraisal_report,true
L-103931,income_verification,true
L-103931,promissory_note,true
L-103932,insurance_certificate,true
L-103932,title_report,true
L-103932,appraisal_report,true
L-103933,title_report,true
L-103933,income_verification,true
L-103934,deed_of_trust,true
L-103934,appraisal_report,true
L-103934,income_verification,true
L-103935,appraisal_report,true
L-103936,promissory_note,true
L-103936,insurance_certificate,false
L-103937,deed_of_trust,true
L-103938,appraisal_report,true
L-103938,deed_of_trust,true
L-103939,insurance_certificate,true
L-103939,promissory_note,true
L-103939,appraisal_report,true
L-103940,deed_of_trust,true
L-103941,title_report,true
L-103941,appraisal_report,true
L-103942,deed_of_trust,false
L-103943,appraisal_report,true
L-103943,income_verification,true
L-103943,title_report,true
L-103944,promissory_note,true
L-103944,deed_of_trust,true
L-103945,appraisal_report,true
L-103945,title_report,true
L-103946,income_verification,true
L-103946,insurance_certificate,false
L-103946,appraisal_report,true
L-103947,promissory_note,true
L-103947,deed_of_trust,true
L-103948,insurance_certificate,true
L-103948,title_report,true
L-103949,deed_of_trust,true
L-103949,income_verification,true
L-103949,insurance_certificate,true
L-103950,promissory_note,true
L-103951,deed_of_trust,true
L-103951,insurance_certificate,true
L-103951,promissory_note,true
L-103952,insurance_certificate,true
L-103952,promissory_note,true
L-103953,title_report,false
L-103953,appraisal_report,true
L-103954,income_verification,true
L-103954,appraisal_report,true
L-103955,appraisal_report,true
L-103956,promissory_note,true
L-103956,appraisal_report,true
L-103957,insurance_certificate,true
L-103958,appraisal_report,true
L-103958,insurance_certificate,true
L-103959,income_verification,true
L-103959,deed_of_trust,true
L-103960,title_report,true
L-103961,deed_of_trust,true
L-103962,title_report,true
L-103962,income_verification,false
L-103962,insurance_certificate,true
L-103963,deed_of_trust,true
L-103963,appraisal_report,true
L-103963,insurance_certificate,true
L-103964,income_verification,true
L-103964,promissory_note,false
L-103965,income_verification,true
L-103965,title_report,true
L-103965,insurance_certificate,true
L-103966,insurance_certificate,true
L-103966,promissory_note,true
L-103967,promissory_note,false
L-103967,insurance_certificate,true
L-103968,deed_of_trust,true
L-103969,promissory_note,true
L-103969,insurance_certificate,true
L-103970,income_verification,true
L-103970,insurance_certificate,true
L-103970,deed_of_trust,true
L-103971,title_report,true
L-103972,promissory_note,true
L-103972,title_report,true
L-103972,appraisal_report,true
L-103973,title_report,true
L-103973,appraisal_report,true
L-103973,income_verification,true
L-103974,appraisal_report,true
L-103975,title_report,true
L-103975,appraisal_report,true
L-103976,promissory_note,true
L-103976,appraisal_report,true
L-103976,deed_of_trust,true
L-103977,insurance_certificate,true
L-103977,title_report,true
L-103977,appraisal_report,true
L-103978,insurance_certificate,true
L-103979,promissory_note,true
L-103979,appraisal_report,true
L-103980,appraisal_report,true
L-103980,promissory_note,true
L-103980,insurance_certificate,true
L-103981,insurance_certificate,true
L-103981,promissory_note,true
L-103981,deed_of_trust,false
L-103982,deed_of_trust,true
L-103982,appraisal_report,true
L-103982,insurance_certificate,true
L-103983,appraisal_report,true
L-103983,promissory_note,true
L-103983,deed_of_trust,true
L-103984,appraisal_report,true
L-103984,income_verification,true
L-103985,promissory_note,true
L-103985,title_report,false
L-103985,appraisal_report,true
L-103986,appraisal_report,true
L-103986,deed_of_trust,true
L-103986,income_verification,true
L-103987,income_verification,true
L-103987,deed_of_trust,true
L-103988,title_report,true
L-103989,title_report,true
L-103989,appraisal_report,true
L-103989,income_verification,true
L-103990,title_report,true
L-103990,deed_of_trust,true
L-103990,insurance_certificate,true
L-103991,deed_of_trust,true
L-103991,appraisal_report,true
L-103991,title_report,true
L-103992,income_verification,true
L-103992,appraisal_report,true
L-103993,insurance_certificate,true
L-103993,income_verification,true
L-103993,appraisal_report,true
L-103994,income_verification,true
L-103994,deed_of_trust,true
L-103994,title_report,true
L-103995,insurance_certificate,true
L-103996,appraisal_report,true
L-103996,promissory_note,true
L-103997,appraisal_report,true
L-103998,appraisal_report,true
L-103998,insurance_certificate,true
L-103998,title_report,true
L-103999,appraisal_report,true
L-103999,promissory_note,true
L-103999,insurance_certificate,true
L-104000,promissory_note,true
L-104001,appraisal_report,false
L-104001,income_verification,true
L-104001,insurance_certificate,true
L-104002,promissory_note,true
L-104002,appraisal_report,true
L-104002,deed_of_trust,true
L-104003,deed_of_trust,false
L-104004,deed_of_trust,true
L-104005,deed_of_trust,false
L-104006,income_verification,true
L-104006,insurance_certificate,true
L-104006,appraisal_report,true
L-104007,appraisal_report,true
L-104007,income_verification,true
L-104007,insurance_certificate,true
L-104008,promissory_note,true
L-104008,title_report,false
L-104009,appraisal_report,true
L-104010,title_report,true
L-104010,appraisal_report,false
L-104010,promissory_note,true
L-104011,insurance_certificate,true
L-104012,appraisal_report,true
L-104012,promissory_note,true
L-104012,income_verification,true
L-104013,appraisal_report,false
L-104013,deed_of_trust,true
L-104014,insurance_certificate,true
L-104015,promissory_note,true
L-104015,deed_of_trust,true
L-104016,appraisal_report,true
L-104016,income_verification,true
L-104017,deed_of_trust,true
L-104017,appraisal_report,true
L-104018,insurance_certificate,false
L-104018,appraisal_report,false
L-104018,title_report,true
L-104019,title_report,true
L-104019,deed_of_trust,true
L-104020,title_report,false
L-104021,income_verification,true
L-104021,title_report,true
L-104022,title_report,false
L-104022,income_verification,true
L-104022,insurance_certificate,true
L-104023,promissory_note,true
L-104023,insurance_certificate,true
L-104023,income_verification,true
L-104024,appraisal_report,true
L-104024,income_verification,true
L-104024,insurance_certificate,true
L-104025,promissory_note,true
L-104025,income_verification,true
L-104025,insurance_certificate,true
L-104026,insurance_certificate,true
L-104027,appraisal_report,true
L-104027,insurance_certificate,true
L-104027,deed_of_trust,true
L-104028,title_report,true
L-104029,income_verification,true
L-104030,deed_of_trust,true
L-104030,income_verification,false
L-104031,promissory_note,true
L-104032,title_report,true
L-104032,insurance_certificate,true
L-104032,promissory_note,false
L-104033,income_verification,true
L-104034,deed_of_trust,true
L-104035,title_report,true
L-104035,income_verification,true
L-104036,insurance_certificate,true
L-104036,appraisal_report,false
L-104037,promissory_note,true
L-104037,insurance_certificate,true
L-104037,title_report,false
L-104038,appraisal_report,true
L-104038,income_verification,true
L-104038,promissory_note,true
L-104039,insurance_certificate,true
L-104040,promissory_note,true
L-104041,title_report,true
L-104041,income_verification,true
L-104042,title_report,true
L-104042,appraisal_report,true
L-104042,income_verification,true
L-104043,title_report,true
L-104043,appraisal_report,false
L-104043,insurance_certificate,true
L-104044,promissory_note,true
L-104044,deed_of_trust,true
L-104044,appraisal_report,true
L-104045,appraisal_report,true
L-104046,deed_of_trust,true
L-104046,appraisal_report,true
L-104046,insurance_certificate,true
L-104047,deed_of_trust,true
L-104047,insurance_certificate,true
L-104048,insurance_certificate,true
L-104048,promissory_note,true
L-104049,title_report,false
L-104049,appraisal_report,true
L-104049,deed_of_trust,true
L-104050,promissory_note,true
L-104050,appraisal_report,true
L-104050,title_report,true
L-104051,deed_of_trust,true
L-104051,insurance_certificate,true
L-104052,deed_of_trust,false
L-104052,insurance_certificate,true
L-104053,appraisal_report,true
L-104053,deed_of_trust,true
L-104053,income_verification,false
L-104054,insurance_certificate,true
L-104055,appraisal_report,false
L-104056,insurance_certificate,false
L-104057,appraisal_report,true
L-104058,deed_of_trust,true
L-104058,income_verification,false
L-104059,deed_of_trust,true
L-104059,insurance_certificate,true
L-104060,insurance_certificate,true
L-104061,appraisal_report,true
L-104061,deed_of_trust,true
L-104061,title_report,true
L-104062,promissory_note,true
L-104062,income_verification,true
L-104062,insurance_certificate,true
L-104063,title_report,true
L-104063,promissory_note,true
L-104064,deed_of_trust,true
L-104064,insurance_certificate,false
L-104065,appraisal_report,true
L-104065,income_verification,true
L-104065,promissory_note,true
L-104066,deed_of_trust,false
L-104066,promissory_note,true
L-104066,appraisal_report,true
L-104067,appraisal_report,true
L-104067,income_verification,true
L-104067,insurance_certificate,true
L-104068,promissory_note,true
L-104068,title_report,true
L-104069,title_report,true
L-104070,insurance_certificate,true
L-104071,title_report,true
L-104071,income_verification,true
L-104072,promissory_note,true
L-104072,income_verification,true
L-104073,title_report,true
L-104073,income_verification,true
L-104074,title_report,true
L-104075,appraisal_report,true
L-104075,title_report,true
L-104076,title_report,true
L-104077,insurance_certificate,true
L-104077,title_report,true
L-104078,income_verification,true
L-104078,title_report,true
L-104079,promissory_note,true
L-104079,appraisal_report,true
L-104080,income_verification,false
L-104081,title_report,false
L-104081,deed_of_trust,true
L-104082,appraisal_report,true
L-104082,deed_of_trust,true
L-104083,deed_of_trust,true
L-104084,insurance_certificate,true
L-104085,deed_of_trust,true
L-104085,income_verification,false
L-104086,title_report,true
L-104086,insurance_certificate,false
L-104087,promissory_note,true
L-104087,appraisal_report,true
L-104087,deed_of_trust,true
L-104088,title_report,true
L-104088,deed_of_trust,true
L-104089,appraisal_report,true
L-104090,title_report,true
L-104090,income_verification,true
L-104091,promissory_note,true
L-104092,deed_of_trust,true
L-104092,appraisal_report,true
L-104092,title_report,true
L-104093,title_report,true
L-104094,appraisal_report,true
L-104094,income_verification,true
L-104094,title_report,true
L-104095,title_report,true
L-104095,deed_of_trust,true
L-104096,appraisal_report,true
L-104096,promissory_note,true
L-104097,deed_of_trust,true
L-104097,title_report,true
L-104097,income_verification,true
L-104098,deed_of_trust,false
L-104099,title_report,true
L-104099,income_verification,true
L-104100,deed_of_trust,false
L-104100,promissory_note,true
L-104100,appraisal_report,true
L-104101,insurance_certificate,false
L-104102,appraisal_report,false
L-104102,title_report,true
L-104102,deed_of_trust,true
L-104103,promissory_note,true
L-104104,income_verification,true
L-104104,appraisal_report,true
L-104105,title_report,true
L-104105,promissory_note,true
L-104106,promissory_note,true
L-104106,deed_of_trust,false
L-104107,insurance_certificate,true
L-104108,income_verification,true
L-104108,deed_of_trust,true
L-104108,appraisal_report,true
L-104109,deed_of_trust,true
L-104109,appraisal_report,true
L-104109,insurance_certificate,false
L-104110,promissory_note,true
L-104110,insurance_certificate,true
L-104110,title_report,true
L-104111,appraisal_report,true
L-104112,title_report,true
L-104112,income_verification,true
L-104113,deed_of_trust,false
L-104114,insurance_certificate,true
L-104114,appraisal_report,true
L-104115,title_report,true
L-104115,deed_of_trust,true
L-104116,deed_of_trust,true
L-104117,title_report,true
L-104117,appraisal_report,true
L-104118,deed_of_trust,true
L-104118,insurance_certificate,true
L-104119,appraisal_report,true
L-104120,appraisal_report,true
L-104120,promissory_note,true
L-104120,income_verification,true
L-104121,deed_of_trust,true
L-104122,income_verification,false
L-104123,appraisal_report,true
L-104123,deed_of_trust,false
L-104124,income_verification,true
L-104124,insurance_certificate,true
L-104124,title_report,true
L-104125,insurance_certificate,true
L-104126,promissory_note,true
L-104127,title_report,true
L-104128,insurance_certificate,true
L-104128,title_report,true
L-104129,income_verification,true
L-104129,insurance_certificate,true
L-104129,title_report,false
L-104130,appraisal_report,true
L-104130,income_verification,true
L-104130,insurance_certificate,true
L-104131,insurance_certificate,true
L-104132,deed_of_trust,true
L-104133,insurance_certificate,true
L-104134,promissory_note,true
L-104134,deed_of_trust,true
L-104134,title_report,false
L-104135,promissory_note,true
L-104135,deed_of_trust,true
L-104135,insurance_certificate,true
L-104136,appraisal_report,true
L-104137,promissory_note,true
L-104138,promissory_note,false
L-104138,deed_of_trust,true
L-104138,appraisal_report,true
L-104139,income_verification,true
L-104140,appraisal_report,true
L-104140,deed_of_trust,true
L-104141,deed_of_trust,true
L-104141,appraisal_report,true
L-104142,title_report,true
L-104142,income_verification,true
L-104143,income_verification,true
L-104143,insurance_certificate,true
L-104144,appraisal_report,true
L-104144,deed_of_trust,false
L-104144,insurance_certificate,false
L-104145,promissory_note,true
L-104145,insurance_certificate,true
L-104146,promissory_note,true
L-104146,deed_of_trust,true
L-104146,insurance_certificate,true
L-104147,promissory_note,true
L-104147,income_verification,true
L-104148,deed_of_trust,true
L-104148,appraisal_report,true
L-104149,insurance_certificate,false
L-104149,promissory_note,true
L-104149,deed_of_trust,true
L-104150,promissory_note,true
L-104150,appraisal_report,true
L-104150,income_verification,true
L-104151,title_report,true
L-104151,insurance_certificate,true
L-104152,promissory_note,false
L-104152,income_verification,true
L-104152,deed_of_trust,true
L-104153,income_verification,true
L-104153,promissory_note,true
L-104153,deed_of_trust,true
L-104154,deed_of_trust,true
L-104155,title_report,true
L-104156,promissory_note,true
L-104156,appraisal_report,true
L-104156,income_verification,true
L-104157,appraisal_report,true
L-104158,title_report,true
L-104159,promissory_note,true
L-104160,title_report,true
L-104160,deed_of_trust,true
L-104161,appraisal_report,true
L-104162,title_report,true
L-104163,promissory_note,true
L-104163,insurance_certificate,true
L-104163,income_verification,true
L-104164,income_verification,true
L-104164,promissory_note,true
L-104164,appraisal_report,true
L-104165,deed_of_trust,true
L-104165,insurance_certificate,true
L-104165,appraisal_report,true
L-104166,income_verification,true
L-104167,promissory_note,true
L-104167,deed_of_trust,true
L-104167,income_verification,true
L-104168,deed_of_trust,true
L-104168,income_verification,true
L-104169,deed_of_trust,true
L-104169,promissory_note,false
L-104169,appraisal_report,false
L-104170,income_verification,true
L-104170,title_report,true
L-104171,insurance_certificate,true
L-104171,deed_of_trust,true
L-104172,deed_of_trust,true
L-104173,title_report,false
L-104173,appraisal_report,true
L-104174,title_report,true
L-104174,deed_of_trust,true
L-104175,appraisal_report,true
L-104176,appraisal_report,true
L-104177,title_report,true
L-104177,deed_of_trust,true
L-104178,insurance_certificate,true
L-104179,insurance_certificate,true
L-104180,deed_of_trust,true
L-104181,title_report,true
L-104182,appraisal_report,true
L-104182,promissory_note,true
L-104183,income_verification,true
L-104183,title_report,true
L-104183,appraisal_report,true
L-104184,appraisal_report,true
L-104184,deed_of_trust,true
L-104184,insurance_certificate,true
L-104185,appraisal_report,true
L-104186,promissory_note,true
L-104186,appraisal_report,true
L-104187,deed_of_trust,true
L-104187,income_verification,true
L-104187,insurance_certificate,true
L-104188,promissory_note,true
L-104189,insurance_certificate,true
L-104189,promissory_note,true
L-104190,income_verification,true
L-104190,promissory_note,true
L-104191,deed_of_trust,true
L-104192,deed_of_trust,false
L-104193,appraisal_report,true
L-104193,income_verification,false
L-104194,title_report,true
L-104194,appraisal_report,true
L-104194,insurance_certificate,true
L-104195,title_report,true
L-104195,insurance_certificate,true
L-104195,appraisal_report,true
L-104196,title_report,true
L-104196,appraisal_report,true
L-104196,promissory_note,true
L-104197,title_report,true
L-104197,insurance_certificate,true
L-104198,insurance_certificate,true
L-104198,deed_of_trust,true
L-104198,appraisal_report,false
L-104199,title_report,false
L-104199,appraisal_report,true
L-104200,income_verification,true
L-104201,title_report,true
L-104201,income_verification,true
L-104201,deed_of_trust,true
L-104202,title_report,true
L-104203,income_verification,true
L-104203,insurance_certificate,true
L-104204,deed_of_trust,true
L-104205,deed_of_trust,true
L-104206,promissory_note,true
L-104206,appraisal_report,true
L-104207,title_report,true
L-104208,title_report,false
L-104209,title_report,true
L-104209,income_verification,true
L-104209,promissory_note,true
L-104210,title_report,true
L-104211,promissory_note,true
L-104211,deed_of_trust,true
L-104212,insurance_certificate,true
L-104212,promissory_note,true
L-104212,deed_of_trust,false
L-104213,appraisal_report,true
L-104213,deed_of_trust,true
L-104213,insurance_certificate,true
L-104214,deed_of_trust,false
L-104215,income_verification,true
L-104215,insurance_certificate,true
L-104215,deed_of_trust,true
L-104216,title_report,true
L-104217,title_report,true
L-104217,promissory_note,true
L-104217,insurance_certificate,true
L-104218,appraisal_report,false
L-104218,insurance_certificate,true
L-104219,promissory_note,true
L-104219,deed_of_trust,true
L-104219,insurance_certificate,true
L-104220,insurance_certificate,true
L-104221,income_verification,true
L-104222,title_report,true
L-104222,insurance_certificate,false
L-104222,promissory_note,true
L-104223,appraisal_report,true
L-104224,appraisal_report,true
L-104224,title_report,true
L-104224,promissory_note,false
L-104225,title_report,true
L-104225,income_verification,false
L-104226,promissory_note,true
L-104227,promissory_note,true
L-104227,appraisal_report,true
L-104227,deed_of_trust,true
L-104228,deed_of_trust,true
L-104229,title_report,true
L-104229,promissory_note,true
L-104229,deed_of_trust,true
L-104230,appraisal_report,true
L-104230,deed_of_trust,true
L-104230,insurance_certificate,true
L-104231,insurance_certificate,true
L-104232,appraisal_report,true
L-104232,promissory_note,true
L-104233,deed_of_trust,true
L-104233,income_verification,true
L-104233,promissory_note,true
L-104234,title_report,true
L-104235,income_verification,true
L-104235,title_report,true
L-104236,promissory_note,true
L-104236,appraisal_report,true
L-104236,income_verification,true
L-104237,promissory_note,true
L-104237,income_verification,true
L-104238,promissory_note,true
L-104238,deed_of_trust,true
L-104238,title_report,true
L-104239,title_report,true
L-104240,insurance_certificate,true
L-104241,title_report,true
L-104241,deed_of_trust,true
L-104241,insurance_certificate,true
L-104242,deed_of_trust,true
L-104242,income_verification,true
L-104243,income_verification,true
L-104244,insurance_certificate,false
L-104245,insurance_certificate,true
L-104246,deed_of_trust,true
L-104246,title_report,true
L-104247,promissory_note,true
L-104247,income_verification,true
L-104247,appraisal_report,true
L-104248,insurance_certificate,true
L-104248,title_report,true
L-104248,income_verification,true
L-104249,promissory_note,true
L-104249,appraisal_report,true
L-104250,appraisal_report,true
L-104251,promissory_note,true
L-104252,deed_of_trust,true
L-104252,appraisal_report,true
L-104252,title_report,true
L-104253,appraisal_report,true
L-104253,income_verification,true
L-104253,promissory_note,true
L-104254,promissory_note,true
L-104255,insurance_certificate,true
L-104255,deed_of_trust,true
L-104256,title_report,true
L-104256,promissory_note,true
L-104256,appraisal_report,true
L-104257,appraisal_report,false
L-104257,insurance_certificate,true
L-104257,promissory_note,true
L-104258,insurance_certificate,true
L-104258,appraisal_report,true
L-104259,insurance_certificate,true
L-104260,income_verification,true
L-104261,appraisal_report,true
L-104262,deed_of_trust,true
L-104263,promissory_note,true
L-104264,insurance_certificate,true
L-104265,title_report,true
L-104265,insurance_certificate,true
L-104265,promissory_note,true
L-104266,deed_of_trust,true
L-104266,title_report,true
L-104267,title_report,true
L-104268,deed_of_trust,true
L-104268,promissory_note,true
L-104268,appraisal_report,true
L-104269,deed_of_trust,true
L-104270,title_report,true
L-104270,appraisal_report,true
L-104270,insurance_certificate,true
L-104271,appraisal_report,true
L-104271,insurance_certificate,true
L-104271,promissory_note,true
L-104272,deed_of_trust,true
L-104273,promissory_note,false
L-104274,insurance_certificate,true
L-104275,deed_of_trust,false
L-104275,appraisal_report,true
L-104275,insurance_certificate,false
L-104276,deed_of_trust,true
L-104276,promissory_note,true
L-104277,income_verification,true
L-104277,insurance_certificate,true
L-104278,insurance_certificate,true
L-104278,deed_of_trust,true
L-104279,deed_of_trust,true
L-104280,insurance_certificate,false
L-104280,promissory_note,true
L-104281,promissory_note,true
L-104282,appraisal_report,true
L-104282,deed_of_trust,true
L-104283,income_verification,true
L-104283,appraisal_report,true
L-104283,insurance_certificate,true
L-104284,promissory_note,true
L-104284,income_verification,true
L-104284,title_report,true
L-104285,title_report,true
L-104285,appraisal_report,true
L-104286,appraisal_report,true
L-104286,income_verification,true
L-104286,title_report,false
L-104287,income_verification,false
L-104288,title_report,true
L-104289,title_report,true
L-104289,appraisal_report,true
L-104290,insurance_certificate,true
L-104290,deed_of_trust,false
L-104291,income_verification,true
L-104291,insurance_certificate,true
L-104292,insurance_certificate,true
L-104292,appraisal_report,true
L-104292,income_verification,true
L-104293,deed_of_trust,true
L-104293,insurance_certificate,true
L-104294,insurance_certificate,true
L-104294,deed_of_trust,true
L-104295,insurance_certificate,true
L-104296,appraisal_report,true
L-104296,promissory_note,false
L-104297,insurance_certificate,true
L-104297,title_report,true
L-104297,appraisal_report,true
L-104298,appraisal_report,true
L-104299,promissory_note,true
L-104299,income_verification,true
L-104300,deed_of_trust,true
L-104301,insurance_certificate,true
L-104301,deed_of_trust,true
L-104301,promissory_note,true
L-104302,insurance_certificate,true
L-104302,promissory_note,true
L-104303,title_report,true
L-104304,income_verification,true
L-104304,appraisal_report,true
L-104304,title_report,true
L-104305,insurance_certificate,true
L-104305,promissory_note,true
L-104305,title_report,true
L-104306,appraisal_report,true
L-104306,promissory_note,true
L-104307,title_report,true
L-104308,income_verification,true
L-104308,appraisal_report,true
L-104309,appraisal_report,true
L-104310,title_report,true
L-104310,income_verification,true
L-104311,insurance_certificate,false
L-104311,title_report,true
L-104312,appraisal_report,true
L-104312,income_verification,false
L-104312,promissory_note,true
L-104313,promissory_note,true
L-104313,income_verification,true
L-104314,income_verification,true
L-104315,appraisal_report,false
L-104315,income_verification,true
L-104315,title_report,true
L-104316,insurance_certificate,true
L-104316,promissory_note,true
L-104316,deed_of_trust,true
L-104317,insurance_certificate,true
L-104318,title_report,true
L-104318,promissory_note,true
L-104318,appraisal_report,true
L-104319,income_verification,true
L-104319,promissory_note,true
L-104320,deed_of_trust,false
L-104321,income_verification,true
L-104321,insurance_certificate,true
L-104322,promissory_note,true
L-104323,income_verification,false
L-104324,promissory_note,true
L-104325,deed_of_trust,true
L-104325,promissory_note,true
L-104326,title_report,true
L-104326,insurance_certificate,true
L-104327,insurance_certificate,true
L-104327,promissory_note,true
L-104327,title_report,true
L-104328,income_verification,true
L-104329,income_verification,true
L-104330,title_report,true
L-104331,title_report,true
L-104331,promissory_note,true
L-104331,appraisal_report,true
L-104332,promissory_note,true
L-104333,title_report,true
L-104333,deed_of_trust,true
L-104333,promissory_note,true
L-104334,appraisal_report,true
L-104335,promissory_note,true
L-104336,title_report,true
L-104336,promissory_note,true
L-104337,deed_of_trust,true
L-104338,insurance_certificate,true
L-104338,income_verification,true
L-104338,appraisal_report,true
L-104339,income_verification,false
L-104339,deed_of_trust,true
L-104340,title_report,true
L-104340,promissory_note,true
L-104340,appraisal_report,false
L-104341,deed_of_trust,true
L-104341,insurance_certificate,false
L-104341,income_verification,true
L-104342,title_report,true
L-104343,deed_of_trust,true
L-104343,promissory_note,true
L-104344,deed_of_trust,true
L-104344,promissory_note,true
L-104345,insurance_certificate,true
L-104345,appraisal_report,true
L-104346,appraisal_report,true
L-104346,promissory_note,true
L-104347,income_verification,true
L-104348,promissory_note,false
L-104349,insurance_certificate,true
L-104349,income_verification,true
L-104350,promissory_note,false
L-104351,title_report,true
L-104352,deed_of_trust,true
L-104352,appraisal_report,true
L-104353,title_report,true
L-104353,deed_of_trust,true
L-104354,income_verification,true
L-104354,appraisal_report,true
L-104355,appraisal_report,false
L-104356,appraisal_report,true
L-104356,title_report,false
L-104357,promissory_note,true
L-104358,title_report,true
L-104358,insurance_certificate,true
L-104358,promissory_note,true
L-104359,deed_of_trust,true
L-104360,insurance_certificate,true
L-104360,deed_of_trust,true
L-104361,deed_of_trust,true
L-104361,appraisal_report,true
L-104361,insurance_certificate,true
L-104362,title_report,false
L-104363,deed_of_trust,true
L-104363,insurance_certificate,true
L-104364,appraisal_report,true
L-104364,income_verification,true
L-104365,insurance_certificate,true
L-104366,insurance_certificate,true
L-104366,title_report,true
L-104366,income_verification,true
L-104367,title_report,false
L-104368,appraisal_report,true
L-104368,income_verification,true
L-104369,promissory_note,true
L-104369,insurance_certificate,true
L-104370,promissory_note,true
L-104371,deed_of_trust,true
L-104371,income_verification,true
L-104371,title_report,true
L-104372,income_verification,true
L-104372,promissory_note,true
L-104373,promissory_note,true
L-104373,insurance_certificate,false
L-104373,deed_of_trust,false
L-104374,deed_of_trust,true
L-104375,deed_of_trust,true
L-104375,promissory_note,true
L-104375,title_report,true
L-104376,income_verification,true
L-104376,deed_of_trust,false
L-104376,appraisal_report,true
L-104377,appraisal_report,true
L-104377,deed_of_trust,true
L-104378,promissory_note,true
L-104378,title_report,true
L-104378,deed_of_trust,true
L-104379,promissory_note,true
L-104379,income_verification,true
L-104380,insurance_certificate,true
L-104381,promissory_note,true
L-104382,appraisal_report,true
L-104382,title_report,true
L-104383,promissory_note,false
L-104384,promissory_note,true
L-104384,appraisal_report,true
L-104385,title_report,true
L-104385,appraisal_report,true
L-104385,insurance_certificate,true
L-104386,deed_of_trust,true
L-104386,income_verification,true
L-104386,promissory_note,true
L-104387,title_report,true
L-104388,insurance_certificate,false
L-104388,income_verification,true
L-104388,title_report,true
L-104389,title_report,true
L-104390,income_verification,false
L-104390,title_report,true
L-104391,promissory_note,true
L-104391,insurance_certificate,true
L-104392,insurance_certificate,true
L-104393,promissory_note,true
L-104393,appraisal_report,true
L-104393,title_report,true
L-104394,insurance_certificate,true
L-104394,title_report,true
L-104395,income_verification,false
L-104395,promissory_note,false
L-104396,title_report,false
L-104396,income_verification,true
L-104397,deed_of_trust,true
L-104398,appraisal_report,true
L-104398,promissory_note,true
L-104398,income_verification,true
L-104399,promissory_note,true
L-104399,deed_of_trust,true
L-104400,appraisal_report,true
L-104400,income_verification,true
L-104400,insurance_certificate,true
L-104401,appraisal_report,true
L-104402,appraisal_report,false
L-104402,title_report,true
L-104402,promissory_note,true
L-104403,income_verification,false
L-104403,appraisal_report,true
L-104404,deed_of_trust,true
L-104404,promissory_note,true
L-104405,income_verification,true
L-104405,deed_of_trust,true
L-104405,appraisal_report,true
L-104406,promissory_note,true
L-104406,deed_of_trust,true
L-104406,income_verification,true
L-104407,deed_of_trust,true
L-104408,income_verification,true
L-104408,deed_of_trust,true
L-104409,income_verification,true
L-104409,insurance_certificate,true
L-104410,deed_of_trust,true
L-104410,appraisal_report,true
L-104411,title_report,true
L-104411,income_verification,true
L-104412,promissory_note,false
L-104412,deed_of_trust,true
L-104413,income_verification,true
L-104413,insurance_certificate,true
L-104413,appraisal_report,true
L-104414,title_report,true
L-104414,insurance_certificate,true
L-104414,income_verification,true
L-104415,deed_of_trust,true
L-104415,income_verification,true
L-104415,insurance_certificate,true
L-104416,income_verification,true
L-104417,promissory_note,false
L-104417,appraisal_report,true
L-104418,appraisal_report,false
L-104418,deed_of_trust,true
L-104419,income_verification,true
L-104419,promissory_note,true
L-104420,insurance_certificate,false
L-104420,income_verification,true
L-104420,deed_of_trust,true
L-104421,income_verification,true
L-104421,appraisal_report,true
L-104422,appraisal_report,true
L-104422,income_verification,true
L-104422,deed_of_trust,true
L-104423,income_verification,true
L-104423,deed_of_trust,true
L-104423,appraisal_report,true
L-104424,appraisal_report,false
L-104424,promissory_note,true
L-104424,deed_of_trust,true
L-104425,income_verification,true
L-104426,insurance_certificate,false
L-104426,promissory_note,true
L-104426,deed_of_trust,true
L-104427,title_report,true
L-104428,promissory_note,true
L-104428,income_verification,true
L-104428,deed_of_trust,true
L-104429,income_verification,true
L-104429,promissory_note,true
L-104430,deed_of_trust,true
L-104430,appraisal_report,true
L-104430,insurance_certificate,true
L-104431,insurance_certificate,true
L-104431,promissory_note,true
L-104432,promissory_note,true
L-104432,income_verification,true
L-104432,insurance_certificate,true
L-104433,insurance_certificate,true
L-104433,deed_of_trust,true
L-104434,income_verification,true
L-104434,insurance_certificate,true
L-104434,promissory_note,true
L-104435,deed_of_trust,true
L-104435,appraisal_report,true
L-104436,income_verification,true
L-104436,promissory_note,true
L-104436,appraisal_report,true
L-104437,income_verification,true
L-104437,appraisal_report,true
L-104437,promissory_note,true
L-104438,deed_of_trust,true
L-104438,income_verification,true
L-104438,insurance_certificate,true
L-104439,deed_of_trust,true
L-104439,insurance_certificate,false
L-104439,income_verification,false
L-104440,appraisal_report,false
L-104440,title_report,true
L-104440,promissory_note,true
L-104441,appraisal_report,true
L-104442,deed_of_trust,true
L-104443,income_verification,true
L-104443,insurance_certificate,true
L-104444,appraisal_report,true
L-104444,deed_of_trust,true
L-104444,title_report,true
L-104445,promissory_note,true
L-104445,income_verification,true
L-104445,title_report,true
L-104446,appraisal_report,true
L-104447,appraisal_report,true
L-104448,appraisal_report,true
L-104448,insurance_certificate,true
L-104449,title_report,true
L-104449,income_verification,true
L-104449,deed_of_trust,true
L-104450,income_verification,true
L-104450,appraisal_report,true
L-104450,promissory_note,true
L-104451,appraisal_report,true
L-104451,deed_of_trust,true
L-104452,income_verification,true
L-104453,insurance_certificate,true
L-104454,promissory_note,true
L-104454,income_verification,true
L-104455,deed_of_trust,true
L-104455,insurance_certificate,true
L-104456,income_verification,false
L-104457,insurance_certificate,true
L-104457,title_report,true
L-104457,appraisal_report,true
L-104458,title_report,false
L-104458,insurance_certificate,true
L-104458,appraisal_report,true
L-104459,title_report,true
L-104459,deed_of_trust,true
L-104459,insurance_certificate,true
L-104460,title_report,true
L-104460,promissory_note,true
L-104460,insurance_certificate,true
L-104461,title_report,true
L-104461,income_verification,true
L-104462,deed_of_trust,true
L-104462,income_verification,true
L-104463,deed_of_trust,true
L-104463,title_report,true
L-104464,promissory_note,true
L-104465,deed_of_trust,true
L-104465,insurance_certificate,true
L-104466,deed_of_trust,true
L-104467,title_report,true
L-104468,title_report,true
L-104468,income_verification,true
L-104469,income_verification,true
L-104469,appraisal_report,true
L-104469,promissory_note,true
L-104470,appraisal_report,true
L-104470,income_verification,true
L-104471,insurance_certificate,true
L-104471,title_report,true
L-104471,deed_of_trust,true
L-104472,promissory_note,true
L-104473,title_report,false
L-104473,deed_of_trust,true
L-104474,title_report,true
L-104474,insurance_certificate,true
L-104474,income_verification,true
L-104475,appraisal_report,false
L-104475,promissory_note,true
L-104476,insurance_certificate,false
L-104476,title_report,true
L-104477,promissory_note,true
L-104477,insurance_certificate,true
L-104477,title_report,true
L-104478,appraisal_report,true
L-104478,deed_of_trust,true
L-104479,insurance_certificate,true
L-104480,deed_of_trust,true
L-104481,insurance_certificate,true
L-104482,deed_of_trust,true
L-104482,appraisal_report,true
L-104482,promissory_note,true
L-104483,promissory_note,true
L-104483,income_verification,false
L-104484,title_report,true
L-104484,appraisal_report,true
L-104485,title_report,true
L-104485,promissory_note,false
L-104486,promissory_note,true
L-104487,income_verification,true
L-104487,appraisal_report,true
L-104488,insurance_certificate,true
L-104488,promissory_note,true
L-104489,income_verification,false
L-104490,promissory_note,true
L-104491,appraisal_report,true
L-104491,title_report,true
L-104491,insurance_certificate,true
L-104492,title_report,true
L-104492,income_verification,true
L-104493,income_verification,true
L-104493,promissory_note,true
L-104494,promissory_note,true
L-104495,deed_of_trust,true
L-104495,insurance_certificate,true
L-104496,title_report,true
L-104496,appraisal_report,true
L-104497,deed_of_trust,true
L-104497,appraisal_report,true
L-104497,promissory_note,true
L-104498,appraisal_report,true
L-104499,appraisal_report,true
L-104500,insurance_certificate,true
L-104500,promissory_note,true
L-104501,income_verification,true
L-104501,promissory_note,true
L-104501,title_report,true
L-104502,promissory_note,true
L-104502,appraisal_report,true
L-104503,title_report,true
L-104503,promissory_note,true
L-104503,appraisal_report,true
L-104504,title_report,false
L-104504,income_verification,false
L-104505,deed_of_trust,true
L-104505,income_verification,false
L-104506,income_verification,true
L-104506,deed_of_trust,true
L-104507,insurance_certificate,true
L-104507,promissory_note,true
L-104508,promissory_note,true
L-104508,title_report,true
L-104509,appraisal_report,true
L-104509,title_report,true
L-104509,deed_of_trust,true
L-104510,title_report,true
L-104510,income_verification,true
L-104510,insurance_certificate,true
L-104511,deed_of_trust,true
L-104512,income_verification,false
L-104512,appraisal_report,true
L-104513,promissory_note,true
L-104513,insurance_certificate,false
L-104513,deed_of_trust,true
L-104514,income_verification,true
L-104514,appraisal_report,false
L-104514,promissory_note,true
L-104515,promissory_note,true
L-104515,income_verification,true
L-104515,deed_of_trust,true
L-104516,deed_of_trust,true
L-104517,insurance_certificate,true
L-104517,promissory_note,true
L-104517,title_report,true
L-104518,title_report,true
L-104518,insurance_certificate,true
L-104518,appraisal_report,true
L-104519,insurance_certificate,true
L-104520,deed_of_trust,true
L-104520,appraisal_report,true
L-104520,income_verification,true
L-104521,insurance_certificate,false
L-104521,appraisal_report,true
L-104522,insurance_certificate,true
L-104522,promissory_note,false
L-104522,appraisal_report,true
L-104523,insurance_certificate,true
L-104524,income_verification,true
L-104524,title_report,true
L-104524,insurance_certificate,true
L-104525,deed_of_trust,true
L-104525,income_verification,true
L-104526,appraisal_report,false
L-104527,income_verification,true
L-104528,insurance_certificate,true
L-104528,promissory_note,true
L-104529,appraisal_report,true
L-104530,deed_of_trust,true
L-104531,income_verification,true
L-104531,insurance_certificate,true
L-104531,title_report,true
L-104532,appraisal_report,true
L-104532,income_verification,true
L-104533,income_verification,true
L-104533,insurance_certificate,true
L-104533,title_report,true
L-104534,title_report,true
L-104534,income_verification,true
L-104535,appraisal_report,true
L-104535,deed_of_trust,false
L-104535,income_verification,true
L-104536,appraisal_report,true
L-104536,income_verification,true
L-104537,deed_of_trust,true
L-104537,promissory_note,true
L-104537,title_report,true
L-104538,deed_of_trust,false
L-104538,insurance_certificate,true
L-104539,income_verification,true
L-104539,title_report,true
L-104539,appraisal_report,true
L-104540,insurance_certificate,true
L-104541,income_verification,true
L-104542,deed_of_trust,true
L-104542,appraisal_report,true
L-104542,promissory_note,true
L-104543,title_report,true
L-104543,insurance_certificate,true
L-104543,deed_of_trust,true
L-104544,income_verification,true
L-104544,deed_of_trust,true
L-104545,deed_of_trust,true
L-104545,appraisal_report,true
L-104545,promissory_note,true
L-104546,title_report,true
L-104546,promissory_note,true
L-104547,income_verification,true
L-104547,promissory_note,true
L-104548,appraisal_report,true
L-104549,appraisal_report,true
L-104549,income_verification,false
L-104550,insurance_certificate,true
L-104550,deed_of_trust,true
L-104550,title_report,false
L-104551,deed_of_trust,true
L-104551,appraisal_report,false
L-104551,promissory_note,true
L-104552,promissory_note,true
L-104552,income_verification,true
L-104552,insurance_certificate,true
L-104553,promissory_note,true
L-104554,income_verification,false
L-104555,title_report,true
L-104555,income_verification,true
L-104555,deed_of_trust,false
L-104556,deed_of_trust,true
L-104556,promissory_note,true
L-104557,insurance_certificate,false
L-104558,appraisal_report,true
L-104558,income_verification,true
L-104559,promissory_note,false
L-104559,insurance_certificate,true
L-104560,appraisal_report,true
L-104560,income_verification,true
L-104560,insurance_certificate,true
L-104561,deed_of_trust,true
L-104561,appraisal_report,true
L-104561,title_report,true
L-104562,deed_of_trust,true
L-104562,title_report,true
L-104563,promissory_note,true
L-104563,deed_of_trust,true
L-104563,title_report,true
L-104564,income_verification,true
L-104564,promissory_note,true
L-104565,deed_of_trust,true
L-104566,insurance_certificate,true
L-104567,deed_of_trust,true
L-104567,promissory_note,true
L-104567,income_verification,false
L-104568,income_verification,true
L-104569,insurance_certificate,true
L-104569,appraisal_report,true
L-104569,deed_of_trust,true
L-104570,insurance_certificate,true
L-104571,deed_of_trust,false
L-104571,insurance_certificate,true
L-104572,appraisal_report,true
L-104572,insurance_certificate,true
L-104572,title_report,true
L-104573,title_report,false
L-104573,insurance_certificate,true
L-104573,appraisal_report,true
L-104574,appraisal_report,true
L-104575,promissory_note,true
L-104576,deed_of_trust,true
L-104577,insurance_certificate,true
L-104577,promissory_note,true
L-104578,deed_of_trust,true
L-104578,title_report,true
L-104578,income_verification,true
L-104579,promissory_note,true
L-104579,income_verification,true
L-104579,title_report,true
L-104580,deed_of_trust,true
L-104580,insurance_certificate,true
L-104580,income_verification,true
L-104581,income_verification,true
L-104581,deed_of_trust,true
L-104581,promissory_note,true
L-104582,income_verification,true
L-104582,insurance_certificate,true
L-104582,title_report,true
L-104583,promissory_note,true
L-104583,title_report,true
L-104583,insurance_certificate,true
L-104584,deed_of_trust,true
L-104585,income_verification,true
L-104585,appraisal_report,true
L-104586,title_report,true
L-104586,deed_of_trust,true
L-104587,income_verification,true
L-104587,appraisal_report,true
L-104587,deed_of_trust,true
L-104588,appraisal_report,true
L-104588,title_report,true
L-104588,promissory_note,true
L-104589,insurance_certificate,true
L-104589,deed_of_trust,false
L-104590,deed_of_trust,true
L-104590,income_verification,true
L-104590,appraisal_report,true
L-104591,income_verification,true
L-104592,deed_of_trust,true
L-104592,promissory_note,true
L-104593,title_report,true
L-104593,promissory_note,true
L-104594,appraisal_report,true
L-104595,deed_of_trust,true
L-104596,appraisal_report,true
L-104596,title_report,false
L-104596,insurance_certificate,true
L-104597,deed_of_trust,false
L-104598,insurance_certificate,false
L-104598,income_verification,true
L-104598,title_report,true
L-104599,income_verification,true
L-104600,income_verification,true
L-104601,title_report,true
L-104601,deed_of_trust,true
L-104601,promissory_note,true
L-104602,income_verification,true
L-104603,insurance_certificate,true
L-104603,promissory_note,true
L-104603,appraisal_report,true
L-104604,promissory_note,true
L-104605,insurance_certificate,true
L-104606,promissory_note,true
L-104607,appraisal_report,true
L-104607,promissory_note,false
L-104608,income_verification,true
L-104608,deed_of_trust,true
L-104608,appraisal_report,true
L-104609,insurance_certificate,true
L-104609,promissory_note,true
L-104609,deed_of_trust,true
L-104610,appraisal_report,true
L-104610,promissory_note,true
L-104610,deed_of_trust,false
L-104611,title_report,true
L-104611,promissory_note,true
L-104611,insurance_certificate,true
L-104612,title_report,true
L-104612,promissory_note,true
L-104612,insurance_certificate,false
L-104613,insurance_certificate,true
L-104613,income_verification,false
L-104614,promissory_note,true
L-104614,appraisal_report,true
L-104615,deed_of_trust,true
L-104616,income_verification,true
L-104617,deed_of_trust,true
L-104618,promissory_note,false
L-104619,income_verification,true
L-104620,deed_of_trust,true
L-104620,income_verification,true
L-104620,insurance_certificate,true
L-104621,deed_of_trust,false
L-104622,title_report,true
L-104622,appraisal_report,true
L-104623,deed_of_trust,true
L-104623,income_verification,true
L-104624,insurance_certificate,true
L-104625,title_report,true
L-104625,appraisal_report,false
L-104626,promissory_note,true
L-104627,promissory_note,true
L-104627,appraisal_report,false
L-104628,deed_of_trust,true
L-104628,promissory_note,true
L-104629,title_report,true
L-104629,deed_of_trust,true
L-104629,promissory_note,true
L-104630,income_verification,true
L-104631,insurance_certificate,true
L-104631,appraisal_report,false
L-104631,promissory_note,true
L-104632,appraisal_report,true
L-104632,title_report,true
L-104633,insurance_certificate,true
L-104634,insurance_certificate,true
L-104634,income_verification,false
L-104634,title_report,true
L-104635,title_report,true
L-104636,title_report,true
L-104636,income_verification,false
L-104636,appraisal_report,true
L-104637,appraisal_report,true
L-104637,deed_of_trust,true
L-104637,title_report,true
L-104638,promissory_note,true
L-104639,insurance_certificate,true
L-104639,title_report,true
L-104639,appraisal_report,true
L-104640,appraisal_report,true
L-104640,insurance_certificate,true
L-104640,promissory_note,false
L-104641,income_verification,true
L-104642,insurance_certificate,false
L-104642,title_report,true
L-104643,appraisal_report,true
L-104643,income_verification,true
L-104644,income_verification,false
L-104645,income_verification,true
L-104645,appraisal_report,true
L-104646,deed_of_trust,true
L-104647,appraisal_report,true
L-104647,income_verification,true
L-104647,promissory_note,true
L-104648,title_report,true
L-104649,income_verification,true
L-104649,title_report,true
L-104650,income_verification,true
L-104651,income_verification,true
L-104652,title_report,true
L-104652,appraisal_report,true
L-104653,promissory_note,false
L-104654,promissory_note,true
L-104655,appraisal_report,true
L-104655,promissory_note,true
L-104656,deed_of_trust,true
L-104656,promissory_note,false
L-104657,deed_of_trust,true
L-104658,promissory_note,true
L-104658,title_report,true
L-104659,promissory_note,true
L-104659,income_verification,false
L-104660,income_verification,true
L-104660,appraisal_report,true
L-104660,deed_of_trust,true
L-104661,income_verification,true
L-104662,insurance_certificate,true
L-104663,appraisal_report,true
L-104663,promissory_note,true
L-104663,income_verification,true
L-104664,income_verification,true
L-104664,appraisal_report,true
L-104664,insurance_certificate,true
L-104665,appraisal_report,true
L-104665,title_report,true
L-104665,income_verification,false
L-104666,insurance_certificate,true
L-104666,appraisal_report,false
L-104666,title_report,false
L-104667,income_verification,true
L-104667,appraisal_report,true
L-104667,title_report,true
L-104668,appraisal_report,true
L-104669,deed_of_trust,true
L-104669,appraisal_report,false
L-104670,appraisal_report,true
L-104671,title_report,true
L-104671,appraisal_report,true
L-104671,income_verification,true
L-104672,promissory_note,true
L-104672,deed_of_trust,true
L-104673,deed_of_trust,true
L-104673,appraisal_report,true
L-104673,title_report,true
L-104674,deed_of_trust,true
L-104674,insurance_certificate,true
L-104675,income_verification,true
L-104675,title_report,true
L-104675,appraisal_report,true
L-104676,insurance_certificate,true
L-104676,promissory_note,false
L-104677,promissory_note,true
L-104677,title_report,true
L-104677,deed_of_trust,true
L-104678,appraisal_report,true
L-104679,appraisal_report,true
L-104680,income_verification,true
L-104680,title_report,true
L-104681,promissory_note,true
L-104681,deed_of_trust,true
L-104682,insurance_certificate,true
L-104683,promissory_note,true
L-104683,insurance_certificate,true
L-104684,promissory_note,true
L-104684,insurance_certificate,true
L-104684,title_report,true
L-104685,deed_of_trust,true
L-104685,appraisal_report,true
L-104686,income_verification,true
L-104687,appraisal_report,true
L-104687,title_report,true
L-104687,deed_of_trust,true
L-104688,promissory_note,true
L-104688,title_report,true
L-104688,income_verification,true
L-104689,deed_of_trust,false
L-104689,appraisal_report,true
L-104690,deed_of_trust,true
L-104691,deed_of_trust,false
L-104691,appraisal_report,true
L-104692,promissory_note,false
L-104692,insurance_certificate,true
L-104692,deed_of_trust,true
L-104693,promissory_note,true
L-104694,income_verification,true
L-104695,insurance_certificate,false
L-104695,deed_of_trust,false
L-104695,title_report,true
L-104696,appraisal_report,true
L-104696,title_report,true
L-104696,deed_of_trust,true
L-104697,appraisal_report,true
L-104698,title_report,true
L-104698,insurance_certificate,true
L-104699,appraisal_report,true
L-104699,promissory_note,true
L-104700,promissory_note,true
L-104700,title_report,true
L-104701,income_verification,false
L-104702,deed_of_trust,true
L-104703,appraisal_report,true
L-104703,promissory_note,true
L-104703,title_report,true
L-104704,insurance_certificate,true
L-104704,deed_of_trust,true
L-104704,appraisal_report,true
L-104705,deed_of_trust,true
L-104705,promissory_note,true
L-104706,insurance_certificate,true
L-104707,income_verification,true
L-104708,appraisal_report,true
L-104708,insurance_certificate,true
L-104709,promissory_note,true
L-104709,appraisal_report,false
L-104710,insurance_certificate,true
L-104710,appraisal_report,true
L-104710,income_verification,true
L-104711,insurance_certificate,true
L-104711,appraisal_report,true
L-104712,deed_of_trust,false
L-104712,promissory_note,true
L-104712,title_report,true
L-104713,title_report,true
L-104713,income_verification,true
L-104713,insurance_certificate,true
L-104714,title_report,true
L-104714,promissory_note,true
L-104715,appraisal_report,true
L-104715,insurance_certificate,true
L-104716,deed_of_trust,true
L-104717,insurance_certificate,true
L-104717,title_report,true
L-104717,income_verification,true
L-104718,insurance_certificate,true
L-104719,title_report,true
L-104719,deed_of_trust,true
L-104720,income_verification,true
L-104720,insurance_certificate,false
L-104720,promissory_note,true
L-104721,deed_of_trust,true
L-104722,promissory_note,true
L-104722,title_report,true
L-104723,income_verification,true
L-104723,appraisal_report,true
L-104724,income_verification,true
L-104724,title_report,true
L-104724,insurance_certificate,true
L-104725,title_report,true
L-104726,deed_of_trust,true
L-104727,title_report,true
L-104728,appraisal_report,true
L-104728,title_report,true
L-104728,deed_of_trust,true
L-104729,appraisal_report,true
L-104730,income_verification,true
L-104730,appraisal_report,true
L-104731,insurance_certificate,true
L-104732,appraisal_report,false
L-104732,income_verification,false
L-104732,insurance_certificate,true
L-104733,promissory_note,true
L-104733,deed_of_trust,true
L-104733,insurance_certificate,true
L-104734,deed_of_trust,false
L-104735,deed_of_trust,true
L-104735,appraisal_report,true
L-104736,deed_of_trust,true
L-104736,promissory_note,true
L-104737,deed_of_trust,true
L-104737,income_verification,true
L-104737,insurance_certificate,false
L-104738,deed_of_trust,true
L-104738,insurance_certificate,true
L-104738,promissory_note,true
L-104739,deed_of_trust,false
L-104739,income_verification,true
L-104739,title_report,true
L-104740,insurance_certificate,true
L-104740,income_verification,true
L-104740,title_report,true
L-104741,promissory_note,true
L-104742,promissory_note,true
L-104742,title_report,true
L-104743,insurance_certificate,true
L-104744,income_verification,true
L-104744,insurance_certificate,true
L-104744,deed_of_trust,true
L-104745,appraisal_report,true
L-104746,insurance_certificate,true
L-104747,income_verification,true
L-104748,income_verification,true
L-104749,promissory_note,true
L-104750,income_verification,true
L-104750,appraisal_report,true
L-104750,insurance_certificate,true
L-104751,insurance_certificate,true
L-104752,deed_of_trust,true
L-104753,income_verification,true
L-104753,deed_of_trust,false
L-104754,income_verification,true
L-104754,deed_of_trust,true
L-104755,title_report,true
L-104755,insurance_certificate,true
L-104756,promissory_note,true
L-104757,title_report,true
L-104757,promissory_note,true
L-104757,income_verification,true
L-104758,insurance_certificate,true
L-104759,income_verification,true
L-104759,insurance_certificate,true
L-104760,insurance_certificate,false
L-104760,appraisal_report,true
L-104761,appraisal_report,true
L-104761,title_report,true
L-104761,deed_of_trust,true
L-104762,appraisal_report,false
L-104762,promissory_note,false
L-104763,insurance_certificate,true
L-104764,insurance_certificate,false
L-104765,deed_of_trust,true
L-104765,promissory_note,false
L-104766,income_verification,true
L-104766,title_report,true
L-104766,promissory_note,true
L-104767,income_verification,true
L-104768,income_verification,true
L-104769,title_report,true
L-104769,income_verification,false
L-104769,deed_of_trust,true
L-104770,insurance_certificate,true
L-104770,income_verification,true
L-104770,deed_of_trust,true
L-104771,deed_of_trust,true
L-104772,insurance_certificate,true
L-104773,appraisal_report,true
L-104773,income_verification,true
L-104774,appraisal_report,true
L-104774,promissory_note,true
L-104775,title_report,true
L-104775,promissory_note,false
L-104775,appraisal_report,true
L-104776,title_report,true
L-104777,title_report,true
L-104777,promissory_note,true
L-104778,insurance_certificate,true
L-104778,deed_of_trust,true
L-104778,title_report,true
L-104779,promissory_note,true
L-104780,insurance_certificate,true
L-104781,deed_of_trust,true
L-104781,promissory_note,true
L-104782,insurance_certificate,true
L-104782,income_verification,true
L-104782,deed_of_trust,true
L-104783,deed_of_trust,true
L-104783,income_verification,true
L-104783,insurance_certificate,false
L-104784,title_report,true
L-104784,insurance_certificate,true
L-104785,title_report,true
L-104785,insurance_certificate,true
L-104786,title_report,false
L-104787,deed_of_trust,true
L-104788,income_verification,true
L-104789,insurance_certificate,true
L-104789,title_report,true
L-104790,promissory_note,true
L-104790,insurance_certificate,true
L-104790,deed_of_trust,true
L-104791,income_verification,false
L-104792,insurance_certificate,true
L-104793,title_report,true
L-104794,appraisal_report,true
L-104794,insurance_certificate,true
L-104795,income_verification,true
L-104796,insurance_certificate,true
L-104796,income_verification,true
L-104797,promissory_note,true
L-104797,income_verification,true
L-104798,insurance_certificate,true
L-104799,promissory_note,true
L-104799,deed_of_trust,true
L-104800,promissory_note,true
L-104800,appraisal_report,true
L-104800,insurance_certificate,true
L-104801,promissory_note,true
L-104801,income_verification,true
L-104802,appraisal_report,true
L-104802,promissory_note,true
L-104803,insurance_certificate,true
L-104803,income_verification,true
L-104803,appraisal_report,true
L-104804,title_report,true
L-104805,insurance_certificate,true
L-104805,income_verification,true
L-104805,promissory_note,true
L-104806,title_report,false
L-104807,appraisal_report,true
L-104808,promissory_note,true
L-104808,insurance_certificate,true
L-104808,appraisal_report,true
L-104809,income_verification,true
L-104809,insurance_certificate,true
L-104810,title_report,true
L-104811,appraisal_report,true
L-104811,title_report,true
L-104811,insurance_certificate,true
L-104812,insurance_certificate,true
L-104812,title_report,true
L-104813,income_verification,true
L-104814,promissory_note,true
L-104815,title_report,true
L-104815,promissory_note,true
L-104815,income_verification,true
L-104816,insurance_certificate,true
L-104817,deed_of_trust,true
L-104818,appraisal_report,true
L-104819,deed_of_trust,true
L-104820,title_report,true
L-104820,insurance_certificate,true
L-104821,deed_of_trust,true
L-104821,insurance_certificate,true
L-104822,income_verification,true
L-104823,deed_of_trust,true
L-104823,title_report,true
L-104824,income_verification,true
L-104824,promissory_note,true
L-104824,deed_of_trust,true
L-104825,deed_of_trust,true
L-104825,promissory_note,true
L-104825,income_verification,true
L-104826,income_verification,true
L-104826,deed_of_trust,true
L-104826,appraisal_report,true
L-104827,title_report,true
L-104827,insurance_certificate,false
L-104828,deed_of_trust,true
L-104828,appraisal_report,true
L-104828,insurance_certificate,false
L-104829,deed_of_trust,true
L-104830,insurance_certificate,true
L-104831,title_report,true
L-104832,title_report,true
L-104833,promissory_note,true
L-104834,promissory_note,true
L-104834,title_report,true
L-104835,deed_of_trust,true
L-104836,promissory_note,true
L-104836,income_verification,true
L-104837,income_verification,false
L-104838,income_verification,false
L-104839,title_report,false
L-104839,appraisal_report,true
L-104840,appraisal_report,true
L-104840,income_verification,true
L-104840,title_report,true
L-104841,promissory_note,true
L-104842,insurance_certificate,true
L-104843,promissory_note,true
L-104844,insurance_certificate,true
L-104845,deed_of_trust,false
L-104845,title_report,true
L-104845,insurance_certificate,true
L-104846,insurance_certificate,true
L-104846,title_report,true
L-104847,income_verification,true
L-104848,promissory_note,true
L-104848,income_verification,true
L-104849,income_verification,true
L-104849,title_report,false
L-104849,deed_of_trust,true
L-104850,title_report,true
L-104850,deed_of_trust,true
L-104851,insurance_certificate,true
L-104851,deed_of_trust,true
L-104852,appraisal_report,true
L-104852,deed_of_trust,true
L-104852,promissory_note,true
L-104853,title_report,true
L-104853,promissory_note,true
L-104854,income_verification,true
L-104854,deed_of_trust,true
L-104854,promissory_note,true
L-104855,promissory_note,true
L-104856,promissory_note,true
L-104857,promissory_note,true
L-104858,title_report,true
L-104858,appraisal_report,true
L-104858,deed_of_trust,true
L-104859,title_report,true
L-104859,appraisal_report,true
L-104860,promissory_note,true
L-104861,income_verification,true
L-104861,appraisal_report,true
L-104861,title_report,true
L-104862,promissory_note,true
L-104863,promissory_note,true
L-104863,insurance_certificate,true
L-104864,deed_of_trust,true
L-104865,title_report,true
L-104866,income_verification,true
L-104866,promissory_note,true
L-104866,deed_of_trust,true
L-104867,deed_of_trust,true
L-104867,promissory_note,false
L-104868,income_verification,true
L-104868,insurance_certificate,true
L-104869,income_verification,true
L-104869,promissory_note,true
L-104869,deed_of_trust,true
L-104870,deed_of_trust,true
L-104871,income_verification,true
L-104871,title_report,false
L-104872,insurance_certificate,true
L-104873,appraisal_report,true
L-104873,deed_of_trust,true
L-104874,income_verification,true
L-104874,deed_of_trust,true
L-104875,deed_of_trust,false
L-104875,promissory_note,true
L-104876,insurance_certificate,true
L-104876,promissory_note,true
L-104876,appraisal_report,true
L-104877,income_verification,true
L-104877,insurance_certificate,true
L-104877,title_report,true
L-104878,income_verification,true
L-104879,promissory_note,false
L-104879,deed_of_trust,true
L-104880,appraisal_report,true
L-104880,income_verification,true
L-104880,title_report,false
L-104881,appraisal_report,true
L-104882,appraisal_report,true
L-104882,promissory_note,true
L-104883,deed_of_trust,true
L-104883,title_report,true
L-104884,income_verification,true
L-104885,promissory_note,true
L-104885,deed_of_trust,true
L-104886,insurance_certificate,true
L-104886,promissory_note,true
L-104886,title_report,true
L-104887,title_report,true
L-104887,promissory_note,true
L-104887,income_verification,true
L-104888,appraisal_report,true
L-104888,title_report,true
L-104889,income_verification,true
L-104890,title_report,true
L-104891,insurance_certificate,true
L-104891,deed_of_trust,true
L-104892,promissory_note,true
L-104892,appraisal_report,true
L-104892,income_verification,true
L-104893,title_report,true
L-104893,deed_of_trust,true
L-104894,promissory_note,true
L-104895,income_verification,true
L-104895,title_report,true
L-104895,insurance_certificate,true
L-104896,title_report,true
L-104896,income_verification,true
L-104896,promissory_note,true
L-104897,appraisal_report,true
L-104897,insurance_certificate,true
L-104898,promissory_note,true
L-104898,deed_of_trust,true
L-104899,promissory_note,true
L-104899,income_verification,true
L-104900,appraisal_report,true
L-104901,title_report,true
L-104901,deed_of_trust,true
L-104901,insurance_certificate,true
L-104902,deed_of_trust,true
L-104902,appraisal_report,true
L-104903,appraisal_report,true
L-104903,insurance_certificate,true
L-104903,promissory_note,true
L-104904,insurance_certificate,true
L-104904,promissory_note,true
L-104904,title_report,false
L-104905,promissory_note,true
L-104906,deed_of_trust,true
L-104906,title_report,true
L-104907,deed_of_trust,true
L-104908,insurance_certificate,true
L-104908,appraisal_report,true
L-104908,promissory_note,true
L-104909,deed_of_trust,true
L-104909,title_report,true
L-104910,income_verification,true
L-104911,promissory_note,false
L-104912,appraisal_report,false
L-104912,deed_of_trust,true
L-104913,deed_of_trust,true
L-104914,income_verification,true
L-104915,promissory_note,true
L-104915,income_verification,true
L-104916,insurance_certificate,false
L-104916,deed_of_trust,true
L-104917,deed_of_trust,true
L-104917,appraisal_report,false
L-104918,promissory_note,true
L-104918,insurance_certificate,true
L-104918,income_verification,true
L-104919,appraisal_report,true
L-104920,insurance_certificate,true
L-104921,insurance_certificate,true
L-104922,income_verification,false
L-104922,title_report,true
L-104922,deed_of_trust,true
L-104923,title_report,true
L-104924,insurance_certificate,true
L-104924,promissory_note,true
L-104925,promissory_note,true
L-104926,deed_of_trust,true
L-104927,title_report,true
L-104927,appraisal_report,true
L-104927,deed_of_trust,true
L-104928,deed_of_trust,true
L-104928,insurance_certificate,true
L-104928,title_report,true
L-104929,promissory_note,true
L-104929,insurance_certificate,true
L-104929,appraisal_report,true
L-104930,insurance_certificate,true
L-104930,appraisal_report,true
L-104931,appraisal_report,true
L-104931,promissory_note,true
L-104932,income_verification,true
L-104933,insurance_certificate,true
L-104933,deed_of_trust,true
L-104934,income_verification,true
L-104935,deed_of_trust,true
L-104936,income_verification,true
L-104936,appraisal_report,true
L-104937,promissory_note,true
L-104937,deed_of_trust,true
L-104937,appraisal_report,true
L-104938,deed_of_trust,true
L-104938,insurance_certificate,true
L-104939,title_report,true
L-104939,promissory_note,true
L-104940,insurance_certificate,true
L-104940,income_verification,false
L-104941,title_report,true
L-104941,income_verification,true
L-104942,insurance_certificate,true
L-104943,title_report,true
L-104944,promissory_note,true
L-104945,appraisal_report,true
L-104945,title_report,true
L-104945,deed_of_trust,false
L-104946,promissory_note,true
L-104946,income_verification,true
L-104947,insurance_certificate,true
L-104947,title_report,true
L-104948,promissory_note,true
L-104948,title_report,true
L-104949,income_verification,true
L-104950,income_verification,true
L-104950,deed_of_trust,true
L-104951,insurance_certificate,true
L-104951,appraisal_report,true
L-104952,income_verification,true
L-104952,appraisal_report,true
L-104953,insurance_certificate,true
L-104954,income_verification,true
L-104955,title_report,true
L-104955,insurance_certificate,true
L-104955,appraisal_report,true
L-104956,promissory_note,true
L-104956,insurance_certificate,true
L-104957,title_report,true
L-104958,deed_of_trust,true
L-104958,income_verification,true
L-104958,title_report,true
L-104959,promissory_note,true
L-104960,promissory_note,false
L-104960,income_verification,true
L-104960,deed_of_trust,true
L-104961,insurance_certificate,false
L-104961,income_verification,true
L-104961,appraisal_report,true
L-104962,deed_of_trust,true
L-104962,title_report,true
L-104963,insurance_certificate,true
L-104964,income_verification,true
L-104964,appraisal_report,false
L-104965,appraisal_report,true
L-104965,insurance_certificate,false
L-104966,insurance_certificate,true
L-104966,deed_of_trust,true
L-104967,promissory_note,true
L-104967,insurance_certificate,true
L-104967,income_verification,true
L-104968,deed_of_trust,false
L-104968,income_verification,true
L-104969,appraisal_report,true
L-104969,income_verification,true
L-104969,insurance_certificate,true
L-104970,deed_of_trust,true
L-104970,insurance_certificate,true
L-104970,income_verification,true
L-104971,promissory_note,true
L-104971,income_verification,false
L-104971,insurance_certificate,true
L-104972,title_report,true
L-104972,deed_of_trust,true
L-104972,appraisal_report,true
L-104973,deed_of_trust,true
L-104973,title_report,true
L-104974,deed_of_trust,true
L-104974,income_verification,true
L-104974,insurance_certificate,true
L-104975,promissory_note,true
L-104976,insurance_certificate,true
L-104977,appraisal_report,true
L-104977,deed_of_trust,true
L-104977,insurance_certificate,true
L-104978,income_verification,true
L-104978,deed_of_trust,true
L-104978,promissory_note,true
L-104979,promissory_note,true
L-104979,appraisal_report,true
L-104980,income_verification,true
L-104981,income_verification,true
L-104981,title_report,true
L-104982,deed_of_trust,true
L-104983,income_verification,true
L-104983,appraisal_report,false
L-104983,promissory_note,true
L-104984,title_report,true
L-104984,income_verification,true
L-104985,income_verification,true
L-104985,appraisal_report,true
L-104986,income_verification,false
L-104986,promissory_note,true
L-104987,insurance_certificate,true
L-104987,promissory_note,true
L-104987,deed_of_trust,true
L-104988,promissory_note,true
L-104988,income_verification,true
L-104989,appraisal_report,true
L-104989,promissory_note,true
L-104990,appraisal_report,true
L-104990,deed_of_trust,true
L-104990,insurance_certificate,true
L-104991,insurance_certificate,true
L-104992,title_report,true
L-104992,promissory_note,true
L-104992,deed_of_trust,true
L-104993,deed_of_trust,true
L-104994,income_verification,true
L-104994,promissory_note,true
L-104995,title_report,false
L-104996,deed_of_trust,true
L-104996,appraisal_report,true
L-104997,insurance_certificate,true
L-104998,insurance_certificate,true
L-104999,deed_of_trust,true
L-105000,deed_of_trust,true
L-105000,income_verification,true
L-105000,appraisal_report,true
L-105001,insurance_certificate,true
L-105001,income_verification,true
L-105001,promissory_note,true
L-105002,title_report,true
L-105002,deed_of_trust,true
L-105002,income_verification,true
L-105003,income_verification,true
L-105003,promissory_note,true
L-105004,deed_of_trust,true
L-105004,appraisal_report,false
L-105005,appraisal_report,true
L-105005,deed_of_trust,true
L-105005,insurance_certificate,true
L-105006,promissory_note,true
L-105006,deed_of_trust,true
L-105007,promissory_note,true
L-105008,deed_of_trust,true
L-105008,promissory_note,true
L-105009,title_report,true
L-105009,appraisal_report,true
L-105009,income_verification,true
L-105011,promissory_note,true
L-105011,title_report,true
L-105011,income_verification,true
L-105012,deed_of_trust,true
L-105013,appraisal_report,true
L-105013,title_report,true
L-105013,promissory_note,true
L-105014,income_verification,true
L-105014,deed_of_trust,true
L-105015,promissory_note,true
L-105016,deed_of_trust,true
L-105017,income_verification,true
L-105017,insurance_certificate,true
L-105018,deed_of_trust,true
L-105018,promissory_note,true
L-105018,insurance_certificate,true
L-105019,promissory_note,true
L-105019,insurance_certificate,true
L-105021,title_report,true
L-105021,deed_of_trust,true
L-105021,appraisal_report,true
L-105022,deed_of_trust,true
L-105022,income_verification,true
L-105022,insurance_certificate,true
L-105023,promissory_note,true
L-105024,title_report,true
L-105024,income_verification,true
L-105024,promissory_note,true
L-105025,promissory_note,true
L-105025,income_verification,true
L-105026,insurance_certificate,true
L-105026,promissory_note,true
L-105027,insurance_certificate,false
L-105028,insurance_certificate,true
L-105028,income_verification,true
L-105029,title_report,false
L-105029,income_verification,true
L-105031,income_verification,true
L-105031,insurance_certificate,true
L-105032,promissory_note,true
L-105032,appraisal_report,true
L-105032,deed_of_trust,true
L-105033,promissory_note,true
L-105034,income_verification,true
L-105034,promissory_note,true
L-105034,deed_of_trust,true
L-105035,income_verification,true
L-105035,insurance_certificate,true
L-105035,promissory_note,true
L-105036,income_verification,true
L-105036,promissory_note,true
L-105036,appraisal_report,true
L-105037,income_verification,true
L-105037,appraisal_report,true
L-105038,promissory_note,false
L-105038,title_report,true
L-105038,insurance_certificate,true
L-105039,deed_of_trust,true
L-105041,income_verification,false
L-105041,promissory_note,true
L-105042,appraisal_report,true
L-105042,promissory_note,true
L-105042,deed_of_trust,false
L-105043,deed_of_trust,true
L-105044,appraisal_report,true
L-105045,insurance_certificate,true
L-105045,appraisal_report,true
L-105045,promissory_note,true
L-105046,appraisal_report,true
L-105046,promissory_note,true
L-105047,income_verification,true
L-105047,deed_of_trust,false
L-105047,promissory_note,true
L-105048,insurance_certificate,true
L-105048,title_report,true
L-105048,promissory_note,true
L-105049,income_verification,true
L-105051,appraisal_report,true
L-105051,title_report,true
L-105052,appraisal_report,true
L-105053,promissory_note,true
L-105053,title_report,true
L-105053,deed_of_trust,true
L-105054,income_verification,true
L-105055,promissory_note,true
L-105055,deed_of_trust,true
L-105056,insurance_certificate,true
L-105056,income_verification,true
L-105057,income_verification,true
L-105057,appraisal_report,true
L-105058,income_verification,true
L-105058,deed_of_trust,true
L-105058,title_report,false
L-105059,appraisal_report,true
L-105059,title_report,true
L-105061,income_verification,true
L-105061,insurance_certificate,true
L-105062,income_verification,true
L-105062,title_report,true
L-105063,appraisal_report,true
L-105063,title_report,true
L-105063,deed_of_trust,true
L-105064,deed_of_trust,true
L-105064,promissory_note,true
L-105065,promissory_note,true
L-105065,insurance_certificate,false
L-105065,title_report,false
L-105066,insurance_certificate,true
L-105066,promissory_note,false
L-105067,deed_of_trust,true
L-105067,promissory_note,true
L-105068,promissory_note,true
L-105068,deed_of_trust,true
L-105068,appraisal_report,true
L-105069,income_verification,true
L-105069,deed_of_trust,true
L-105069,promissory_note,true
L-105071,title_report,true
L-105072,title_report,true
L-105072,appraisal_report,true
L-105073,deed_of_trust,true
L-105073,title_report,true
L-105073,insurance_certificate,true
L-105074,promissory_note,true
L-105074,appraisal_report,false
L-105075,appraisal_report,true
L-105076,title_report,true
L-105076,deed_of_trust,true
L-105077,appraisal_report,true
L-105077,deed_of_trust,true
L-105078,deed_of_trust,true
L-105078,insurance_certificate,true
L-105079,income_verification,true
L-105081,title_report,true
L-105082,title_report,false
L-105083,income_verification,true
L-105084,deed_of_trust,true
L-105084,title_report,false
L-105084,income_verification,true
L-105085,title_report,true
L-105086,title_report,true
L-105086,appraisal_report,true
L-105087,title_report,true
L-105087,promissory_note,false
L-105087,deed_of_trust,true
L-105088,deed_of_trust,true
L-105088,appraisal_report,true
L-105089,appraisal_report,true
L-105091,deed_of_trust,true
L-105091,income_verification,false
L-105092,income_verification,true
L-105093,income_verification,false
L-105093,promissory_note,true
L-105093,appraisal_report,true
L-105094,insurance_certificate,true
L-105094,appraisal_report,true
L-105094,promissory_note,false
L-105095,title_report,true
L-105095,income_verification,true
L-105095,insurance_certificate,true
L-105096,deed_of_trust,true
L-105096,insurance_certificate,true
L-105096,appraisal_report,true
L-105097,deed_of_trust,true
L-105097,insurance_certificate,true
L-105098,promissory_note,true
L-105098,appraisal_report,true
L-105098,income_verification,true
L-105099,income_verification,true
L-105101,title_report,true
L-105101,deed_of_trust,true
L-105102,insurance_certificate,true
L-105103,appraisal_report,true
L-105103,income_verification,false
L-105103,insurance_certificate,true
L-105104,appraisal_report,true
L-105104,deed_of_trust,true
L-105104,income_verification,true
L-105105,promissory_note,false
L-105105,deed_of_trust,true
L-105106,insurance_certificate,true
L-105107,title_report,true
L-105108,title_report,true
L-105108,income_verification,true
L-105108,deed_of_trust,true
L-105109,deed_of_trust,false
L-105109,appraisal_report,true
L-105109,insurance_certificate,true
L-105111,promissory_note,true
L-105111,appraisal_report,true
L-105111,deed_of_trust,true
L-105112,insurance_certificate,true
L-105113,title_report,true
L-105113,appraisal_report,true
L-105114,income_verification,true
L-105115,promissory_note,true
L-105115,appraisal_report,false
L-105115,deed_of_trust,true
L-105116,income_verification,true
L-105117,promissory_note,true
L-105117,income_verification,true
L-105117,title_report,true
L-105118,promissory_note,true
L-105118,insurance_certificate,true
L-105119,insurance_certificate,true
L-105119,deed_of_trust,false
L-105119,title_report,true
L-105121,appraisal_report,true
L-105122,promissory_note,true
L-105123,insurance_certificate,true
L-105123,deed_of_trust,true
L-105123,promissory_note,false
L-105124,insurance_certificate,true
L-105125,insurance_certificate,true
L-105125,promissory_note,false
L-105126,promissory_note,true
L-105127,deed_of_trust,true
L-105127,insurance_certificate,true
L-105127,title_report,true
L-105128,promissory_note,true
L-105129,deed_of_trust,true
L-105129,promissory_note,true
L-105129,appraisal_report,false
L-105131,promissory_note,true
L-105131,deed_of_trust,true
L-105132,promissory_note,true
L-105132,insurance_certificate,true
L-105132,title_report,true
L-105133,income_verification,true
L-105134,insurance_certificate,false
L-105135,appraisal_report,false
L-105135,income_verification,true
L-105135,insurance_certificate,true
L-105136,title_report,true
L-105136,appraisal_report,true
L-105137,income_verification,true
L-105137,promissory_note,true
L-105137,deed_of_trust,true
L-105138,appraisal_report,true
L-105138,title_report,true
L-105139,deed_of_trust,true
L-105141,income_verification,true
L-105141,deed_of_trust,true
L-105141,insurance_certificate,true
L-105142,title_report,true
L-105142,insurance_certificate,true
L-105143,income_verification,true
L-105144,promissory_note,true
L-105144,deed_of_trust,true
L-105145,appraisal_report,true
L-105145,insurance_certificate,true
L-105146,deed_of_trust,true
L-105146,insurance_certificate,true
L-105147,deed_of_trust,false
L-105147,insurance_certificate,true
L-105148,promissory_note,false
L-105148,insurance_certificate,true
L-105148,income_verification,true
L-105149,title_report,true
L-105151,deed_of_trust,true
L-105152,appraisal_report,false
L-105153,promissory_note,true
L-105153,deed_of_trust,true
L-105154,insurance_certificate,true
L-105154,deed_of_trust,true
L-105155,title_report,true
L-105156,title_report,true
L-105156,deed_of_trust,true
L-105157,insurance_certificate,true
L-105157,income_verification,true
L-105158,appraisal_report,true
L-105158,title_report,true
L-105159,appraisal_report,true
L-105159,insurance_certificate,true
L-105161,deed_of_trust,true
L-105161,income_verification,false
L-105162,income_verification,true
L-105162,appraisal_report,true
L-105162,insurance_certificate,true
L-105163,insurance_certificate,true
L-105163,income_verification,true
L-105163,promissory_note,true
L-105164,promissory_note,true
L-105165,income_verification,true
L-105165,insurance_certificate,true
L-105165,title_report,true
L-105166,title_report,true
L-105167,promissory_note,true
L-105168,appraisal_report,true
L-105168,insurance_certificate,false
L-105168,income_verification,true
L-105169,appraisal_report,true
L-105171,promissory_note,false
L-105172,insurance_certificate,true
L-105172,appraisal_report,true
L-105173,appraisal_report,true
L-105174,insurance_certificate,true
L-105174,promissory_note,true
L-105174,income_verification,true
L-105175,deed_of_trust,true
L-105175,promissory_note,true
L-105176,promissory_note,true
L-105176,appraisal_report,true
L-105177,insurance_certificate,true
L-105177,income_verification,true
L-105178,promissory_note,true
L-105178,insurance_certificate,true
L-105179,promissory_note,true
L-105179,appraisal_report,false
L-105179,title_report,true
L-105181,deed_of_trust,true
L-105182,appraisal_report,false
L-105182,deed_of_trust,true
L-105183,promissory_note,true
L-105184,promissory_note,true
L-105184,appraisal_report,true
L-105185,income_verification,true
L-105186,income_verification,false
L-105187,insurance_certificate,true
L-105187,title_report,true
L-105187,income_verification,true
L-105188,promissory_note,false
L-105188,insurance_certificate,true
L-105189,insurance_certificate,true
L-105189,income_verification,true
L-105191,income_verification,true
L-105192,deed_of_trust,false
L-105193,title_report,true
L-105193,promissory_note,true
L-105194,appraisal_report,true
L-105194,promissory_note,true
L-105195,insurance_certificate,true
L-105195,promissory_note,false
L-105196,income_verification,true
L-105196,deed_of_trust,true
L-105196,insurance_certificate,true
L-105197,deed_of_trust,true
L-105197,promissory_note,false
L-105198,deed_of_trust,true
L-105198,title_report,true
L-105199,title_report,false
L-105199,promissory_note,true
L-105199,appraisal_report,true
L-105201,title_report,true
L-105201,deed_of_trust,true
L-105201,promissory_note,true
L-105202,insurance_certificate,true
L-105202,title_report,true
L-105203,promissory_note,true
L-105203,title_report,false
L-105204,promissory_note,true
L-105204,deed_of_trust,true
L-105205,promissory_note,true
L-105205,income_verification,true
L-105206,title_report,true
L-105206,insurance_certificate,true
L-105207,title_report,true
L-105207,appraisal_report,true
L-105208,deed_of_trust,true
L-105209,income_verification,true
L-105210,appraisal_report,true
L-105210,insurance_certificate,true
L-105210,title_report,false
L-105211,appraisal_report,false
L-105211,income_verification,true
L-105211,insurance_certificate,true
L-105212,deed_of_trust,true
L-105212,title_report,true
L-105213,promissory_note,true
L-105214,title_report,true
L-105214,promissory_note,true
L-105215,title_report,true
L-105215,insurance_certificate,true
L-105215,deed_of_trust,true
L-105216,income_verification,true
L-105216,deed_of_trust,true
L-105216,appraisal_report,true
L-105217,title_report,false
L-105218,deed_of_trust,true
L-105218,promissory_note,true
L-105218,insurance_certificate,true
L-105219,promissory_note,true
L-105220,income_verification,true
L-105220,title_report,true
L-105220,insurance_certificate,true
L-105221,title_report,true
L-105222,appraisal_report,true
L-105222,income_verification,false
L-105223,income_verification,true
L-105223,appraisal_report,true
L-105223,promissory_note,true
L-105224,income_verification,true
L-105224,insurance_certificate,true
L-105224,deed_of_trust,true
L-105225,insurance_certificate,true
L-105226,appraisal_report,true
L-105226,deed_of_trust,true
L-105227,title_report,true
L-105227,income_verification,true
L-105227,appraisal_report,true
L-105228,income_verification,false
L-105228,title_report,true
L-105228,insurance_certificate,true
L-105229,insurance_certificate,true
L-105229,income_verification,true
L-105229,title_report,true
L-105230,income_verification,true
L-105230,promissory_note,true
L-105230,deed_of_trust,true
L-105231,insurance_certificate,true
L-105232,income_verification,false
L-105233,insurance_certificate,false
L-105234,promissory_note,false
L-105234,deed_of_trust,true
L-105235,appraisal_report,true
L-105235,insurance_certificate,true
L-105236,title_report,true
L-105236,insurance_certificate,true
L-105237,title_report,true
L-105237,appraisal_report,true
L-105238,title_report,true
L-105238,deed_of_trust,true
L-105239,insurance_certificate,false
L-105239,title_report,false
L-105240,insurance_certificate,true
L-105240,title_report,true
L-105240,appraisal_report,true
L-105241,title_report,false
L-105242,title_report,true
L-105242,appraisal_report,true
L-105243,title_report,false
L-105243,appraisal_report,true
L-105244,insurance_certificate,true
L-105244,title_report,true
L-105244,deed_of_trust,true
L-105245,insurance_certificate,false
L-105245,income_verification,true
L-105245,appraisal_report,true
L-105246,deed_of_trust,true
L-105246,appraisal_report,true
L-105247,promissory_note,true
L-105247,deed_of_trust,true
L-105248,promissory_note,true
L-105248,appraisal_report,true
L-105249,deed_of_trust,true
L-105250,appraisal_report,true
L-105250,deed_of_trust,true
L-105251,deed_of_trust,true
L-105252,appraisal_report,true
L-105252,deed_of_trust,true
L-105253,income_verification,true
L-105254,deed_of_trust,true
L-105254,income_verification,true
L-105254,insurance_certificate,true
L-105255,insurance_certificate,true
L-105255,promissory_note,true
L-105255,title_report,true
L-105256,title_report,true
L-105257,income_verification,true
L-105257,deed_of_trust,true
L-105258,promissory_note,true
L-105258,title_report,true
L-105259,insurance_certificate,true
L-105259,title_report,true
L-105259,deed_of_trust,true
L-105260,income_verification,true
L-105261,title_report,true
L-105262,income_verification,true
L-105262,deed_of_trust,true
L-105262,promissory_note,true
L-105263,title_report,true
L-105263,appraisal_report,true
L-105263,promissory_note,false
L-105264,deed_of_trust,true
L-105265,income_verification,true
L-105265,promissory_note,true
L-105265,title_report,true
L-105266,promissory_note,true
L-105266,title_report,true
L-105267,appraisal_report,true
L-105267,insurance_certificate,true
L-105267,income_verification,true
L-105268,title_report,false
L-105268,deed_of_trust,true
L-105268,appraisal_report,true
L-105269,income_verification,false
L-105269,promissory_note,true
L-105269,appraisal_report,true
L-105270,title_report,true
L-105270,income_verification,true
L-105270,insurance_certificate,true
L-105271,insurance_certificate,true
L-105271,promissory_note,true
L-105271,income_verification,true
L-105272,deed_of_trust,true
L-105272,title_report,true
L-105273,title_report,true
L-105273,promissory_note,true
L-105273,insurance_certificate,true
L-105274,deed_of_trust,true
L-105275,promissory_note,true
L-105275,deed_of_trust,true
L-105276,promissory_note,false
L-105276,deed_of_trust,true
L-105276,title_report,true
L-105277,insurance_certificate,true
L-105278,title_report,true
L-105279,title_report,true
L-105279,appraisal_report,true
L-105280,income_verification,true
L-105280,deed_of_trust,true
L-105280,insurance_certificate,true
L-105281,promissory_note,true
L-105282,insurance_certificate,true
L-105283,deed_of_trust,true
L-105283,promissory_note,true
L-105283,income_verification,true
L-105284,appraisal_report,true
L-105285,title_report,true
L-105285,appraisal_report,true
L-105286,appraisal_report,true
L-105286,insurance_certificate,true
L-105286,deed_of_trust,true
L-105287,income_verification,true
L-105287,title_report,false
L-105288,insurance_certificate,true
L-105288,appraisal_report,true
L-105289,deed_of_trust,true
L-105289,income_verification,true
L-105289,appraisal_report,true
L-105290,title_report,true
L-105291,insurance_certificate,false
L-105291,income_verification,true
L-105292,income_verification,true
L-105292,appraisal_report,true
L-105293,insurance_certificate,true
L-105294,income_verification,true
L-105295,insurance_certificate,true
L-105295,appraisal_report,true
L-105295,promissory_note,true
L-105296,insurance_certificate,true
L-105296,appraisal_report,true
L-105296,deed_of_trust,true
L-105297,deed_of_trust,true
L-105298,income_verification,true
L-105298,deed_of_trust,true
L-105298,title_report,true
L-105299,promissory_note,true
L-105300,income_verification,true
L-105300,appraisal_report,true
L-105300,insurance_certificate,false
L-105301,deed_of_trust,true
L-105302,deed_of_trust,true
L-105302,insurance_certificate,true
L-105303,deed_of_trust,true
L-105303,appraisal_report,true
L-105303,income_verification,true
L-105304,income_verification,true
L-105305,income_verification,true
L-105305,appraisal_report,true
L-105306,income_verification,true
L-105306,insurance_certificate,true
L-105306,title_report,false
L-105307,title_report,true
L-105307,deed_of_trust,true
L-105307,insurance_certificate,true
L-105308,appraisal_report,true
L-105308,promissory_note,true
L-105308,income_verification,false
L-105309,insurance_certificate,true
L-105309,promissory_note,true
L-105310,promissory_note,true
L-105310,deed_of_trust,true
L-105310,title_report,true
L-105311,insurance_certificate,true
L-105311,deed_of_trust,true
L-105312,insurance_certificate,true
L-105312,income_verification,true
L-105312,promissory_note,true
L-105313,title_report,true
L-105314,income_verification,true
L-105314,promissory_note,true
L-105314,deed_of_trust,true
L-105315,deed_of_trust,true
L-105315,appraisal_report,true
L-105316,title_report,true
L-105316,deed_of_trust,true
L-105316,promissory_note,true
L-105317,insurance_certificate,true
L-105317,income_verification,true
L-105317,deed_of_trust,true
L-105318,income_verification,true
L-105318,insurance_certificate,true
L-105319,promissory_note,true
L-105320,appraisal_report,true
L-105320,title_report,true
L-105321,insurance_certificate,true
L-105321,appraisal_report,true
L-105322,insurance_certificate,true
L-105323,title_report,false
L-105323,deed_of_trust,true
L-105324,income_verification,true
L-105325,insurance_certificate,true
L-105326,deed_of_trust,true
L-105327,title_report,true
L-105327,insurance_certificate,true
L-105328,appraisal_report,true
L-105328,promissory_note,true
L-105328,insurance_certificate,true
L-105329,promissory_note,true
L-105329,deed_of_trust,false
L-105329,appraisal_report,true
L-105330,appraisal_report,true
L-105330,title_report,true
L-105330,promissory_note,true
L-105331,insurance_certificate,true
L-105332,title_report,true
L-105332,deed_of_trust,true
L-105332,appraisal_report,true
L-105333,insurance_certificate,true
L-105333,deed_of_trust,true
L-105334,title_report,true
L-105334,insurance_certificate,true
L-105335,promissory_note,true
L-105335,deed_of_trust,true
L-105336,income_verification,true
L-105336,title_report,true
L-105337,title_report,true
L-105337,income_verification,false
L-105338,title_report,false
L-105339,promissory_note,false
L-105340,deed_of_trust,true
L-105340,insurance_certificate,true
L-105340,appraisal_report,true
L-105341,promissory_note,true
L-105342,title_report,true
L-105342,insurance_certificate,true
L-105343,income_verification,true
L-105343,title_report,true
L-105343,promissory_note,true
L-105344,promissory_note,true
L-105344,income_verification,true
L-105344,appraisal_report,true
L-105345,promissory_note,true
L-105346,promissory_note,true
L-105347,title_report,true
L-105347,deed_of_trust,true
L-105347,insurance_certificate,true
L-105348,insurance_certificate,true
L-105349,deed_of_trust,true
L-105349,income_verification,true
L-105350,insurance_certificate,false
L-105350,deed_of_trust,true
L-105351,insurance_certificate,true
L-105351,promissory_note,true
L-105351,title_report,false
L-105352,promissory_note,true
L-105353,title_report,true
L-105354,deed_of_trust,true
L-105354,appraisal_report,true
L-105354,promissory_note,true
L-105355,insurance_certificate,true
L-105355,title_report,false
L-105356,insurance_certificate,false
L-105356,income_verification,true
L-105357,title_report,true
L-105357,insurance_certificate,true
L-105358,promissory_note,true
L-105358,appraisal_report,true
L-105358,income_verification,true
L-105359,title_report,true
L-105359,insurance_certificate,true
L-105360,deed_of_trust,true
L-105360,appraisal_report,true
L-105361,insurance_certificate,true
L-105362,income_verification,true
L-105362,title_report,true
L-105362,insurance_certificate,true
L-105363,appraisal_report,true
L-105364,insurance_certificate,true
L-105364,appraisal_report,true
L-105364,title_report,false
L-105365,income_verification,true
L-105366,appraisal_report,true
L-105367,deed_of_trust,true
L-105367,promissory_note,true
L-105368,title_report,true
L-105368,appraisal_report,true
L-105369,promissory_note,true
L-105370,promissory_note,true
L-105370,income_verification,true
L-105370,deed_of_trust,true
L-105371,title_report,true
L-105372,insurance_certificate,true
L-105372,deed_of_trust,true
L-105373,promissory_note,false
L-105373,appraisal_report,true
L-105373,title_report,true
L-105374,income_verification,true
L-105374,appraisal_report,true
L-105375,deed_of_trust,true
L-105376,deed_of_trust,true
L-105376,title_report,true
L-105376,appraisal_report,true
L-105377,insurance_certificate,true
L-105377,appraisal_report,false
L-105377,deed_of_trust,true
L-105378,income_verification,false
L-105378,deed_of_trust,true
L-105379,insurance_certificate,true
L-105379,promissory_note,true
L-105379,deed_of_trust,true
L-105380,title_report,true
L-105381,income_verification,true
L-105381,insurance_certificate,true
L-105382,insurance_certificate,true
L-105383,income_verification,true
L-105384,income_verification,true
L-105385,income_verification,true
L-105385,title_report,true
L-105385,insurance_certificate,true
L-105386,insurance_certificate,true
L-105387,deed_of_trust,true
L-105387,promissory_note,true
L-105387,insurance_certificate,true
L-105388,deed_of_trust,true
L-105388,title_report,true
L-105388,income_verification,false
L-105389,deed_of_trust,true
L-105390,promissory_note,true
L-105391,title_report,true
L-105391,appraisal_report,false
L-105392,promissory_note,true
L-105392,appraisal_report,false
L-105393,promissory_note,true
L-105393,deed_of_trust,true
L-105394,title_report,false
L-105395,appraisal_report,true
L-105395,income_verification,false
L-105396,insurance_certificate,true
L-105396,promissory_note,true
L-105397,promissory_note,true
L-105398,title_report,false
L-105399,promissory_note,true
L-105399,income_verification,true
L-105400,title_report,true
L-105401,deed_of_trust,true
L-105401,appraisal_report,true
L-105401,income_verification,true
L-105402,title_report,true
L-105402,promissory_note,true
L-105402,income_verification,true
L-105403,promissory_note,true
L-105403,income_verification,true
L-105404,promissory_note,true
L-105405,title_report,true
L-105405,appraisal_report,true
L-105405,insurance_certificate,true
L-105406,income_verification,true
L-105407,income_verification,true
L-105407,insurance_certificate,false
L-105408,income_verification,true
L-105408,appraisal_report,true
L-105409,appraisal_report,false
L-105410,title_report,true
L-105410,promissory_note,true
L-105410,insurance_certificate,true
L-105411,title_report,true
L-105412,appraisal_report,true
L-105412,title_report,true
L-105412,promissory_note,true
L-105413,title_report,true
L-105414,insurance_certificate,true
L-105414,title_report,true
L-105415,title_report,true
L-105416,promissory_note,true
L-105416,title_report,true
L-105417,deed_of_trust,true
L-105417,income_verification,true
L-105417,insurance_certificate,true
L-105418,promissory_note,true
L-105418,appraisal_report,true
L-105419,promissory_note,true
L-105419,title_report,true
L-105420,insurance_certificate,true
L-105420,appraisal_report,true
L-105421,promissory_note,true
L-105421,income_verification,true
L-105422,promissory_note,true
L-105422,income_verification,true
L-105423,promissory_note,true
L-105424,insurance_certificate,true
L-105424,appraisal_report,true
L-105424,promissory_note,false
L-105425,insurance_certificate,true
L-105425,appraisal_report,true
L-105425,promissory_note,true
L-105426,promissory_note,true
L-105426,title_report,true
L-105427,insurance_certificate,true
L-105427,promissory_note,true
L-105427,deed_of_trust,true
L-105428,title_report,true
L-105429,appraisal_report,true
L-105429,promissory_note,true
L-105429,deed_of_trust,true
L-105430,deed_of_trust,true
L-105430,appraisal_report,true
L-105430,insurance_certificate,true
L-105431,deed_of_trust,true
L-105431,appraisal_report,true
L-105432,insurance_certificate,true
L-105433,insurance_certificate,true
L-105434,deed_of_trust,true
L-105435,insurance_certificate,true
L-105435,appraisal_report,true
L-105435,deed_of_trust,true
L-105436,promissory_note,true
L-105436,deed_of_trust,true
L-105436,appraisal_report,true
L-105437,income_verification,true
L-105438,insurance_certificate,true
L-105438,promissory_note,true
L-105439,appraisal_report,true
L-105440,promissory_note,true
L-105440,insurance_certificate,true
L-105440,title_report,true
L-105441,income_verification,true
L-105442,appraisal_report,true
L-105443,appraisal_report,true
L-105443,title_report,true
L-105443,deed_of_trust,true
L-105444,deed_of_trust,true
L-105444,appraisal_report,true
L-105444,promissory_note,true
L-105445,income_verification,false
L-105445,insurance_certificate,true
L-105446,deed_of_trust,true
L-105446,insurance_certificate,true
L-105446,promissory_note,true
L-105447,insurance_certificate,true
L-105448,income_verification,true
L-105448,deed_of_trust,true
L-105449,income_verification,true
L-105450,income_verification,true
L-105450,deed_of_trust,true
L-105450,appraisal_report,true
L-105451,insurance_certificate,true
L-105452,insurance_certificate,true
L-105452,promissory_note,true
L-105453,title_report,false
L-105454,income_verification,true
L-105454,title_report,true
L-105454,deed_of_trust,true
L-105455,income_verification,false
L-105455,promissory_note,true
L-105456,deed_of_trust,false
L-105456,appraisal_report,true
L-105456,insurance_certificate,true
L-105457,appraisal_report,false
L-105457,deed_of_trust,true
L-105457,income_verification,true
L-105458,deed_of_trust,true
L-105459,insurance_certificate,true
L-105459,appraisal_report,true
L-105459,deed_of_trust,false
L-105460,income_verification,true
L-105461,title_report,true
L-105462,title_report,true
L-105463,title_report,true
L-105463,appraisal_report,true
L-105463,income_verification,true
L-105464,deed_of_trust,true
L-105465,insurance_certificate,true
L-105465,income_verification,true
L-105465,deed_of_trust,true
L-105466,income_verification,true
L-105467,title_report,true
L-105468,appraisal_report,true
L-105469,deed_of_trust,true
L-105469,promissory_note,true
L-105470,income_verification,true
L-105471,promissory_note,true
L-105472,appraisal_report,true
L-105472,deed_of_trust,true
L-105473,appraisal_report,false
L-105473,deed_of_trust,true
L-105473,title_report,true
L-105474,title_report,true
L-105474,appraisal_report,true
L-105474,promissory_note,false
L-105475,promissory_note,true
L-105475,insurance_certificate,true
L-105475,income_verification,true
L-105476,promissory_note,false
L-105476,income_verification,true
L-105477,deed_of_trust,true
L-105478,title_report,true
L-105478,income_verification,true
L-105479,deed_of_trust,true
L-105479,income_verification,true
L-105480,promissory_note,true
L-105480,deed_of_trust,false
L-105480,title_report,true
L-105481,title_report,true
L-105482,insurance_certificate,true
L-105483,appraisal_report,true
L-105483,promissory_note,true
L-105484,title_report,true
L-105484,appraisal_report,true
L-105485,insurance_certificate,false
L-105485,title_report,true
L-105485,deed_of_trust,true
L-105486,deed_of_trust,true
L-105486,insurance_certificate,true
L-105486,title_report,true
L-105487,income_verification,true
L-105487,title_report,true
L-105488,promissory_note,true
L-105488,deed_of_trust,true
L-105488,income_verification,true
L-105489,title_report,true
L-105489,insurance_certificate,true
L-105489,income_verification,true
L-105490,title_report,true
L-105490,income_verification,true
L-105491,insurance_certificate,true
L-105492,insurance_certificate,true
L-105493,promissory_note,true
L-105493,title_report,false
L-105494,deed_of_trust,false
L-105494,insurance_certificate,false
L-105495,appraisal_report,true
L-105495,title_report,true
L-105496,income_verification,true
L-105496,insurance_certificate,true
L-105497,income_verification,true
L-105497,insurance_certificate,false
L-105497,deed_of_trust,true
L-105498,insurance_certificate,true
L-105498,income_verification,true
L-105499,insurance_certificate,true
L-105500,deed_of_trust,true
L-105501,promissory_note,true
L-105502,deed_of_trust,true
L-105503,promissory_note,true
L-105503,appraisal_report,true
L-105503,income_verification,true
L-105504,title_report,false
L-105505,insurance_certificate,true
L-105505,title_report,true
L-105506,income_verification,true
L-105506,appraisal_report,false
L-105507,deed_of_trust,true
L-105507,appraisal_report,true
L-105508,income_verification,true
L-105508,deed_of_trust,true
L-105509,appraisal_report,true
L-105510,title_report,true
L-105511,promissory_note,true
L-105511,title_report,true
L-105512,promissory_note,true
L-105513,income_verification,true
L-105513,promissory_note,true
L-105513,deed_of_trust,true
L-105514,appraisal_report,true
L-105514,title_report,false
L-105514,insurance_certificate,true
L-105515,promissory_note,true
L-105515,deed_of_trust,false
L-105515,appraisal_report,false
L-105516,deed_of_trust,true
L-105516,income_verification,true
L-105517,promissory_note,false
L-105517,title_report,true
L-105518,income_verification,true
L-105519,appraisal_report,true
L-105520,income_verification,true
L-105520,insurance_certificate,true
L-105521,promissory_note,true
L-105521,income_verification,true
L-105521,deed_of_trust,true
L-105522,promissory_note,true
L-105522,deed_of_trust,true
L-105522,insurance_certificate,true
L-105523,appraisal_report,true
L-105523,deed_of_trust,true
L-105523,promissory_note,true
L-105524,deed_of_trust,true
L-105525,income_verification,true
L-105525,insurance_certificate,true
L-105525,title_report,true
L-105526,income_verification,false
L-105526,appraisal_report,true
L-105527,title_report,true
L-105527,appraisal_report,true
L-105527,insurance_certificate,true
L-105528,income_verification,true
L-105529,income_verification,true
L-105530,insurance_certificate,true
L-105531,income_verification,true
L-105531,deed_of_trust,true
L-105532,income_verification,true
L-105533,insurance_certificate,false
L-105533,deed_of_trust,false
L-105533,appraisal_report,true
L-105534,promissory_note,true
L-105534,appraisal_report,true
L-105535,deed_of_trust,true
L-105535,appraisal_report,true
L-105536,deed_of_trust,true
L-105536,promissory_note,true
L-105537,income_verification,false
L-105537,appraisal_report,true
L-105538,deed_of_trust,true
L-105538,income_verification,true
L-105538,title_report,true
L-105539,appraisal_report,true
L-105540,title_report,true
L-105540,appraisal_report,true
L-105541,promissory_note,true
L-105541,title_report,true
L-105542,title_report,true
L-105542,promissory_note,true
L-105542,income_verification,true
L-105543,income_verification,true
L-105543,deed_of_trust,true
L-105544,appraisal_report,true
L-105544,promissory_note,true
L-105545,promissory_note,true
L-105545,insurance_certificate,true
L-105546,title_report,true
L-105546,insurance_certificate,true
L-105547,insurance_certificate,true
L-105548,income_verification,false
L-105548,insurance_certificate,true
L-105549,insurance_certificate,true
L-105549,deed_of_trust,true
L-105550,appraisal_report,true
L-105551,appraisal_report,true
L-105551,income_verification,true
L-105552,deed_of_trust,true
L-105553,promissory_note,true
L-105553,income_verification,true
L-105553,insurance_certificate,true
L-105554,income_verification,true
L-105555,appraisal_report,true
L-105556,insurance_certificate,true
L-105557,title_report,true
L-105557,promissory_note,true
L-105558,title_report,false
L-105559,income_verification,true
L-105559,promissory_note,true
L-105560,income_verification,true
L-105561,insurance_certificate,true
L-105561,income_verification,true
L-105562,insurance_certificate,true
L-105563,title_report,true
L-105564,deed_of_trust,true
L-105565,promissory_note,true
L-105565,income_verification,true
L-105565,deed_of_trust,true
L-105566,promissory_note,true
L-105567,deed_of_trust,false
L-105567,income_verification,true
L-105568,promissory_note,true
L-105568,appraisal_report,true
L-105568,title_report,true
L-105569,deed_of_trust,true
L-105569,appraisal_report,true
L-105569,income_verification,true
L-105570,insurance_certificate,true
L-105570,deed_of_trust,true
L-105571,insurance_certificate,true
L-105571,title_report,false
L-105572,title_report,false
L-105572,appraisal_report,true
L-105572,income_verification,true
L-105573,promissory_note,false
L-105574,appraisal_report,true
L-105574,promissory_note,true
L-105575,appraisal_report,true
L-105575,insurance_certificate,true
L-105576,title_report,true
L-105577,insurance_certificate,true
L-105577,title_report,true
L-105578,deed_of_trust,true
L-105578,income_verification,true
L-105578,title_report,true
L-105579,deed_of_trust,true
L-105579,appraisal_report,true
L-105579,insurance_certificate,true
L-105580,title_report,true
L-105580,deed_of_trust,true
L-105581,insurance_certificate,false
L-105581,deed_of_trust,true
L-105581,promissory_note,true
L-105582,appraisal_report,true
L-105582,title_report,true
L-105582,insurance_certificate,false
L-105583,income_verification,true
L-105583,deed_of_trust,false
L-105583,promissory_note,true
L-105584,appraisal_report,true
L-105584,income_verification,true
L-105585,appraisal_report,true
L-105585,insurance_certificate,true
L-105586,promissory_note,true
L-105587,insurance_certificate,true
L-105587,deed_of_trust,false
L-105587,title_report,true
L-105588,income_verification,true
L-105588,title_report,true
L-105588,appraisal_report,false
L-105589,promissory_note,true
L-105589,income_verification,false
L-105590,appraisal_report,true
L-105591,promissory_note,true
L-105591,income_verification,true
L-105592,promissory_note,true
L-105592,appraisal_report,true
L-105592,deed_of_trust,true
L-105593,appraisal_report,true
L-105593,income_verification,true
L-105593,insurance_certificate,true
L-105594,appraisal_report,true
L-105594,title_report,true
L-105594,deed_of_trust,true
L-105595,insurance_certificate,true
L-105595,title_report,true
L-105596,promissory_note,true
L-105596,income_verification,false
L-105597,appraisal_report,true
L-105597,deed_of_trust,true
L-105598,appraisal_report,true
L-105599,promissory_note,true
L-105599,insurance_certificate,true
L-105600,title_report,false
L-105601,insurance_certificate,true
L-105602,title_report,true
L-105602,appraisal_report,true
L-105603,insurance_certificate,true
L-105604,appraisal_report,true
L-105604,insurance_certificate,true
L-105605,insurance_certificate,true
L-105605,appraisal_report,true
L-105605,title_report,true
L-105606,promissory_note,true
L-105607,title_report,false
L-105607,appraisal_report,true
L-105607,deed_of_trust,true
L-105608,insurance_certificate,true
L-105609,insurance_certificate,true
L-105609,title_report,true
L-105609,appraisal_report,true
L-105610,deed_of_trust,true
L-105610,insurance_certificate,true
L-105610,promissory_note,true
L-105611,income_verification,true
L-105612,title_report,true
L-105612,deed_of_trust,true
L-105612,insurance_certificate,true
L-105613,promissory_note,true
L-105613,deed_of_trust,true
L-105614,appraisal_report,true
L-105614,title_report,true
L-105615,title_report,true
L-105616,income_verification,true
L-105616,deed_of_trust,true
L-105617,appraisal_report,true
L-105617,income_verification,true
L-105618,deed_of_trust,true
L-105618,income_verification,true
L-105619,deed_of_trust,true
L-105619,promissory_note,true
L-105620,deed_of_trust,true
L-105621,appraisal_report,true
L-105621,promissory_note,true
L-105621,income_verification,true
L-105622,deed_of_trust,true
L-105622,income_verification,true
L-105622,title_report,true
L-105623,appraisal_report,false
L-105623,insurance_certificate,true
L-105624,promissory_note,true
L-105624,appraisal_report,true
L-105624,insurance_certificate,true
L-105625,deed_of_trust,true
L-105626,appraisal_report,true
L-105627,income_verification,true
L-105627,title_report,true
L-105628,promissory_note,true
L-105628,appraisal_report,true
L-105628,income_verification,true
L-105629,income_verification,true
L-105630,income_verification,true
L-105630,appraisal_report,true
L-105630,insurance_certificate,false
L-105631,insurance_certificate,false
L-105632,appraisal_report,true
L-105632,title_report,true
L-105633,income_verification,false
L-105633,promissory_note,true
L-105634,title_report,true
L-105634,income_verification,false
L-105635,promissory_note,true
L-105636,deed_of_trust,true
L-105636,income_verification,true
L-105637,deed_of_trust,true
L-105637,appraisal_report,true
L-105637,income_verification,true
L-105638,income_verification,true
L-105638,deed_of_trust,false
L-105639,appraisal_report,true
L-105639,income_verification,true
L-105639,deed_of_trust,false
L-105640,title_report,true
L-105641,insurance_certificate,true
L-105641,appraisal_report,true
L-105642,promissory_note,true
L-105642,title_report,true
L-105642,appraisal_report,true
L-105643,promissory_note,true
L-105643,insurance_certificate,true
L-105643,title_report,false
L-105644,income_verification,true
L-105645,insurance_certificate,true
L-105646,insurance_certificate,true
L-105646,title_report,true
L-105647,income_verification,false
L-105647,title_report,true
L-105648,deed_of_trust,true
L-105648,promissory_note,true
L-105648,insurance_certificate,true
L-105649,income_verification,true
L-105649,appraisal_report,true
L-105649,promissory_note,false
L-105650,income_verification,true
L-105650,insurance_certificate,true
L-105651,deed_of_trust,true
L-105651,appraisal_report,true
L-105652,insurance_certificate,true
L-105652,title_report,true
L-105653,appraisal_report,true
L-105654,deed_of_trust,true
L-105654,insurance_certificate,true
L-105655,title_report,true
L-105656,promissory_note,true
L-105656,title_report,true
L-105656,appraisal_report,false
L-105657,insurance_certificate,true
L-105657,title_report,true
L-105658,promissory_note,true
L-105658,title_report,true
L-105659,appraisal_report,true
L-105659,income_verification,true
L-105659,promissory_note,true
L-105660,insurance_certificate,true
L-105661,insurance_certificate,false
L-105661,title_report,true
L-105661,deed_of_trust,true
L-105662,insurance_certificate,true
L-105662,income_verification,true
L-105663,promissory_note,false
L-105664,title_report,true
L-105664,promissory_note,true
L-105664,income_verification,true
L-105665,insurance_certificate,true
L-105665,income_verification,true
L-105666,title_report,true
L-105666,deed_of_trust,true
L-105667,deed_of_trust,true
L-105667,promissory_note,true
L-105667,title_report,true
L-105668,deed_of_trust,false
L-105668,promissory_note,true
L-105669,deed_of_trust,true
L-105670,insurance_certificate,true
L-105670,promissory_note,true
L-105670,deed_of_trust,true
L-105671,promissory_note,true
L-105671,insurance_certificate,true
L-105671,income_verification,true
L-105672,deed_of_trust,true
L-105673,title_report,true
L-105673,promissory_note,true
L-105673,appraisal_report,true
L-105674,promissory_note,true
L-105674,deed_of_trust,false
L-105675,deed_of_trust,false
L-105675,promissory_note,true
L-105676,title_report,true
L-105676,promissory_note,true
L-105676,income_verification,true
L-105677,deed_of_trust,true
L-105677,title_report,true
L-105677,insurance_certificate,true
L-105678,deed_of_trust,true
L-105678,income_verification,true
L-105679,deed_of_trust,true
L-105679,income_verification,true
L-105680,title_report,true
L-105680,income_verification,true
L-105681,insurance_certificate,true
L-105681,appraisal_report,true
L-105682,appraisal_report,true
L-105682,insurance_certificate,true
L-105682,promissory_note,false
L-105683,appraisal_report,true
L-105683,title_report,true
L-105683,promissory_note,true
L-105684,appraisal_report,true
L-105685,title_report,true
L-105685,promissory_note,true
L-105685,insurance_certificate,true
L-105686,income_verification,false
L-105687,promissory_note,true
L-105687,income_verification,true
L-105688,appraisal_report,true
L-105688,title_report,true
L-105689,deed_of_trust,true
L-105690,income_verification,true
L-105690,deed_of_trust,true
L-105690,appraisal_report,true
L-105691,deed_of_trust,false
L-105692,promissory_note,false
L-105692,insurance_certificate,false
L-105692,deed_of_trust,true
L-105693,income_verification,true
L-105693,promissory_note,true
L-105693,title_report,true
L-105694,promissory_note,true
L-105694,appraisal_report,true
L-105694,title_report,true
L-105695,deed_of_trust,true
L-105695,income_verification,true
L-105696,insurance_certificate,false
L-105696,income_verification,true
L-105697,appraisal_report,true
L-105698,appraisal_report,true
L-105698,insurance_certificate,true
L-105699,promissory_note,false
L-105700,deed_of_trust,true
L-105701,appraisal_report,true
L-105701,promissory_note,true
L-105702,promissory_note,true
L-105702,income_verification,true
L-105703,title_report,true
L-105703,income_verification,true
L-105704,appraisal_report,true
L-105704,promissory_note,false
L-105705,appraisal_report,true
L-105706,appraisal_report,true
L-105706,promissory_note,true
L-105706,deed_of_trust,false
L-105707,appraisal_report,true
L-105707,insurance_certificate,true
L-105707,deed_of_trust,true
L-105708,title_report,true
L-105708,promissory_note,true
L-105709,insurance_certificate,true
L-105710,appraisal_report,false
L-105711,appraisal_report,true
L-105711,promissory_note,true
L-105711,income_verification,true
L-105712,insurance_certificate,true
L-105713,deed_of_trust,false
L-105714,deed_of_trust,true
L-105715,deed_of_trust,false
L-105715,income_verification,true
L-105715,promissory_note,true
L-105716,title_report,true
L-105717,deed_of_trust,true
L-105717,promissory_note,true
L-105717,income_verification,false
L-105718,income_verification,true
L-105718,promissory_note,true
L-105718,deed_of_trust,true
L-105719,promissory_note,true
L-105719,insurance_certificate,true
L-105719,income_verification,true
L-105720,income_verification,true
L-105721,income_verification,true
L-105722,promissory_note,true
L-105723,appraisal_report,true
L-105723,insurance_certificate,true
L-105723,deed_of_trust,true
L-105724,insurance_certificate,true
L-105724,title_report,true
L-105725,appraisal_report,false
L-105725,promissory_note,true
L-105726,deed_of_trust,true
L-105727,income_verification,false
L-105727,promissory_note,true
L-105727,appraisal_report,true
L-105728,income_verification,true
L-105729,title_report,true
L-105729,promissory_note,true
L-105729,deed_of_trust,true
L-105730,appraisal_report,true
L-105731,insurance_certificate,true
L-105732,title_report,true
L-105732,deed_of_trust,true
L-105732,income_verification,true
L-105733,income_verification,true
L-105734,promissory_note,true
L-105734,income_verification,true
L-105735,promissory_note,true
L-105735,insurance_certificate,true
L-105736,title_report,true
L-105736,deed_of_trust,true
L-105736,income_verification,true
L-105737,promissory_note,true
L-105737,insurance_certificate,true
L-105737,income_verification,true
L-105738,insurance_certificate,true
L-105738,income_verification,true
L-105739,appraisal_report,true
L-105739,promissory_note,false
L-105739,insurance_certificate,true
L-105740,promissory_note,true
L-105740,appraisal_report,true
L-105741,appraisal_report,true
L-105741,income_verification,true
L-105741,deed_of_trust,true
L-105742,income_verification,true
L-105742,appraisal_report,true
L-105743,insurance_certificate,true
L-105743,appraisal_report,true
L-105743,income_verification,true
L-105744,insurance_certificate,false
L-105744,title_report,true
L-105745,title_report,true
L-105745,income_verification,true
L-105745,deed_of_trust,true
L-105746,deed_of_trust,true
L-105746,insurance_certificate,true
L-105747,title_report,true
L-105747,insurance_certificate,true
L-105748,promissory_note,true
L-105749,insurance_certificate,true
L-105749,title_report,true
L-105750,deed_of_trust,true
L-105750,appraisal_report,true
L-105751,deed_of_trust,true
L-105751,appraisal_report,true
L-105752,deed_of_trust,true
L-105753,title_report,true
L-105754,appraisal_report,true
L-105754,promissory_note,true
L-105754,insurance_certificate,true
L-105755,deed_of_trust,true
L-105755,promissory_note,true
L-105756,promissory_note,true
L-105756,deed_of_trust,true
L-105756,income_verification,true
L-105757,deed_of_trust,true
L-105758,appraisal_report,true
L-105758,deed_of_trust,true
L-105759,insurance_certificate,true
L-105760,title_report,true
L-105760,promissory_note,true
L-105760,income_verification,true
L-105761,deed_of_trust,true
L-105762,insurance_certificate,true
L-105763,deed_of_trust,true
L-105764,appraisal_report,false
L-105764,promissory_note,true
L-105765,promissory_note,true
L-105765,insurance_certificate,true
L-105766,appraisal_report,true
L-105766,income_verification,true
L-105767,appraisal_report,true
L-105767,title_report,true
L-105767,deed_of_trust,true
L-105768,deed_of_trust,true
L-105768,title_report,true
L-105768,income_verification,true
L-105769,appraisal_report,true
L-105769,insurance_certificate,true
L-105770,insurance_certificate,true
L-105770,promissory_note,true
L-105770,title_report,true
L-105771,title_report,true
L-105771,deed_of_trust,true
L-105772,income_verification,true
L-105772,insurance_certificate,true
L-105772,title_report,true
L-105773,income_verification,true
L-105773,promissory_note,true
L-105774,appraisal_report,true
L-105775,appraisal_report,true
L-105775,income_verification,true
L-105776,insurance_certificate,true
L-105776,promissory_note,true
L-105777,income_verification,true
L-105777,title_report,false
L-105778,insurance_certificate,true
L-105778,appraisal_report,false
L-105778,title_report,true
L-105779,title_report,true
L-105779,promissory_note,true
L-105779,income_verification,true
L-105780,income_verification,true
L-105780,promissory_note,true
L-105780,title_report,true
L-105781,appraisal_report,true
L-105781,title_report,true
L-105781,deed_of_trust,true
L-105782,deed_of_trust,true
L-105782,title_report,false
L-105783,income_verification,true
L-105784,promissory_note,false
L-105784,deed_of_trust,true
L-105785,income_verification,true
L-105786,deed_of_trust,true
L-105786,insurance_certificate,true
L-105786,income_verification,true
L-105787,title_report,true
L-105787,appraisal_report,true
L-105787,income_verification,false
L-105788,deed_of_trust,true
L-105788,appraisal_report,true
L-105788,insurance_certificate,true
L-105789,deed_of_trust,true
L-105789,promissory_note,true
L-105790,title_report,true
L-105790,deed_of_trust,true
L-105791,title_report,true
L-105792,deed_of_trust,true
L-105793,income_verification,true
L-105793,title_report,true
L-105794,promissory_note,true
L-105794,appraisal_report,true
L-105794,insurance_certificate,true
L-105795,appraisal_report,true
L-105796,deed_of_trust,true
L-105797,title_report,true
L-105797,income_verification,true
L-105797,deed_of_trust,true
L-105798,insurance_certificate,true
L-105799,income_verification,true
L-105800,insurance_certificate,true
L-105800,promissory_note,false
L-105800,title_report,true
L-105801,income_verification,true
L-105802,appraisal_report,true
L-105802,title_report,true
L-105802,income_verification,true
L-105803,deed_of_trust,true
L-105803,income_verification,true
L-105804,promissory_note,false
L-105804,title_report,true
L-105804,deed_of_trust,true
L-105805,title_report,true
L-105805,appraisal_report,true
L-105806,appraisal_report,true
L-105806,deed_of_trust,true
L-105807,promissory_note,true
L-105807,income_verification,true
L-105808,promissory_note,true
L-105809,deed_of_trust,true
L-105809,promissory_note,true
L-105810,title_report,true
L-105810,insurance_certificate,true
L-105811,promissory_note,true
L-105811,insurance_certificate,true
L-105811,title_report,true
L-105812,title_report,true
L-105812,income_verification,true
L-105812,deed_of_trust,true
L-105813,deed_of_trust,true
L-105814,insurance_certificate,true
L-105815,income_verification,true
L-105816,deed_of_trust,true
L-105817,income_verification,true
L-105818,insurance_certificate,true
L-105819,title_report,true
L-105820,title_report,true
L-105820,income_verification,true
L-105820,promissory_note,true
L-105821,insurance_certificate,true
L-105821,appraisal_report,false
L-105821,promissory_note,true
L-105822,title_report,true
L-105823,income_verification,true
L-105823,appraisal_report,true
L-105823,deed_of_trust,true
L-105824,title_report,true
L-105824,promissory_note,true
L-105824,deed_of_trust,true
L-105825,title_report,true
L-105825,deed_of_trust,true
L-105826,appraisal_report,true
L-105827,title_report,true
L-105828,title_report,true
L-105828,insurance_certificate,true
L-105829,deed_of_trust,true
L-105829,appraisal_report,false
L-105829,title_report,true
L-105830,promissory_note,true
L-105830,deed_of_trust,true
L-105831,title_report,true
L-105831,promissory_note,true
L-105831,insurance_certificate,true
L-105832,deed_of_trust,true
L-105833,appraisal_report,true
L-105834,insurance_certificate,true
L-105834,deed_of_trust,true
L-105835,insurance_certificate,true
L-105836,deed_of_trust,true
L-105836,insurance_certificate,true
L-105836,promissory_note,true
L-105837,insurance_certificate,true
L-105838,income_verification,true
L-105839,promissory_note,false
L-105839,income_verification,false
L-105840,insurance_certificate,true
L-105840,promissory_note,true
L-105840,income_verification,true
L-105841,deed_of_trust,true
L-105841,title_report,true
L-105841,insurance_certificate,true
L-105842,deed_of_trust,true
L-105843,income_verification,false
L-105843,insurance_certificate,true
L-105843,appraisal_report,true
L-105844,appraisal_report,true
L-105844,income_verification,true
L-105844,deed_of_trust,true
L-105845,deed_of_trust,true
L-105845,appraisal_report,true
L-105846,appraisal_report,true
L-105847,promissory_note,true
L-105847,income_verification,false
L-105847,insurance_certificate,true
L-105848,appraisal_report,true
L-105848,title_report,true
L-105849,income_verification,true
L-105849,insurance_certificate,true
L-105850,appraisal_report,true
L-105851,deed_of_trust,true
L-105851,income_verification,true
L-105852,insurance_certificate,true
L-105852,appraisal_report,true
L-105853,income_verification,true
L-105854,promissory_note,true
L-105855,income_verification,false
L-105855,deed_of_trust,true
L-105855,appraisal_report,true
L-105856,insurance_certificate,true
L-105857,title_report,true
L-105858,title_report,true
L-105859,income_verification,true
L-105860,deed_of_trust,false
L-105861,appraisal_report,true
L-105861,income_verification,true
L-105861,promissory_note,false
L-105862,appraisal_report,true
L-105862,promissory_note,true
L-105862,deed_of_trust,true
L-105863,appraisal_report,true
L-105863,insurance_certificate,false
L-105863,promissory_note,true
L-105864,appraisal_report,true
L-105864,deed_of_trust,true
L-105864,insurance_certificate,true
L-105865,appraisal_report,true
L-105865,income_verification,true
L-105866,insurance_certificate,true
L-105866,appraisal_report,false
L-105867,promissory_note,true
L-105867,deed_of_trust,true
L-105868,insurance_certificate,true
L-105869,deed_of_trust,true
L-105869,insurance_certificate,true
L-105870,appraisal_report,true
L-105871,title_report,true
L-105871,deed_of_trust,false
L-105871,promissory_note,true
L-105872,income_verification,true
L-105873,title_report,true
L-105873,appraisal_report,true
L-105873,income_verification,true
L-105874,income_verification,true
L-105875,insurance_certificate,true
L-105875,deed_of_trust,true
L-105876,deed_of_trust,true
L-105876,promissory_note,true
L-105877,appraisal_report,true
L-105878,income_verification,true
L-105878,insurance_certificate,true
L-105878,promissory_note,true
L-105879,promissory_note,true
L-105880,insurance_certificate,true
L-105880,income_verification,false
L-105881,insurance_certificate,true
L-105881,promissory_note,true
L-105882,insurance_certificate,true
L-105882,title_report,true
L-105882,deed_of_trust,true
L-105883,title_report,true
L-105883,insurance_certificate,true
L-105883,deed_of_trust,true
L-105884,insurance_certificate,true
L-105885,promissory_note,true
L-105885,deed_of_trust,true
L-105885,title_report,true
L-105886,deed_of_trust,true
L-105886,title_report,true
L-105887,promissory_note,true
L-105887,title_report,true
L-105888,income_verification,true
L-105888,insurance_certificate,true
L-105889,insurance_certificate,true
L-105889,deed_of_trust,true
L-105890,income_verification,true
L-105890,appraisal_report,true
L-105891,deed_of_trust,true
L-105891,promissory_note,true
L-105892,deed_of_trust,false
L-105893,promissory_note,true
L-105893,insurance_certificate,true
L-105893,appraisal_report,true
L-105894,income_verification,true
L-105894,promissory_note,true
L-105895,income_verification,true
L-105895,deed_of_trust,false
L-105895,promissory_note,true
L-105896,title_report,false
L-105897,deed_of_trust,true
L-105897,insurance_certificate,true
L-105898,deed_of_trust,true
L-105898,appraisal_report,true
L-105898,insurance_certificate,true
L-105899,income_verification,true
L-105900,income_verification,true
L-105901,income_verification,true
L-105901,insurance_certificate,true
L-105901,deed_of_trust,true
L-105902,income_verification,true
L-105902,appraisal_report,true
L-105902,title_report,true
L-105903,insurance_certificate,true
L-105903,income_verification,true
L-105903,deed_of_trust,true
L-105904,deed_of_trust,true
L-105904,appraisal_report,true
L-105905,insurance_certificate,true
L-105905,title_report,false
L-105906,income_verification,true
L-105906,deed_of_trust,true
L-105906,appraisal_report,true
L-105907,appraisal_report,true
L-105907,title_report,false
L-105907,insurance_certificate,true
L-105908,promissory_note,true
L-105909,title_report,true
L-105909,insurance_certificate,true
L-105910,deed_of_trust,true
L-105910,insurance_certificate,true
L-105911,insurance_certificate,true
L-105912,deed_of_trust,true
L-105912,appraisal_report,true
L-105912,promissory_note,true
L-105913,income_verification,true
L-105913,deed_of_trust,true
L-105913,insurance_certificate,true
L-105914,promissory_note,true
L-105915,insurance_certificate,false
L-105916,title_report,true
L-105916,promissory_note,true
L-105917,insurance_certificate,true
L-105918,promissory_note,true
L-105918,insurance_certificate,true
L-105918,deed_of_trust,true
L-105919,title_report,true
L-105919,appraisal_report,false
L-105919,deed_of_trust,true
L-105920,promissory_note,true
L-105921,income_verification,true
L-105922,title_report,true
L-105922,income_verification,true
L-105923,appraisal_report,true
L-105923,insurance_certificate,true
L-105924,appraisal_report,true
L-105925,income_verification,true
L-105925,deed_of_trust,true
L-105925,promissory_note,true
L-105926,appraisal_report,true
L-105926,promissory_note,true
L-105926,income_verification,true
L-105927,insurance_certificate,true
L-105928,income_verification,true
L-105929,title_report,true
L-105930,appraisal_report,true
L-105931,insurance_certificate,true
L-105931,appraisal_report,true
L-105932,appraisal_report,true
L-105933,promissory_note,true
L-105933,insurance_certificate,true
L-105933,deed_of_trust,true
L-105934,title_report,false
L-105934,appraisal_report,true
L-105934,income_verification,true
L-105935,title_report,false
L-105935,promissory_note,true
L-105936,income_verification,true
L-105937,income_verification,true
L-105937,insurance_certificate,true
L-105938,deed_of_trust,true
L-105938,income_verification,true
L-105938,insurance_certificate,true
L-105939,income_verification,true
L-105939,insurance_certificate,true
L-105939,promissory_note,false
L-105940,income_verification,true
L-105940,appraisal_report,true
L-105940,promissory_note,true
L-105941,title_report,true
L-105942,insurance_certificate,true
L-105943,deed_of_trust,true
L-105944,income_verification,true
L-105945,insurance_certificate,true
L-105945,deed_of_trust,true
L-105946,appraisal_report,true
L-105946,promissory_note,true
L-105947,promissory_note,true
L-105947,title_report,true
L-105947,appraisal_report,true
L-105948,deed_of_trust,true
L-105948,income_verification,true
L-105949,promissory_note,true
L-105949,deed_of_trust,true
L-105949,insurance_certificate,true
L-105950,title_report,true
L-105950,appraisal_report,false
L-105951,deed_of_trust,true
L-105951,title_report,true
L-105951,income_verification,true
L-105952,promissory_note,true
L-105952,deed_of_trust,true
L-105953,deed_of_trust,true
L-105953,income_verification,true
L-105954,deed_of_trust,true
L-105954,appraisal_report,true
L-105954,insurance_certificate,true
L-105955,deed_of_trust,true
L-105955,income_verification,true
L-105956,insurance_certificate,true
L-105956,title_report,true
L-105957,deed_of_trust,false
L-105957,promissory_note,true
L-105957,insurance_certificate,true
L-105958,title_report,true
L-105958,deed_of_trust,true
L-105959,promissory_note,true
L-105959,insurance_certificate,true
L-105959,deed_of_trust,false
L-105960,promissory_note,true
L-105960,title_report,true
L-105960,insurance_certificate,true
L-105961,promissory_note,true
L-105961,deed_of_trust,true
L-105961,appraisal_report,true
L-105962,appraisal_report,true
L-105962,insurance_certificate,true
L-105962,promissory_note,true
L-105963,insurance_certificate,false
L-105963,deed_of_trust,false
L-105963,title_report,true
L-105964,income_verification,true
L-105965,promissory_note,true
L-105965,title_report,true
L-105965,appraisal_report,true
L-105966,insurance_certificate,true
L-105967,income_verification,true
L-105968,insurance_certificate,true
L-105968,promissory_note,true
L-105969,income_verification,true
L-105969,appraisal_report,true
L-105969,promissory_note,true
L-105970,appraisal_report,true
L-105971,income_verification,true
L-105971,title_report,true
L-105972,title_report,true
L-105972,promissory_note,true
L-105973,insurance_certificate,true
L-105974,income_verification,true
L-105975,insurance_certificate,true
L-105976,deed_of_trust,true
L-105976,income_verification,true
L-105977,appraisal_report,true
L-105977,income_verification,true
L-105977,title_report,true
L-105978,deed_of_trust,true
L-105978,promissory_note,true
L-105978,insurance_certificate,true
L-105979,title_report,true
L-105979,promissory_note,false
L-105980,insurance_certificate,false
L-105980,title_report,true
L-105981,income_verification,false
L-105981,promissory_note,true
L-105981,deed_of_trust,true
L-105982,promissory_note,true
L-105982,income_verification,true
L-105983,title_report,true
L-105983,income_verification,true
L-105984,insurance_certificate,true
L-105984,appraisal_report,true
L-105984,income_verification,true
L-105985,insurance_certificate,true
L-105986,appraisal_report,true
L-105986,deed_of_trust,true
L-105987,income_verification,false
L-105987,deed_of_trust,true
L-105988,deed_of_trust,false
L-105988,appraisal_report,true
L-105989,title_report,true
L-105989,insurance_certificate,true
L-105989,deed_of_trust,true
L-105990,appraisal_report,false
L-105990,title_report,true
L-105991,appraisal_report,true
L-105991,income_verification,true
L-105991,insurance_certificate,true
L-105992,title_report,true
L-105992,appraisal_report,true
L-105992,promissory_note,true
L-105993,income_verification,true
L-105993,insurance_certificate,true
L-105994,title_report,true
L-105994,deed_of_trust,true
L-105995,appraisal_report,true
L-105995,income_verification,true
L-105996,title_report,true
L-105996,deed_of_trust,true
L-105997,promissory_note,true
L-105997,income_verification,true
L-105998,income_verification,true
L-105998,appraisal_report,true
L-105998,promissory_note,true
L-105999,promissory_note,true
