loan_id,current_balance,interest_rate,payment_status,days_past_due,last_payment_date,document_status,servicer_name,last_updated_at
L-100000,16880.11,5.80,delinquent_30,45,2026-02-22,complete,Apex Loan Servicing,2026-08-14
L-100001,109709.30,5.29,forbearance,0,2026-01-18,pending,Apex Loan Servicing,2026-08-14
L-100002,389479.47,2.58,delinquent_30,120,2026-07-11,missing,Freedom Mortgage,2026-08-07
L-100003,164882.41,3.61,current,0,2026-06-28,missing,Apex Loan Servicing,2026-08-09
L-100004,351622.60,8.93,delinquent_90+,31,2026-05-27,missing,Apex Loan Servicing,2026-08-07
L-100005,26766.58,5.23,delinquent_60,31,2026-04-28,complete,ServPro,2026-08-09
L-100006,401202.45,4.45,delinquent_60,45,2026-05-23,complete,Apex Loan Servicing,2026-08-21
L-100007,444560.81,10.76,,0,,,,2026-08-08
L-100008,405354.66,11.81,delinquent_30,31,2026-06-13,missing,First National,2026-08-07
L-100009,274410.52,11.11,delinquent_30,120,2026-08-13,verified,Freedom Mortgage,2026-08-09
L-100011,431465.87,7.29,delinquent_30,,,,,2026-08-05
L-100012,48181.97,3.07,current,0,2026-03-21,pending,ServPro,2026-08-20
L-100013,425274.51,14.45,forbearance,0,2026-05-18,complete,First National,2026-08-22
L-100014,370084.40,6.58,delinquent_60,75,2026-03-15,complete,Rocket Servicing,2026-08-17
L-100015,246148.80,3.78,delinquent_60,120,2026-04-05,missing,Freedom Mortgage,2026-08-18
L-100016,443156.19,13.52,forbearance,0,2026-06-16,complete,First National,2026-08-12
L-100017,400041.13,6.19,current,0,2026-04-19,complete,First National,2026-08-24
L-100018,37875.95,11.63,delinquent_30,45,2026-08-18,pending,Rocket Servicing,2026-08-17
L-100019,205990.52,5.04,forbearance,0,2026-04-23,missing,ServPro,2026-08-22
L-100021,213097.54,8.71,current,0,2026-04-08,complete,Rocket Servicing,2026-08-01
L-100022,114304.50,5.14,current,0,2026-01-08,complete,First National,2026-08-11
L-100023,229662.15,10.53,delinquent_30,95,2026-03-24,verified,Freedom Mortgage,2026-08-26
L-100024,49804.75,10.41,delinquent_60,75,2026-07-15,complete,First National,2026-08-02
L-100025,166168.74,12.84,delinquent_30,45,2026-04-18,verified,Freedom Mortgage,2026-08-14
L-100026,411584.27,,,0,,complete,First National,2026-08-21
L-100027,402113.10,14.13,delinquent_30,45,2026-07-16,verified,Freedom Mortgage,2026-08-13
L-100028,83202.63,2.53,delinquent_90+,62,2026-08-10,verified,Apex Loan Servicing,2026-08-22
L-100029,78528.49,6.06,current,0,2026-01-24,missing,First National,2026-08-02
L-100031,243853.93,12.73,delinquent_30,31,2026-02-28,pending,First National,2026-08-20
L-100032,204131.83,7.35,forbearance,0,2026-04-19,complete,Apex Loan Servicing,2026-08-03
L-100033,253321.79,13.72,delinquent_30,120,2026-06-08,missing,ServPro,2026-08-05
L-100034,147498.61,6.29,current,0,2026-01-15,complete,First National,2026-08-18
L-100035,180525.37,,,,2026-03-15,missing,Apex Loan Servicing,2026-08-26
L-100036,8715.98,12.31,delinquent_60,120,2026-02-05,missing,First National,2026-08-04
L-100037,78837.76,5.88,delinquent_30,120,2026-06-07,missing,Apex Loan Servicing,2026-08-16
L-100038,25941.21,,delinquent_60,45,,missing,Freedom Mortgage,2026-08-24
L-100039,340192.04,9.23,current,0,2026-02-23,pending,Apex Loan Servicing,2026-08-02
L-100041,281692.04,4.28,delinquent_30,31,2026-05-12,complete,Rocket Servicing,2026-08-07
L-100042,321793.37,6.74,forbearance,0,2026-07-20,pending,Freedom Mortgage,2026-08-06
L-100043,390116.57,13.08,current,0,2026-03-24,missing,ServPro,2026-08-26
L-100044,354152.33,5.48,delinquent_30,120,2026-02-13,complete,ServPro,2026-08-08
L-100045,318515.76,7.28,,,2026-05-28,complete,,2026-08-25
L-100046,465940.29,,delinquent_30,,,,Apex Loan Servicing,2026-08-09
L-100047,341673.01,6.65,delinquent_60,75,2026-02-13,pending,Rocket Servicing,2026-08-02
L-100048,320109.05,8.96,delinquent_30,62,2026-07-03,missing,Apex Loan Servicing,2026-08-11
L-100049,336174.00,9.15,delinquent_30,,,,ServPro,2026-08-22
L-100051,326726.02,13.33,forbearance,0,2026-05-13,complete,Rocket Servicing,2026-08-10
L-100052,106508.17,8.18,,,,,Freedom Mortgage,2026-08-22
L-100053,99586.72,10.10,delinquent_60,31,2026-04-22,missing,Freedom Mortgage,2026-08-26
L-100054,194835.11,8.20,current,0,2026-08-14,pending,ServPro,2026-08-16
L-100055,460033.87,,forbearance,0,,,,2026-08-15
L-100056,392128.09,12.68,delinquent_90+,45,2026-08-22,missing,ServPro,2026-08-20
L-100057,207701.86,13.38,delinquent_90+,45,2026-08-15,missing,Freedom Mortgage,2026-08-27
L-100058,368761.50,8.76,delinquent_30,62,2026-08-03,missing,Freedom Mortgage,2026-08-09
L-100059,429187.75,3.47,delinquent_30,45,2026-07-23,pending,Freedom Mortgage,2026-08-03
L-100061,162168.66,8.09,current,0,2026-04-27,verified,ServPro,2026-08-25
L-100062,335373.42,12.78,forbearance,0,2026-07-16,complete,Rocket Servicing,2026-08-10
L-100063,410387.78,13.94,delinquent_90+,95,2026-04-16,pending,Rocket Servicing,2026-08-14
L-100064,189707.17,10.53,delinquent_90+,120,2026-03-27,verified,Freedom Mortgage,2026-08-20
L-100065,435791.21,9.60,current,0,2026-02-21,verified,Freedom Mortgage,2026-08-15
L-100066,165312.76,13.06,,,,missing,ServPro,2026-08-09
L-100067,228395.75,11.49,current,0,2026-06-08,complete,First National,2026-08-25
L-100068,59334.99,12.57,forbearance,0,2026-03-08,pending,ServPro,2026-08-22
L-100069,225891.14,5.57,delinquent_60,45,2026-02-25,pending,Rocket Servicing,2026-08-04
L-100071,446221.40,9.41,delinquent_90+,75,2026-04-03,pending,First National,2026-08-23
L-100072,408889.29,9.70,current,0,2026-01-12,verified,Rocket Servicing,2026-08-03
L-100073,167084.81,12.69,delinquent_90+,31,2026-07-12,verified,Freedom Mortgage,2026-08-14
L-100074,352237.45,5.72,,,,pending,,2026-08-27
L-100075,137490.92,7.91,delinquent_90+,95,2026-07-11,complete,ServPro,2026-08-11
L-100076,423151.99,10.91,delinquent_60,,2026-01-17,pending,,2026-08-03
L-100077,311803.88,8.39,,0,,,First National,2026-08-03
L-100078,180284.71,9.14,,,2026-06-14,missing,,2026-08-12
L-100079,133685.30,5.52,current,0,2026-04-11,complete,Apex Loan Servicing,2026-08-25
L-100081,95981.96,11.36,delinquent_60,120,2026-05-04,pending,Rocket Servicing,2026-08-08
L-100082,148577.10,11.00,delinquent_30,62,2026-01-02,missing,Freedom Mortgage,2026-08-21
L-100083,238167.38,12.97,forbearance,0,2026-05-16,verified,ServPro,2026-08-11
L-100084,36038.13,8.40,forbearance,,,complete,Freedom Mortgage,2026-08-05
L-100085,455834.68,3.52,delinquent_30,31,2026-07-20,pending,Apex Loan Servicing,2026-08-13
L-100086,215292.48,12.82,delinquent_90+,62,2026-01-20,complete,Freedom Mortgage,2026-08-21
L-100087,79352.99,,,0,2026-07-15,,,2026-08-23
L-100088,143348.16,5.28,delinquent_60,120,2026-08-03,pending,Rocket Servicing,2026-08-26
L-100089,285150.05,12.15,delinquent_30,75,2026-02-18,pending,Freedom Mortgage,2026-08-09
L-100091,38919.67,4.49,delinquent_60,95,2026-05-15,complete,ServPro,2026-08-23
L-100092,196191.55,5.77,forbearance,0,2026-08-15,complete,Apex Loan Servicing,2026-08-02
L-100093,353903.61,9.74,current,0,2026-02-08,complete,Rocket Servicing,2026-08-19
L-100094,228254.94,8.15,delinquent_90+,62,2026-03-19,verified,ServPro,2026-08-03
L-100095,157502.67,3.76,delinquent_30,62,2026-07-23,verified,Rocket Servicing,2026-08-22
L-100096,391443.87,9.10,delinquent_90+,31,2026-06-09,missing,First National,2026-08-25
L-100097,249433.22,14.36,forbearance,0,2026-08-14,complete,Freedom Mortgage,2026-08-17
L-100098,364310.50,10.00,current,0,2026-04-09,pending,Rocket Servicing,2026-08-15
L-100099,235238.10,2.85,forbearance,0,2026-04-23,pending,Rocket Servicing,2026-08-18
L-100101,143634.24,5.20,current,0,2026-08-04,pending,ServPro,2026-08-23
L-100102,202357.91,8.29,delinquent_90+,45,2026-08-18,pending,ServPro,2026-08-07
L-100103,246414.42,13.05,current,0,2026-05-25,verified,Rocket Servicing,2026-08-26
L-100104,394761.00,5.89,delinquent_60,95,2026-08-28,pending,ServPro,2026-08-18
L-100105,162908.98,11.65,delinquent_90+,75,2026-06-28,pending,Freedom Mortgage,2026-08-19
L-100106,411606.16,7.43,delinquent_60,120,2026-08-23,verified,ServPro,2026-08-22
L-100107,314709.03,4.33,current,0,2026-03-17,missing,First National,2026-08-15
L-100108,301048.22,2.68,delinquent_30,75,2026-03-03,verified,Rocket Servicing,2026-08-11
L-100109,43149.78,6.44,forbearance,0,2026-07-11,verified,Apex Loan Servicing,2026-08-02
L-100110,116515.87,10.71,delinquent_60,45,2026-02-14,complete,First National,2026-08-15
L-100111,144349.69,,delinquent_60,,2026-07-05,pending,,2026-08-17
L-100112,328855.18,4.66,delinquent_30,31,2026-07-20,pending,ServPro,2026-08-19
L-100113,9463.78,12.16,delinquent_60,,,pending,,2026-08-03
L-100114,169143.67,9.55,delinquent_90+,120,2026-05-15,missing,Freedom Mortgage,2026-08-13
L-100115,55660.30,7.08,delinquent_60,95,2026-05-23,missing,First National,2026-08-27
L-100116,135378.18,9.29,current,0,2026-08-27,missing,Freedom Mortgage,2026-08-20
L-100117,109027.16,4.78,delinquent_60,120,2026-03-21,complete,First National,2026-08-10
L-100118,20848.15,6.88,delinquent_30,31,2026-05-11,verified,Freedom Mortgage,2026-08-07
L-100119,396727.66,,delinquent_90+,,2026-05-24,,,2026-08-11
L-100120,227457.41,3.40,delinquent_30,120,2026-07-28,missing,First National,2026-08-26
L-100121,130617.82,3.98,delinquent_60,120,2026-05-19,verified,Rocket Servicing,2026-08-04
L-100122,228951.51,9.93,forbearance,0,2026-06-20,pending,First National,2026-08-21
L-100123,436959.13,6.13,delinquent_90+,31,2026-03-02,complete,Rocket Servicing,2026-08-16
L-100124,350134.60,8.95,delinquent_90+,75,2026-06-22,verified,Apex Loan Servicing,2026-08-24
L-100125,316087.90,12.50,forbearance,0,2026-07-09,complete,Rocket Servicing,2026-08-07
L-100126,456513.71,12.77,current,0,2026-06-18,missing,First National,2026-08-13
L-100127,309809.62,,forbearance,0,,complete,First National,2026-08-26
L-100128,474689.93,11.94,delinquent_30,31,2026-04-19,pending,Freedom Mortgage,2026-08-11
L-100129,379605.78,9.65,delinquent_60,45,2026-03-18,missing,Freedom Mortgage,2026-08-04
L-100130,17245.57,2.68,delinquent_30,95,2026-06-01,pending,Rocket Servicing,2026-08-02
L-100131,374558.09,,forbearance,0,2026-02-15,,,2026-08-17
L-100132,19796.55,,,,2026-08-28,,ServPro,2026-08-14
L-100133,237877.71,13.42,current,0,2026-02-11,pending,First National,2026-08-05
L-100134,257014.50,7.94,,,2026-07-04,,,2026-08-26
L-100135,410076.55,10.31,forbearance,0,2026-04-14,verified,Freedom Mortgage,2026-08-14
L-100136,220411.98,7.49,current,0,2026-06-14,missing,Rocket Servicing,2026-08-12
L-100137,331239.99,8.19,current,0,2026-02-03,verified,First National,2026-08-24
L-100138,390590.41,9.18,forbearance,0,2026-06-22,complete,ServPro,2026-08-12
L-100139,452036.69,7.58,current,0,2026-05-20,missing,Rocket Servicing,2026-08-04
L-100140,106050.93,10.38,delinquent_30,31,2026-06-28,missing,First National,2026-08-25
L-100141,393752.76,9.86,forbearance,0,,,First National,2026-08-20
L-100142,398993.88,5.71,delinquent_30,62,2026-05-11,missing,First National,2026-08-06
L-100143,274002.52,7.31,delinquent_30,120,2026-01-03,pending,ServPro,2026-08-14
L-100144,79769.41,6.24,delinquent_60,95,2026-02-02,pending,Freedom Mortgage,2026-08-25
L-100145,325135.14,5.77,delinquent_90+,75,2026-08-14,missing,Freedom Mortgage,2026-08-25
L-100146,168957.11,3.83,forbearance,0,2026-08-17,missing,First National,2026-08-08
L-100147,289679.35,2.59,delinquent_60,45,2026-03-25,missing,Rocket Servicing,2026-08-11
L-100148,414338.07,7.67,delinquent_30,75,2026-04-17,missing,First National,2026-08-13
L-100149,59707.35,13.55,delinquent_60,95,2026-07-19,verified,ServPro,2026-08-10
L-100150,406130.07,12.12,forbearance,0,2026-08-27,missing,First National,2026-08-14
L-100151,359257.29,,,0,,,Freedom Mortgage,2026-08-11
L-100152,41280.20,10.10,forbearance,0,2026-04-25,missing,Rocket Servicing,2026-08-24
L-100153,311585.41,4.27,current,0,2026-03-09,pending,Freedom Mortgage,2026-08-20
L-100154,365941.65,,,0,,,ServPro,2026-08-22
L-100155,273133.60,10.12,forbearance,0,2026-06-28,missing,Freedom Mortgage,2026-08-15
L-100156,219659.09,6.13,delinquent_60,95,2026-01-12,complete,Rocket Servicing,2026-08-15
L-100157,276536.93,3.42,current,0,2026-07-15,complete,ServPro,2026-08-26
L-100158,390209.24,,,0,,,Rocket Servicing,2026-08-23
L-100159,199165.46,2.97,delinquent_90+,75,2026-03-12,missing,Rocket Servicing,2026-08-13
L-100160,288995.78,11.97,delinquent_60,31,2026-06-04,verified,Rocket Servicing,2026-08-09
L-100161,316867.94,13.38,delinquent_30,62,2026-02-19,pending,Rocket Servicing,2026-08-10
L-100162,336777.98,7.20,forbearance,0,2026-02-10,verified,Rocket Servicing,2026-08-27
L-100163,246532.03,,current,,2026-06-10,,,2026-08-06
L-100164,167322.86,11.69,delinquent_30,45,2026-03-05,complete,Rocket Servicing,2026-08-26
L-100165,288692.06,12.52,forbearance,0,2026-01-22,missing,Apex Loan Servicing,2026-08-05
L-100166,83631.10,7.75,delinquent_90+,62,2026-04-15,,,2026-08-20
L-100167,377575.86,13.35,,0,,,,2026-08-07
L-100168,454886.83,14.31,delinquent_90+,62,2026-07-17,verified,Freedom Mortgage,2026-08-27
L-100169,181325.75,,,,2026-02-23,,Apex Loan Servicing,2026-08-04
L-100170,74990.61,7.75,delinquent_30,,,verified,Rocket Servicing,2026-08-01
L-100171,193315.63,6.99,delinquent_90+,31,2026-06-08,complete,Rocket Servicing,2026-08-04
L-100172,313731.33,12.00,delinquent_30,31,2026-05-27,verified,Freedom Mortgage,2026-08-25
L-100173,218085.70,2.56,current,0,2026-01-09,pending,Freedom Mortgage,2026-08-18
L-100174,294218.05,7.58,delinquent_60,45,2026-05-04,complete,Freedom Mortgage,2026-08-14
L-100175,300835.02,3.25,delinquent_90+,95,2026-01-21,pending,Freedom Mortgage,2026-08-10
L-100176,297034.55,5.39,delinquent_90+,45,2026-02-17,missing,First National,2026-08-17
L-100177,378545.86,8.59,current,0,2026-07-28,verified,First National,2026-08-21
L-100178,182318.63,11.47,delinquent_60,31,2026-06-08,complete,Apex Loan Servicing,2026-08-24
L-100179,68369.56,6.73,delinquent_60,120,2026-03-27,verified,ServPro,2026-08-21
L-100180,,,delinquent_30,31,,pending,First National,2026-08-11
L-100181,249807.20,14.37,forbearance,0,2026-08-09,complete,Freedom Mortgage,2026-08-10
L-100182,375899.74,12.89,delinquent_60,62,2026-02-26,missing,ServPro,2026-08-13
L-100183,429952.81,7.14,delinquent_30,75,2026-08-12,missing,First National,2026-08-24
L-100184,209538.40,14.44,delinquent_30,95,2026-05-11,complete,First National,2026-08-11
L-100185,150585.53,9.73,delinquent_90+,45,2026-08-12,verified,First National,2026-08-24
L-100186,172465.67,14.48,delinquent_60,120,2026-01-03,verified,Rocket Servicing,2026-08-17
L-100187,327720.04,13.93,delinquent_30,95,2026-08-02,pending,First National,2026-08-08
L-100188,179006.02,7.09,forbearance,0,2026-01-20,pending,ServPro,2026-08-12
L-100189,367465.12,9.39,forbearance,0,2026-06-13,missing,Rocket Servicing,2026-08-08
L-100190,17308.84,4.73,forbearance,0,2026-07-18,complete,Rocket Servicing,2026-08-25
L-100191,479348.70,4.90,,,2026-03-28,,First National,2026-08-15
L-100192,35846.06,,forbearance,,,missing,,2026-08-10
L-100193,343109.32,13.63,delinquent_30,62,2026-04-04,pending,Freedom Mortgage,2026-08-08
L-100194,17484.91,9.15,delinquent_60,75,2026-03-20,complete,First National,2026-08-10
L-100195,345543.46,8.24,delinquent_90+,75,2026-02-05,missing,First National,2026-08-15
L-100196,250746.01,4.04,forbearance,0,2026-03-25,pending,ServPro,2026-08-17
L-100197,31321.10,3.99,delinquent_30,62,2026-03-06,missing,Freedom Mortgage,2026-08-12
L-100198,251476.45,5.91,current,0,2026-05-07,missing,Freedom Mortgage,2026-08-21
L-100199,258402.06,8.53,delinquent_30,95,2026-03-06,missing,Apex Loan Servicing,2026-08-02
L-100200,18477.41,3.05,forbearance,0,2026-05-21,pending,Apex Loan Servicing,2026-08-14
L-100201,19385.80,13.17,forbearance,0,2026-05-21,missing,ServPro,2026-08-08
L-100202,330370.65,6.07,current,0,2026-01-06,verified,ServPro,2026-08-16
L-100203,166591.47,4.22,delinquent_60,120,2026-06-13,pending,Rocket Servicing,2026-08-17
L-100204,156580.05,8.10,delinquent_60,75,2026-04-05,complete,First National,2026-08-10
L-100205,415477.83,7.52,delinquent_30,62,2026-06-07,pending,ServPro,2026-08-17
L-100206,422560.94,8.47,current,0,2026-07-17,verified,Freedom Mortgage,2026-08-07
L-100207,28112.61,5.88,forbearance,0,2026-08-10,complete,First National,2026-08-14
L-100208,195276.27,9.34,delinquent_30,,,missing,,2026-08-18
L-100209,301039.75,9.83,delinquent_30,,,,First National,2026-08-13
L-100210,473724.14,9.19,delinquent_60,45,2026-04-20,verified,Apex Loan Servicing,2026-08-02
L-100211,156301.77,6.50,delinquent_90+,95,2026-08-05,pending,Rocket Servicing,2026-08-20
L-100212,297837.73,12.61,forbearance,0,2026-06-17,verified,Apex Loan Servicing,2026-08-10
L-100213,12902.55,6.47,current,0,2026-07-19,missing,First National,2026-08-20
L-100214,464358.58,11.89,forbearance,0,2026-04-24,complete,Apex Loan Servicing,2026-08-16
L-100215,120043.37,,forbearance,0,,,,2026-08-23
L-100216,70589.18,6.26,delinquent_30,75,2026-04-14,verified,First National,2026-08-23
L-100217,87261.65,13.45,delinquent_60,95,,,,2026-08-12
L-100218,417135.84,10.67,delinquent_60,95,2026-08-07,pending,Rocket Servicing,2026-08-18
L-100219,170681.51,13.70,,,,missing,Rocket Servicing,2026-08-04
L-100220,263015.67,13.25,delinquent_90+,62,2026-03-10,complete,Rocket Servicing,2026-08-23
L-100221,134020.20,10.37,delinquent_90+,45,2026-04-27,missing,Apex Loan Servicing,2026-08-23
L-100222,201318.15,5.37,current,0,2026-04-21,pending,First National,2026-08-04
L-100223,52758.83,11.75,current,0,2026-03-14,verified,ServPro,2026-08-21
L-100224,47493.84,,forbearance,,2026-04-18,complete,,2026-08-06
L-100225,402862.32,13.71,current,0,2026-07-26,verified,Freedom Mortgage,2026-08-24
L-100226,444868.86,13.02,current,0,2026-05-19,complete,Rocket Servicing,2026-08-10
L-100227,309623.39,8.79,delinquent_30,95,2026-08-09,pending,First National,2026-08-11
L-100228,,6.55,,,2026-05-19,pending,,2026-08-06
L-100229,308394.75,7.37,delinquent_90+,95,2026-06-03,verified,First National,2026-08-06
L-100230,231790.70,13.73,current,0,2026-05-13,pending,ServPro,2026-08-25
L-100231,175787.24,,delinquent_30,,2026-01-22,,First National,2026-08-15
L-100232,197572.89,8.53,delinquent_60,120,2026-02-21,missing,Rocket Servicing,2026-08-20
L-100233,474698.03,6.98,,0,,verified,Apex Loan Servicing,2026-08-26
L-100234,108745.52,5.47,forbearance,0,2026-02-17,verified,Apex Loan Servicing,2026-08-23
L-100235,440691.24,3.85,forbearance,0,2026-04-19,pending,Freedom Mortgage,2026-08-11
L-100236,214874.26,10.66,forbearance,0,2026-08-03,verified,First National,2026-08-15
L-100237,324564.66,,delinquent_60,120,,,First National,2026-08-13
L-100238,26512.66,6.63,,0,2026-02-18,complete,,2026-08-03
L-100239,229233.82,5.95,delinquent_30,45,2026-07-12,verified,ServPro,2026-08-13
L-100240,329296.92,10.44,forbearance,0,2026-03-21,missing,First National,2026-08-06
L-100241,191702.85,4.03,delinquent_30,31,2026-01-10,verified,Apex Loan Servicing,2026-08-14
L-100242,396096.21,5.47,delinquent_60,45,2026-05-07,complete,First National,2026-08-26
L-100243,297088.52,13.73,current,0,2026-04-07,complete,First National,2026-08-20
L-100244,116311.16,10.94,current,0,2026-04-24,complete,ServPro,2026-08-15
L-100245,116226.72,13.50,,0,2026-06-19,,Apex Loan Servicing,2026-08-25
L-100246,157315.93,6.12,delinquent_30,120,2026-04-14,missing,Rocket Servicing,2026-08-02
L-100247,286041.88,11.32,delinquent_30,120,2026-07-18,verified,First National,2026-08-12
L-100248,323887.70,11.93,delinquent_60,120,2026-07-14,pending,Rocket Servicing,2026-08-13
L-100249,73567.08,8.06,,0,,,,2026-08-02
L-100250,464698.44,9.19,delinquent_30,75,2026-04-09,pending,Rocket Servicing,2026-08-21
L-100251,292360.49,6.95,forbearance,0,2026-04-02,missing,ServPro,2026-08-22
L-100252,459584.39,12.16,forbearance,0,2026-04-16,pending,Rocket Servicing,2026-08-10
L-100253,267237.66,14.04,current,0,2026-08-08,pending,ServPro,2026-08-08
L-100254,185814.33,8.90,delinquent_60,62,2026-05-12,verified,ServPro,2026-08-04
L-100255,348146.45,11.64,delinquent_60,45,2026-06-11,verified,First National,2026-08-19
L-100256,357094.88,2.69,forbearance,0,2026-07-10,pending,Freedom Mortgage,2026-08-11
L-100257,237095.02,11.18,,,,verified,,2026-08-15
L-100258,427448.15,14.38,,0,,complete,,2026-08-17
L-100259,340905.54,13.84,current,0,2026-01-14,pending,Freedom Mortgage,2026-08-03
L-100260,257800.93,6.98,forbearance,0,2026-08-22,verified,First National,2026-08-01
L-100261,12944.92,11.17,forbearance,0,2026-05-01,verified,Freedom Mortgage,2026-08-04
L-100262,254083.07,5.39,forbearance,0,2026-05-27,missing,Rocket Servicing,2026-08-26
L-100263,182199.50,7.37,forbearance,0,2026-04-23,pending,Rocket Servicing,2026-08-22
L-100264,43293.04,14.40,current,0,2026-02-13,verified,ServPro,2026-08-18
L-100265,307455.34,10.93,current,0,2026-08-28,verified,Rocket Servicing,2026-08-19
L-100266,467573.88,13.24,current,0,2026-04-07,verified,Rocket Servicing,2026-08-02
L-100267,330103.65,5.86,forbearance,0,2026-01-06,missing,First National,2026-08-07
L-100268,362320.87,11.05,delinquent_90+,31,2026-05-06,pending,Apex Loan Servicing,2026-08-27
L-100269,326591.61,8.99,delinquent_90+,120,2026-03-26,complete,Apex Loan Servicing,2026-08-24
L-100270,30505.81,7.75,current,0,2026-06-20,verified,Rocket Servicing,2026-08-01
L-100271,377185.37,7.91,delinquent_30,62,2026-07-14,pending,Apex Loan Servicing,2026-08-22
L-100272,371779.52,6.04,delinquent_30,120,2026-02-03,missing,Freedom Mortgage,2026-08-13
L-100273,306102.92,11.38,delinquent_60,62,2026-02-03,complete,Rocket Servicing,2026-08-15
L-100274,133139.06,4.09,delinquent_30,75,2026-08-18,verified,First National,2026-08-01
L-100275,45232.27,9.66,delinquent_60,75,2026-01-10,verified,ServPro,2026-08-25
L-100276,434973.60,14.24,forbearance,0,2026-03-22,verified,Freedom Mortgage,2026-08-05
L-100277,136081.89,,,0,,missing,ServPro,2026-08-26
L-100278,8214.50,5.46,delinquent_90+,95,2026-04-15,complete,Freedom Mortgage,2026-08-10
L-100279,404766.36,7.06,delinquent_60,75,2026-06-14,pending,Rocket Servicing,2026-08-11
L-100280,335263.84,8.25,delinquent_30,75,2026-06-10,verified,Apex Loan Servicing,2026-08-26
L-100281,272828.99,9.61,forbearance,,,pending,,2026-08-22
L-100282,17785.15,11.23,delinquent_30,75,2026-05-27,complete,ServPro,2026-08-22
L-100283,305834.62,5.40,delinquent_30,120,2026-07-26,verified,First National,2026-08-15
L-100284,232636.48,7.31,forbearance,0,2026-07-18,complete,Rocket Servicing,2026-08-23
L-100285,260030.34,10.16,current,0,2026-02-25,pending,Rocket Servicing,2026-08-06
L-100286,26040.93,14.30,delinquent_90+,62,2026-07-04,complete,First National,2026-08-09
L-100287,224955.02,10.65,,0,,,,2026-08-23
L-100288,168859.51,2.79,current,0,2026-05-14,complete,First National,2026-08-27
L-100289,72295.71,6.24,delinquent_90+,45,2026-08-12,verified,First National,2026-08-15
L-100290,219912.42,3.31,current,0,2026-02-01,missing,First National,2026-08-22
L-100291,446713.16,11.39,forbearance,0,2026-03-18,pending,Rocket Servicing,2026-08-18
L-100292,224475.72,12.07,delinquent_30,45,2026-07-13,complete,Apex Loan Servicing,2026-08-07
L-100293,209037.60,2.55,delinquent_30,45,2026-05-25,complete,Apex Loan Servicing,2026-08-04
L-100294,260022.28,6.89,delinquent_30,75,2026-02-09,verified,Apex Loan Servicing,2026-08-21
L-100295,189603.65,7.21,current,0,2026-06-12,verified,Apex Loan Servicing,2026-08-06
L-100296,340344.47,6.07,forbearance,0,2026-02-22,pending,Rocket Servicing,2026-08-04
L-100297,247641.81,7.52,,,2026-03-19,verified,ServPro,2026-08-06
L-100298,260255.15,13.53,delinquent_30,95,2026-03-16,missing,Freedom Mortgage,2026-08-06
L-100299,219225.46,3.14,delinquent_60,31,2026-08-05,pending,ServPro,2026-08-18
L-100300,240110.68,10.72,delinquent_90+,120,2026-08-16,pending,First National,2026-08-19
L-100301,371960.13,6.01,delinquent_60,45,2026-05-06,verified,Apex Loan Servicing,2026-08-24
L-100302,247632.84,9.37,delinquent_60,95,2026-06-18,complete,ServPro,2026-08-18
L-100303,20309.44,,,,2026-05-12,complete,ServPro,2026-08-04
L-100304,117549.38,12.23,forbearance,0,2026-06-28,verified,Freedom Mortgage,2026-08-20
L-100305,257833.38,,,0,2026-03-11,missing,Rocket Servicing,2026-08-19
L-100306,476430.96,,,0,,pending,,2026-08-23
L-100307,123596.69,11.04,delinquent_30,120,2026-07-16,pending,Apex Loan Servicing,2026-08-21
L-100308,423059.41,,current,0,,verified,,2026-08-17
L-100309,334984.22,13.03,delinquent_90+,75,2026-06-19,complete,First National,2026-08-24
L-100311,306549.26,10.87,current,0,2026-07-07,verified,Freedom Mortgage,2026-08-16
L-100312,235535.50,6.62,,,2026-01-02,,First National,2026-08-21
L-100313,223301.34,3.99,delinquent_30,75,2026-08-01,verified,Freedom Mortgage,2026-08-23
L-100314,424020.19,6.12,delinquent_60,31,2026-06-09,complete,Rocket Servicing,2026-08-22
L-100315,83624.41,7.26,delinquent_60,120,2026-04-14,complete,First National,2026-08-01
L-100316,327991.79,2.61,,0,2026-06-27,,First National,2026-08-14
L-100317,231907.61,5.25,current,0,2026-02-04,missing,Rocket Servicing,2026-08-10
L-100318,272563.33,9.82,,0,2026-03-15,missing,,2026-08-24
L-100319,52720.93,,,0,,,First National,2026-08-19
L-100321,171979.43,7.65,delinquent_30,45,2026-05-21,complete,Freedom Mortgage,2026-08-18
L-100322,347560.33,5.92,current,0,2026-05-07,pending,ServPro,2026-08-10
L-100323,377305.76,12.03,delinquent_30,75,2026-07-04,pending,ServPro,2026-08-21
L-100324,255936.09,14.23,delinquent_60,62,2026-03-13,verified,Rocket Servicing,2026-08-18
L-100325,367294.82,13.95,current,0,2026-01-19,complete,First National,2026-08-09
L-100326,343498.81,11.71,delinquent_90+,120,,,ServPro,2026-08-03
L-100327,260386.30,4.33,current,0,2026-05-03,pending,Freedom Mortgage,2026-08-18
L-100328,283557.65,11.66,current,0,2026-05-23,verified,Freedom Mortgage,2026-08-02
L-100329,357304.42,,delinquent_30,31,,complete,,2026-08-23
L-100331,253427.55,11.90,,0,,missing,Freedom Mortgage,2026-08-12
L-100332,208929.17,,forbearance,0,2026-02-09,,,2026-08-23
L-100333,303078.10,8.45,forbearance,0,2026-06-02,verified,Apex Loan Servicing,2026-08-06
L-100334,126180.14,3.73,forbearance,0,2026-02-08,complete,First National,2026-08-01
L-100335,461162.52,2.92,,,,verified,Freedom Mortgage,2026-08-11
L-100336,243469.45,,current,,2026-03-08,,,2026-08-26
L-100337,26816.08,7.31,delinquent_90+,62,2026-05-11,complete,Apex Loan Servicing,2026-08-15
L-100338,478948.88,9.27,delinquent_60,120,2026-04-15,missing,Apex Loan Servicing,2026-08-16
L-100339,352920.08,9.06,delinquent_30,45,2026-01-14,complete,Freedom Mortgage,2026-08-18
L-100341,403797.65,13.03,delinquent_60,31,2026-07-28,missing,First National,2026-08-07
L-100342,118129.61,8.40,current,0,2026-03-23,missing,First National,2026-08-02
L-100343,431211.55,8.74,delinquent_60,75,2026-02-19,complete,Apex Loan Servicing,2026-08-05
L-100344,192316.86,9.60,current,0,2026-07-22,pending,Freedom Mortgage,2026-08-10
L-100345,115965.33,13.82,delinquent_30,,,,Apex Loan Servicing,2026-08-04
L-100346,62349.95,6.80,delinquent_30,75,,missing,,2026-08-15
L-100347,149502.12,,,0,2026-01-07,missing,Freedom Mortgage,2026-08-03
L-100348,464990.00,7.25,current,0,2026-05-09,pending,First National,2026-08-13
L-100349,269078.04,9.10,current,0,2026-08-04,pending,First National,2026-08-01
L-100351,127939.81,5.17,delinquent_30,75,2026-06-22,complete,Apex Loan Servicing,2026-08-19
L-100352,15355.09,3.27,delinquent_90+,45,2026-02-28,missing,First National,2026-08-02
L-100353,29052.91,13.59,delinquent_90+,120,2026-07-16,complete,ServPro,2026-08-22
L-100354,173123.05,13.40,delinquent_60,62,2026-08-05,complete,Apex Loan Servicing,2026-08-20
L-100355,312457.24,8.49,forbearance,0,2026-08-02,complete,Rocket Servicing,2026-08-13
L-100356,477191.46,9.02,current,0,2026-07-26,,,2026-08-23
L-100357,263645.96,8.32,forbearance,0,2026-06-13,missing,Freedom Mortgage,2026-08-01
L-100358,109034.59,13.25,delinquent_60,31,2026-08-17,missing,Apex Loan Servicing,2026-08-08
L-100359,52563.81,10.38,delinquent_60,95,2026-01-25,pending,Apex Loan Servicing,2026-08-26
L-100361,449222.87,14.40,delinquent_30,45,2026-04-19,missing,Rocket Servicing,2026-08-19
L-100362,151800.21,13.87,forbearance,0,2026-03-19,pending,ServPro,2026-08-18
L-100363,47872.25,5.29,delinquent_30,31,2026-08-01,missing,Apex Loan Servicing,2026-08-07
L-100364,166860.55,4.63,delinquent_60,31,2026-01-05,pending,First National,2026-08-17
L-100365,461265.41,6.98,delinquent_90+,95,2026-02-11,missing,Rocket Servicing,2026-08-05
L-100366,352867.21,7.74,delinquent_90+,120,2026-06-06,missing,Freedom Mortgage,2026-08-22
L-100367,88292.02,6.18,delinquent_60,45,2026-03-24,complete,Apex Loan Servicing,2026-08-13
L-100368,371144.44,9.31,delinquent_30,95,2026-06-26,pending,Apex Loan Servicing,2026-08-04
L-100369,71805.60,11.44,delinquent_30,62,2026-06-06,complete,Rocket Servicing,2026-08-15
L-100371,213154.57,10.82,delinquent_60,62,2026-02-24,complete,First National,2026-08-13
L-100372,84010.76,7.47,delinquent_90+,62,2026-07-04,verified,Apex Loan Servicing,2026-08-21
L-100373,112151.80,7.92,current,0,2026-05-01,missing,Rocket Servicing,2026-08-04
L-100374,452660.07,7.01,current,0,2026-02-11,verified,First National,2026-08-14
L-100375,467839.25,,,0,2026-07-23,,Apex Loan Servicing,2026-08-24
L-100376,261559.58,10.43,delinquent_60,45,2026-02-02,verified,Apex Loan Servicing,2026-08-18
L-100377,77955.22,6.83,delinquent_90+,31,2026-05-27,verified,Freedom Mortgage,2026-08-04
L-100378,193796.99,6.00,current,0,2026-08-28,complete,Rocket Servicing,2026-08-26
L-100379,318994.03,3.59,forbearance,0,2026-07-06,missing,ServPro,2026-08-12
L-100381,112465.08,5.72,current,,,pending,First National,2026-08-03
L-100382,388885.57,7.47,forbearance,0,2026-04-18,complete,ServPro,2026-08-27
L-100383,463673.16,10.74,delinquent_90+,95,2026-04-16,missing,First National,2026-08-13
L-100384,344295.21,8.53,forbearance,0,2026-03-04,verified,Freedom Mortgage,2026-08-06
L-100385,389018.84,4.01,delinquent_90+,31,2026-07-07,pending,Apex Loan Servicing,2026-08-09
L-100386,350373.93,12.19,current,0,2026-07-18,verified,Apex Loan Servicing,2026-08-11
L-100387,251851.88,13.51,current,0,2026-07-04,verified,Freedom Mortgage,2026-08-05
L-100388,281771.62,14.08,current,0,2026-02-19,complete,Rocket Servicing,2026-08-18
L-100389,421999.44,5.67,delinquent_90+,95,2026-08-02,pending,Rocket Servicing,2026-08-13
L-100391,162459.69,,,0,,pending,,2026-08-02
L-100392,442396.62,13.26,current,0,2026-06-27,missing,Rocket Servicing,2026-08-09
L-100393,412661.52,10.72,delinquent_30,45,2026-05-24,verified,Rocket Servicing,2026-08-09
L-100394,292365.09,3.57,delinquent_90+,45,2026-07-24,verified,Apex Loan Servicing,2026-08-12
L-100395,249753.11,4.41,delinquent_60,120,2026-07-05,complete,Freedom Mortgage,2026-08-07
L-100396,100345.22,3.19,current,0,2026-08-02,missing,Freedom Mortgage,2026-08-09
L-100397,225503.77,7.26,current,0,2026-01-08,missing,ServPro,2026-08-20
L-100398,461247.18,8.19,forbearance,0,2026-06-12,pending,Rocket Servicing,2026-08-24
L-100399,47936.16,2.83,current,0,2026-03-28,pending,Freedom Mortgage,2026-08-21
L-100401,415699.22,14.11,current,,,verified,Freedom Mortgage,2026-08-21
L-100402,452927.36,11.05,,,2026-05-14,verified,Rocket Servicing,2026-08-15
L-100403,8490.10,14.49,delinquent_60,,,,Apex Loan Servicing,2026-08-21
L-100404,139271.52,10.71,delinquent_90+,31,2026-06-09,missing,Rocket Servicing,2026-08-09
L-100405,457289.20,10.32,delinquent_30,45,2026-04-02,verified,Rocket Servicing,2026-08-22
L-100406,128227.48,7.52,delinquent_90+,120,,complete,,2026-08-19
L-100407,276720.16,4.78,delinquent_30,120,2026-08-22,missing,Apex Loan Servicing,2026-08-10
L-100408,404303.38,13.02,delinquent_30,62,2026-02-16,pending,Rocket Servicing,2026-08-24
L-100409,367386.15,4.70,delinquent_60,120,2026-02-08,missing,Freedom Mortgage,2026-08-24
L-100411,204724.47,13.14,delinquent_60,62,2026-05-15,complete,ServPro,2026-08-02
L-100412,282197.94,13.83,current,0,2026-08-07,complete,ServPro,2026-08-17
L-100413,167768.20,14.35,,0,2026-08-05,missing,,2026-08-23
L-100414,88991.53,10.11,current,,,verified,Rocket Servicing,2026-08-07
L-100415,85087.73,11.67,delinquent_90+,31,2026-03-20,verified,ServPro,2026-08-13
L-100416,231765.13,2.56,forbearance,0,2026-04-24,missing,First National,2026-08-11
L-100417,257241.05,2.71,current,0,2026-04-08,missing,Rocket Servicing,2026-08-05
L-100418,252137.00,6.17,current,0,2026-01-10,missing,ServPro,2026-08-24
L-100419,210990.98,10.74,delinquent_30,62,2026-08-12,pending,Freedom Mortgage,2026-08-26
L-100421,113498.69,11.23,delinquent_30,45,2026-01-19,pending,First National,2026-08-12
L-100422,381260.40,7.00,delinquent_60,95,2026-01-20,complete,First National,2026-08-21
L-100423,27911.65,3.89,delinquent_90+,75,2026-02-18,missing,ServPro,2026-08-23
L-100424,319679.41,,,,2026-05-20,pending,,2026-08-14
L-100425,54834.26,11.13,current,0,2026-05-04,complete,ServPro,2026-08-07
L-100426,374530.49,12.48,delinquent_30,62,2026-07-10,pending,First National,2026-08-18
L-100427,103654.64,13.70,delinquent_60,45,2026-01-01,complete,First National,2026-08-27
L-100428,239699.41,13.89,forbearance,0,2026-02-24,complete,Rocket Servicing,2026-08-21
L-100429,87983.36,,current,,,missing,Rocket Servicing,2026-08-26
L-100431,207347.72,3.89,current,0,2026-01-28,pending,Freedom Mortgage,2026-08-11
L-100432,212914.40,9.96,current,0,2026-06-27,missing,Freedom Mortgage,2026-08-04
L-100433,462097.22,5.76,delinquent_90+,120,2026-08-26,verified,Freedom Mortgage,2026-08-04
L-100434,234270.55,,,0,2026-08-06,,,2026-08-20
L-100435,175334.48,2.85,delinquent_30,75,2026-08-04,verified,ServPro,2026-08-02
L-100436,331914.78,2.65,forbearance,0,2026-04-22,missing,Apex Loan Servicing,2026-08-17
L-100437,210602.76,11.22,delinquent_90+,62,2026-07-05,complete,First National,2026-08-21
L-100438,245144.60,8.13,delinquent_90+,45,2026-02-25,verified,Rocket Servicing,2026-08-08
L-100439,137124.64,8.58,forbearance,0,2026-07-13,pending,First National,2026-08-15
L-100441,277191.59,3.56,delinquent_90+,75,2026-06-04,verified,First National,2026-08-04
L-100442,22020.17,9.09,current,0,2026-05-17,pending,ServPro,2026-08-11
L-100443,30780.73,5.18,delinquent_90+,62,2026-08-23,missing,ServPro,2026-08-04
L-100444,431016.63,2.53,delinquent_60,120,2026-05-18,missing,First National,2026-08-02
L-100445,395373.36,11.41,delinquent_90+,31,2026-05-20,pending,Freedom Mortgage,2026-08-04
L-100446,191625.83,7.98,delinquent_30,120,2026-06-04,verified,First National,2026-08-21
L-100447,284685.28,11.77,delinquent_90+,75,2026-03-16,complete,Apex Loan Servicing,2026-08-24
L-100448,189017.65,12.57,delinquent_90+,95,2026-03-23,pending,Freedom Mortgage,2026-08-04
L-100449,424280.54,8.55,delinquent_90+,75,2026-04-09,verified,Rocket Servicing,2026-08-10
L-100451,68351.62,7.45,forbearance,0,2026-05-27,missing,Apex Loan Servicing,2026-08-21
L-100452,442566.09,4.09,delinquent_30,,2026-06-23,,First National,2026-08-25
L-100453,233175.71,9.35,delinquent_90+,120,2026-05-28,verified,First National,2026-08-17
L-100454,124016.48,3.14,current,0,2026-04-09,pending,Rocket Servicing,2026-08-22
L-100455,333032.55,6.04,forbearance,0,2026-01-12,verified,First National,2026-08-20
L-100456,356258.93,12.88,forbearance,0,2026-07-08,missing,First National,2026-08-13
L-100457,459433.44,14.21,delinquent_60,95,2026-01-01,missing,Freedom Mortgage,2026-08-20
L-100458,413711.25,7.82,delinquent_30,120,2026-06-25,pending,Freedom Mortgage,2026-08-10
L-100459,472140.33,3.39,delinquent_30,120,2026-02-13,complete,ServPro,2026-08-09
L-100461,66781.60,9.51,delinquent_60,31,2026-06-15,pending,First National,2026-08-05
L-100462,288518.16,11.78,forbearance,0,2026-05-16,missing,First National,2026-08-26
L-100463,254562.66,13.98,forbearance,0,2026-02-26,pending,ServPro,2026-08-18
L-100464,48674.14,5.15,delinquent_30,120,2026-06-11,missing,Rocket Servicing,2026-08-07
L-100465,298683.29,8.20,forbearance,0,2026-01-04,missing,ServPro,2026-08-08
L-100466,296508.02,9.95,current,0,2026-06-13,complete,ServPro,2026-08-09
L-100467,139343.77,13.44,delinquent_60,95,2026-08-16,complete,Rocket Servicing,2026-08-21
L-100468,302793.21,,,,2026-04-22,pending,,2026-08-22
L-100469,54365.23,8.95,delinquent_90+,120,2026-02-24,pending,First National,2026-08-15
L-100471,22996.00,3.38,delinquent_30,62,2026-02-19,pending,Rocket Servicing,2026-08-14
L-100472,304353.20,7.70,current,0,2026-07-22,complete,Apex Loan Servicing,2026-08-01
L-100473,298715.95,11.57,forbearance,0,2026-01-23,complete,Rocket Servicing,2026-08-17
L-100474,395508.13,6.12,current,0,2026-05-25,verified,ServPro,2026-08-13
L-100475,426314.61,5.14,delinquent_90+,95,2026-05-21,pending,Rocket Servicing,2026-08-22
L-100476,416891.01,10.28,current,0,2026-03-04,complete,First National,2026-08-19
L-100477,260147.22,13.86,delinquent_60,45,2026-06-07,verified,Apex Loan Servicing,2026-08-05
L-100478,91145.04,12.10,current,,2026-08-21,,Apex Loan Servicing,2026-08-03
L-100479,280782.94,,delinquent_60,,2026-06-05,pending,First National,2026-08-10
L-100481,432556.33,6.31,delinquent_90+,62,2026-05-23,pending,Apex Loan Servicing,2026-08-19
L-100482,155258.25,7.64,current,0,2026-06-08,pending,ServPro,2026-08-09
L-100483,68795.27,11.30,delinquent_90+,75,2026-08-12,missing,ServPro,2026-08-18
L-100484,408553.95,3.48,delinquent_60,45,2026-04-09,complete,First National,2026-08-01
L-100485,391005.14,9.45,forbearance,0,2026-04-02,missing,Apex Loan Servicing,2026-08-18
L-100486,373218.69,6.89,delinquent_30,95,2026-05-05,verified,Apex Loan Servicing,2026-08-17
L-100487,90093.96,2.63,delinquent_30,95,2026-03-25,pending,ServPro,2026-08-06
L-100488,318221.32,14.11,delinquent_90+,62,2026-01-08,verified,Freedom Mortgage,2026-08-03
L-100489,380943.72,,,0,2026-07-16,verified,First National,2026-08-02
L-100491,158933.78,10.94,forbearance,0,2026-05-27,missing,Apex Loan Servicing,2026-08-18
L-100492,183913.30,7.04,forbearance,0,2026-02-17,missing,ServPro,2026-08-08
L-100493,172626.55,12.91,delinquent_90+,75,2026-01-17,pending,ServPro,2026-08-06
L-100494,177055.90,,,,2026-02-22,pending,,2026-08-14
L-100495,347121.44,8.28,delinquent_90+,75,2026-04-19,pending,ServPro,2026-08-01
L-100496,304031.70,2.97,forbearance,0,2026-03-02,,,2026-08-06
L-100497,272712.23,2.72,delinquent_60,31,,,Freedom Mortgage,2026-08-15
L-100498,228921.39,8.28,delinquent_30,75,2026-03-26,pending,Apex Loan Servicing,2026-08-22
L-100499,84667.81,10.73,delinquent_90+,95,2026-02-08,verified,ServPro,2026-08-05
L-100501,89275.54,12.82,forbearance,0,2026-07-27,pending,Apex Loan Servicing,2026-08-04
L-100502,289911.55,13.03,forbearance,0,2026-02-03,verified,Freedom Mortgage,2026-08-20
L-100503,5570.10,13.75,delinquent_90+,95,2026-07-12,complete,Apex Loan Servicing,2026-08-14
L-100504,125896.06,,delinquent_30,,,complete,Rocket Servicing,2026-08-20
L-100505,199107.18,4.77,current,0,2026-02-17,complete,ServPro,2026-08-21
L-100506,314498.57,,delinquent_60,,,missing,Apex Loan Servicing,2026-08-14
L-100507,295643.32,14.40,delinquent_90+,45,2026-07-18,verified,Freedom Mortgage,2026-08-12
L-100508,234786.07,14.36,forbearance,0,2026-06-25,verified,Freedom Mortgage,2026-08-22
L-100509,266523.70,11.90,delinquent_30,31,2026-04-17,verified,Rocket Servicing,2026-08-26
L-100510,340725.22,4.43,current,0,2026-02-27,pending,ServPro,2026-08-20
L-100511,35438.22,5.16,current,0,2026-01-24,verified,ServPro,2026-08-20
L-100512,141072.89,14.06,current,0,2026-03-21,verified,ServPro,2026-08-01
L-100513,247510.23,,,,2026-04-20,,Freedom Mortgage,2026-08-22
L-100514,192692.98,2.50,delinquent_30,31,2026-05-25,verified,Rocket Servicing,2026-08-22
L-100515,250927.78,11.34,current,0,2026-02-18,missing,Apex Loan Servicing,2026-08-19
L-100516,462561.64,5.82,forbearance,0,2026-04-15,verified,Apex Loan Servicing,2026-08-01
L-100517,166483.80,,current,0,2026-05-18,,,2026-08-27
L-100518,123817.21,7.81,delinquent_90+,95,2026-08-25,pending,Rocket Servicing,2026-08-25
L-100519,223842.21,9.54,current,0,2026-08-04,missing,First National,2026-08-13
L-100520,477244.07,10.62,delinquent_30,62,2026-07-12,complete,Rocket Servicing,2026-08-08
L-100521,89780.73,,delinquent_60,,2026-06-07,missing,,2026-08-06
L-100522,329475.97,13.42,delinquent_90+,120,2026-04-08,pending,Rocket Servicing,2026-08-07
L-100523,55677.41,13.54,delinquent_90+,,2026-01-25,,Apex Loan Servicing,2026-08-02
L-100524,181318.35,6.29,forbearance,0,2026-05-16,pending,Apex Loan Servicing,2026-08-09
L-100525,361330.46,4.04,forbearance,0,2026-07-16,complete,Apex Loan Servicing,2026-08-12
L-100526,331010.86,4.60,current,0,2026-08-11,complete,First National,2026-08-22
L-100527,93897.41,,delinquent_60,,,,Freedom Mortgage,2026-08-09
L-100528,296214.92,6.89,delinquent_90+,75,2026-04-14,missing,Rocket Servicing,2026-08-13
L-100529,330855.66,12.27,,0,2026-05-26,,Freedom Mortgage,2026-08-18
L-100530,185919.61,4.25,delinquent_30,75,2026-01-06,verified,ServPro,2026-08-05
L-100531,408460.21,8.70,delinquent_60,75,2026-05-09,complete,ServPro,2026-08-04
L-100532,33517.28,12.27,delinquent_90+,120,2026-02-15,missing,Rocket Servicing,2026-08-12
L-100533,269808.46,12.22,delinquent_60,31,2026-07-04,missing,Apex Loan Servicing,2026-08-07
L-100534,313686.10,8.96,delinquent_60,62,2026-06-22,verified,ServPro,2026-08-03
L-100535,141098.70,10.08,delinquent_30,45,2026-06-14,verified,First National,2026-08-03
L-100536,342455.91,9.76,delinquent_90+,,2026-05-15,missing,,2026-08-24
L-100537,463624.87,7.47,delinquent_30,31,2026-03-24,pending,Rocket Servicing,2026-08-24
L-100538,43030.75,4.50,current,0,2026-02-03,verified,Apex Loan Servicing,2026-08-02
L-100539,447505.05,11.68,current,0,2026-02-09,pending,First National,2026-08-21
L-100540,113944.08,11.35,delinquent_90+,120,2026-03-05,pending,First National,2026-08-02
L-100541,413675.19,6.40,delinquent_90+,75,2026-05-18,verified,Freedom Mortgage,2026-08-23
L-100542,285644.69,7.98,forbearance,0,2026-07-17,missing,Rocket Servicing,2026-08-16
L-100543,387236.19,7.80,delinquent_60,75,2026-05-05,missing,First National,2026-08-01
L-100544,365189.39,4.14,delinquent_60,75,2026-01-23,verified,ServPro,2026-08-10
L-100545,192507.24,6.02,delinquent_30,31,2026-06-07,verified,Apex Loan Servicing,2026-08-14
L-100546,205563.71,,delinquent_30,95,,,,2026-08-25
L-100547,296277.70,10.83,delinquent_60,62,2026-05-14,pending,First National,2026-08-06
L-100548,134263.71,9.97,delinquent_30,62,,complete,,2026-08-05
L-100549,8896.94,4.73,current,0,2026-05-09,pending,ServPro,2026-08-24
L-100550,43105.97,5.11,delinquent_90+,62,2026-08-12,verified,First National,2026-08-11
L-100551,74391.72,5.70,delinquent_90+,31,2026-08-06,pending,Rocket Servicing,2026-08-27
L-100552,10992.36,14.20,delinquent_30,75,2026-08-08,complete,Freedom Mortgage,2026-08-15
L-100553,49631.14,10.49,delinquent_30,75,2026-07-22,missing,Rocket Servicing,2026-08-06
L-100554,25038.31,13.75,forbearance,0,2026-02-09,verified,Rocket Servicing,2026-08-07
L-100555,29741.57,10.50,current,0,2026-04-21,verified,Rocket Servicing,2026-08-01
L-100556,9241.68,,current,0,,,Apex Loan Servicing,2026-08-26
L-100557,331993.11,4.36,current,0,2026-04-06,verified,First National,2026-08-22
L-100558,447153.17,14.46,current,0,2026-01-12,pending,Apex Loan Servicing,2026-08-26
L-100559,332393.74,6.30,forbearance,0,2026-06-26,verified,Freedom Mortgage,2026-08-01
L-100560,68997.78,13.28,delinquent_90+,120,2026-08-18,missing,Apex Loan Servicing,2026-08-23
L-100561,274183.32,9.02,delinquent_60,120,2026-08-09,pending,First National,2026-08-17
L-100562,373561.01,8.57,delinquent_30,,2026-01-20,,,2026-08-12
L-100563,118423.62,11.15,forbearance,0,2026-07-07,verified,Apex Loan Servicing,2026-08-05
L-100564,158235.02,10.19,current,0,2026-02-17,complete,First National,2026-08-27
L-100565,89853.43,2.88,current,0,2026-08-07,complete,First National,2026-08-19
L-100566,189584.44,8.38,forbearance,0,2026-05-02,missing,Freedom Mortgage,2026-08-20
L-100567,11215.90,13.55,delinquent_90+,31,2026-08-26,complete,Rocket Servicing,2026-08-18
L-100568,427954.54,12.36,current,0,2026-05-17,complete,First National,2026-08-27
L-100569,453686.65,14.03,current,0,2026-02-24,pending,Apex Loan Servicing,2026-08-13
L-100570,202212.69,3.77,,,2026-06-22,,,2026-08-15
L-100571,207860.62,3.75,delinquent_30,95,2026-07-17,missing,Freedom Mortgage,2026-08-18
L-100572,215430.78,6.73,delinquent_60,95,2026-06-28,missing,ServPro,2026-08-25
L-100573,397423.61,6.38,delinquent_30,95,2026-04-13,missing,Rocket Servicing,2026-08-15
L-100574,193618.02,11.22,delinquent_60,95,2026-01-17,pending,Rocket Servicing,2026-08-01
L-100575,110396.18,12.77,current,0,2026-05-18,pending,First National,2026-08-02
L-100576,79150.88,5.68,forbearance,0,2026-04-08,missing,Rocket Servicing,2026-08-03
L-100577,275305.85,5.11,current,0,2026-06-26,verified,Freedom Mortgage,2026-08-16
L-100578,332557.67,9.41,current,0,2026-05-02,verified,First National,2026-08-25
L-100579,306096.37,6.68,delinquent_90+,75,2026-02-28,pending,Apex Loan Servicing,2026-08-01
L-100580,30710.78,8.79,delinquent_60,95,2026-03-11,pending,Freedom Mortgage,2026-08-02
L-100581,478749.47,14.15,forbearance,0,2026-02-08,verified,Rocket Servicing,2026-08-26
L-100582,67789.80,3.49,forbearance,0,2026-01-18,verified,Rocket Servicing,2026-08-03
L-100583,211383.28,10.87,delinquent_30,75,2026-04-16,verified,Apex Loan Servicing,2026-08-07
L-100584,478612.41,8.79,delinquent_30,31,2026-05-25,verified,Rocket Servicing,2026-08-22
L-100585,47557.46,10.56,delinquent_90+,62,2026-06-07,missing,Rocket Servicing,2026-08-20
L-100586,370598.61,4.53,delinquent_60,95,2026-08-20,pending,ServPro,2026-08-02
L-100587,115907.56,10.72,delinquent_30,120,2026-02-04,complete,Freedom Mortgage,2026-08-20
L-100588,417657.37,12.34,current,0,2026-06-23,complete,Rocket Servicing,2026-08-15
L-100589,162641.44,11.38,delinquent_30,45,2026-05-18,verified,Apex Loan Servicing,2026-08-24
L-100590,335158.79,10.52,delinquent_90+,95,2026-01-09,pending,First National,2026-08-10
L-100591,8958.73,,,,2026-07-22,,Rocket Servicing,2026-08-22
L-100592,318547.68,12.87,current,0,2026-05-28,verified,Freedom Mortgage,2026-08-13
L-100593,342102.18,13.35,delinquent_90+,95,2026-02-06,pending,Apex Loan Servicing,2026-08-15
L-100594,343422.87,2.98,forbearance,0,2026-05-11,verified,ServPro,2026-08-24
L-100595,117197.26,14.24,forbearance,,2026-05-26,,,2026-08-02
L-100596,422371.71,13.18,current,0,2026-05-08,pending,Rocket Servicing,2026-08-13
L-100597,46702.63,7.09,forbearance,0,2026-04-14,pending,Apex Loan Servicing,2026-08-05
L-100598,153381.81,9.76,delinquent_90+,95,2026-03-07,pending,Apex Loan Servicing,2026-08-18
L-100599,101097.36,4.16,forbearance,0,2026-03-14,pending,Apex Loan Servicing,2026-08-06
L-100600,269736.64,13.88,current,0,2026-03-11,pending,First National,2026-08-25
L-100601,467125.62,14.03,delinquent_60,75,2026-05-05,pending,First National,2026-08-05
L-100602,331504.50,6.81,,,2026-08-05,,,2026-08-17
L-100603,227662.66,10.29,delinquent_30,75,2026-08-16,pending,Freedom Mortgage,2026-08-07
L-100604,323886.07,,delinquent_30,,,pending,First National,2026-08-06
L-100605,473173.13,12.91,delinquent_90+,120,2026-06-28,verified,Freedom Mortgage,2026-08-14
L-100606,24867.48,11.32,delinquent_90+,120,2026-06-13,complete,Apex Loan Servicing,2026-08-04
L-100607,397829.80,3.01,delinquent_30,95,2026-07-24,complete,Apex Loan Servicing,2026-08-13
L-100608,304558.06,3.09,delinquent_60,75,2026-07-10,missing,ServPro,2026-08-06
L-100609,296238.78,3.15,forbearance,0,2026-03-15,verified,First National,2026-08-24
L-100610,90391.41,9.53,forbearance,0,2026-03-13,verified,Rocket Servicing,2026-08-15
L-100611,353299.61,13.26,delinquent_30,75,2026-02-09,missing,Freedom Mortgage,2026-08-23
L-100612,185788.33,10.11,current,0,2026-07-24,pending,ServPro,2026-08-18
L-100613,438320.07,9.29,delinquent_30,45,2026-03-06,complete,ServPro,2026-08-10
L-100614,370099.45,7.86,delinquent_30,31,2026-03-07,complete,Apex Loan Servicing,2026-08-25
L-100615,239396.73,,delinquent_30,95,,verified,,2026-08-15
L-100616,42717.34,9.70,delinquent_30,95,2026-05-20,pending,First National,2026-08-06
L-100617,403056.86,,,,2026-05-11,,First National,2026-08-02
L-100618,370043.19,4.44,delinquent_60,95,2026-03-15,missing,First National,2026-08-03
L-100619,431326.64,12.34,delinquent_90+,95,2026-02-10,verified,Freedom Mortgage,2026-08-04
L-100620,135348.81,8.82,forbearance,0,2026-04-23,pending,Apex Loan Servicing,2026-08-02
L-100621,407704.04,10.05,current,0,2026-08-24,missing,ServPro,2026-08-20
L-100622,251860.26,10.08,,,2026-08-26,,,2026-08-06
L-100623,115542.78,5.99,delinquent_30,31,2026-02-01,verified,First National,2026-08-24
L-100624,384793.07,14.49,delinquent_90+,31,2026-06-12,pending,First National,2026-08-21
L-100625,266246.96,,current,,2026-02-22,missing,,2026-08-11
L-100626,275237.73,14.02,delinquent_30,45,2026-06-27,missing,ServPro,2026-08-16
L-100627,311684.80,8.28,delinquent_90+,95,2026-06-15,verified,First National,2026-08-27
L-100628,273347.75,10.64,forbearance,0,2026-01-07,missing,Rocket Servicing,2026-08-03
L-100629,138218.51,2.87,delinquent_90+,120,2026-03-19,verified,Freedom Mortgage,2026-08-20
L-100630,421598.15,6.20,delinquent_60,120,2026-01-09,verified,First National,2026-08-16
L-100631,398992.30,6.13,forbearance,0,2026-05-06,complete,Rocket Servicing,2026-08-26
L-100632,95350.55,3.61,forbearance,0,2026-01-26,verified,Apex Loan Servicing,2026-08-05
L-100633,352909.51,8.78,delinquent_60,45,2026-02-27,pending,Freedom Mortgage,2026-08-24
L-100634,163312.63,12.88,current,0,2026-01-10,complete,Apex Loan Servicing,2026-08-03
L-100635,53973.84,11.69,delinquent_60,31,2026-05-21,pending,Rocket Servicing,2026-08-07
L-100636,134510.75,4.39,current,,,,First National,2026-08-20
L-100637,53628.26,9.01,forbearance,0,2026-06-09,pending,Rocket Servicing,2026-08-19
L-100638,261774.12,3.11,current,,2026-08-22,,First National,2026-08-04
L-100639,45906.80,7.20,forbearance,0,2026-08-20,missing,Rocket Servicing,2026-08-11
L-100640,343626.88,10.55,forbearance,0,2026-02-25,verified,Apex Loan Servicing,2026-08-05
L-100641,455037.93,10.88,current,0,2026-08-10,verified,ServPro,2026-08-08
L-100642,320960.79,,delinquent_60,,,verified,,2026-08-16
L-100643,65512.15,6.72,delinquent_90+,45,2026-05-25,missing,Apex Loan Servicing,2026-08-19
L-100644,195387.83,12.06,delinquent_60,95,2026-02-26,missing,Apex Loan Servicing,2026-08-15
L-100645,299915.55,9.08,delinquent_90+,75,2026-02-11,pending,Apex Loan Servicing,2026-08-14
L-100646,211793.01,11.95,forbearance,0,2026-04-06,complete,Apex Loan Servicing,2026-08-27
L-100647,286277.49,8.05,forbearance,0,2026-02-27,verified,Freedom Mortgage,2026-08-10
L-100648,38063.63,3.80,forbearance,0,2026-07-11,verified,First National,2026-08-03
L-100649,318918.66,,delinquent_90+,95,2026-05-13,,Apex Loan Servicing,2026-08-19
L-100650,102689.30,13.03,delinquent_60,95,2026-05-14,missing,First National,2026-08-19
L-100651,271014.37,7.35,delinquent_30,62,2026-01-12,complete,First National,2026-08-23
L-100652,57106.70,5.89,current,0,2026-04-14,verified,Rocket Servicing,2026-08-23
L-100653,186243.40,9.04,delinquent_30,75,2026-03-07,verified,Rocket Servicing,2026-08-27
L-100654,142023.66,12.97,delinquent_30,45,2026-01-03,complete,Freedom Mortgage,2026-08-24
L-100655,317515.18,14.20,delinquent_30,31,2026-03-21,verified,ServPro,2026-08-26
L-100656,446897.73,9.98,delinquent_90+,95,2026-07-18,verified,ServPro,2026-08-12
L-100657,117456.23,,forbearance,0,,,Rocket Servicing,2026-08-14
L-100658,278767.37,2.90,current,0,2026-08-23,missing,First National,2026-08-19
L-100659,332986.20,4.21,forbearance,0,2026-05-15,complete,Apex Loan Servicing,2026-08-20
L-100660,374800.39,11.40,current,0,2026-05-20,complete,Rocket Servicing,2026-08-18
L-100661,248514.98,8.13,delinquent_60,75,2026-06-26,missing,Rocket Servicing,2026-08-06
L-100662,277108.50,11.49,forbearance,0,2026-05-02,verified,Apex Loan Servicing,2026-08-06
L-100663,143582.77,11.35,current,0,2026-05-16,complete,Freedom Mortgage,2026-08-17
L-100664,57985.97,5.52,forbearance,0,2026-05-09,missing,First National,2026-08-24
L-100665,129094.98,10.91,,0,,,,2026-08-16
L-100666,395318.79,,delinquent_90+,,,verified,,2026-08-25
L-100667,318816.96,11.21,delinquent_30,45,2026-06-02,missing,First National,2026-08-02
L-100668,362403.23,8.89,delinquent_90+,,,verified,,2026-08-16
L-100669,154952.10,,,,,complete,First National,2026-08-18
L-100670,459187.24,7.68,delinquent_60,62,2026-05-09,complete,Rocket Servicing,2026-08-21
L-100671,224026.58,10.60,delinquent_30,120,2026-04-17,missing,Freedom Mortgage,2026-08-11
L-100672,324580.88,12.48,current,0,2026-07-04,complete,ServPro,2026-08-12
L-100673,,,,,2026-02-02,pending,Apex Loan Servicing,2026-08-21
L-100674,316787.45,,forbearance,0,2026-03-04,,Freedom Mortgage,2026-08-09
L-100675,322100.12,,,,,missing,Rocket Servicing,2026-08-06
L-100676,136711.55,3.25,delinquent_90+,62,2026-01-09,missing,Freedom Mortgage,2026-08-15
L-100677,209845.45,4.91,delinquent_90+,45,2026-08-04,pending,Apex Loan Servicing,2026-08-25
L-100678,55468.61,7.80,delinquent_60,31,2026-01-03,complete,Apex Loan Servicing,2026-08-24
L-100679,5412.13,,,0,,complete,ServPro,2026-08-09
L-100680,451457.76,,delinquent_90+,75,,,ServPro,2026-08-13
L-100681,375945.09,11.92,forbearance,0,2026-04-01,verified,ServPro,2026-08-04
L-100682,449145.04,6.81,delinquent_60,75,2026-01-21,complete,Rocket Servicing,2026-08-18
L-100683,166529.83,12.59,delinquent_60,120,2026-04-06,complete,ServPro,2026-08-22
L-100684,305575.85,,,,,pending,Freedom Mortgage,2026-08-02
L-100685,261762.22,6.19,,0,,,,2026-08-18
L-100686,390594.59,14.10,current,0,2026-01-11,complete,Rocket Servicing,2026-08-26
L-100687,197616.23,5.04,forbearance,0,2026-08-22,pending,Apex Loan Servicing,2026-08-08
L-100688,22516.89,4.20,current,0,2026-08-20,complete,Freedom Mortgage,2026-08-23
L-100689,11823.47,10.09,delinquent_60,31,2026-08-20,pending,Apex Loan Servicing,2026-08-03
L-100690,55507.32,8.47,forbearance,0,2026-04-03,pending,ServPro,2026-08-11
L-100691,471541.56,10.64,delinquent_60,31,2026-03-11,pending,First National,2026-08-19
L-100692,202198.30,,delinquent_60,,2026-03-15,pending,Apex Loan Servicing,2026-08-02
L-100693,43343.24,,,0,,,First National,2026-08-06
L-100694,340702.09,9.62,delinquent_60,75,2026-08-23,pending,Freedom Mortgage,2026-08-05
L-100695,253466.26,7.44,delinquent_30,95,2026-01-20,pending,ServPro,2026-08-20
L-100696,302916.04,11.89,delinquent_60,75,2026-01-18,pending,Freedom Mortgage,2026-08-04
L-100697,468975.95,9.93,forbearance,0,2026-04-15,pending,Rocket Servicing,2026-08-02
L-100698,80885.81,13.57,current,0,,missing,,2026-08-10
L-100699,,11.39,forbearance,,,,Freedom Mortgage,2026-08-06
L-100700,235404.16,3.89,delinquent_30,120,2026-08-19,missing,ServPro,2026-08-07
L-100701,431727.06,5.26,current,0,2026-06-08,complete,Freedom Mortgage,2026-08-24
L-100702,99979.02,13.20,current,0,2026-08-19,verified,First National,2026-08-14
L-100703,346915.08,10.08,,0,,,,2026-08-09
L-100704,69838.21,,delinquent_90+,75,2026-07-06,,Rocket Servicing,2026-08-08
L-100705,291727.09,11.97,forbearance,0,2026-03-19,pending,First National,2026-08-14
L-100706,237376.36,14.45,forbearance,0,2026-08-27,verified,Rocket Servicing,2026-08-01
L-100707,354684.96,5.46,delinquent_60,75,2026-04-19,pending,Apex Loan Servicing,2026-08-01
L-100708,26006.49,14.40,forbearance,0,2026-01-14,verified,ServPro,2026-08-26
L-100709,395113.38,7.93,delinquent_30,31,2026-01-23,verified,Freedom Mortgage,2026-08-05
L-100710,118554.64,14.49,current,0,2026-08-22,missing,Freedom Mortgage,2026-08-23
L-100711,275930.88,9.50,delinquent_90+,75,2026-03-28,verified,Freedom Mortgage,2026-08-26
L-100712,302735.20,10.95,current,0,2026-02-13,missing,Apex Loan Servicing,2026-08-02
L-100713,43455.54,13.07,,0,2026-01-17,,,2026-08-22
L-100714,29492.22,7.10,delinquent_90+,95,2026-01-12,missing,Freedom Mortgage,2026-08-21
L-100715,36827.81,11.01,delinquent_30,45,2026-06-08,complete,ServPro,2026-08-24
L-100716,280556.71,14.01,delinquent_30,120,2026-04-11,missing,Rocket Servicing,2026-08-17
L-100717,136644.03,3.26,delinquent_60,75,2026-08-17,complete,ServPro,2026-08-23
L-100718,397055.03,13.29,delinquent_90+,95,2026-06-26,complete,Freedom Mortgage,2026-08-15
L-100719,75278.17,4.65,current,0,2026-02-06,missing,First National,2026-08-23
L-100720,465547.94,,forbearance,0,2026-03-16,,Rocket Servicing,2026-08-14
L-100721,311225.11,6.00,current,0,2026-01-28,pending,Apex Loan Servicing,2026-08-21
L-100722,279884.69,10.37,delinquent_60,75,2026-08-15,missing,Apex Loan Servicing,2026-08-05
L-100723,150585.13,11.97,delinquent_30,75,2026-06-10,complete,Freedom Mortgage,2026-08-12
L-100724,140492.13,14.18,,0,2026-03-06,,Freedom Mortgage,2026-08-04
L-100725,75273.50,4.02,delinquent_60,62,2026-03-07,complete,Rocket Servicing,2026-08-12
L-100726,468346.20,8.90,current,0,2026-01-13,verified,Freedom Mortgage,2026-08-15
L-100727,79125.30,14.14,forbearance,0,2026-06-21,missing,ServPro,2026-08-10
L-100728,363226.79,14.43,delinquent_30,95,2026-08-11,complete,ServPro,2026-08-02
L-100729,109673.28,,,,2026-06-03,missing,,2026-08-02
L-100730,97696.13,8.82,delinquent_60,45,2026-01-03,verified,First National,2026-08-17
L-100731,237971.05,9.74,forbearance,0,2026-01-22,missing,ServPro,2026-08-05
L-100732,208129.23,7.13,current,0,2026-05-12,missing,Rocket Servicing,2026-08-15
L-100733,46609.35,11.23,delinquent_90+,120,2026-07-26,verified,Rocket Servicing,2026-08-06
L-100734,465921.32,7.59,delinquent_90+,45,2026-02-05,pending,Rocket Servicing,2026-08-16
L-100735,254518.00,6.53,forbearance,0,2026-07-03,complete,ServPro,2026-08-21
L-100736,201894.16,9.17,forbearance,0,2026-03-07,pending,ServPro,2026-08-10
L-100737,25060.63,12.41,forbearance,0,2026-05-16,verified,Freedom Mortgage,2026-08-01
L-100738,78161.39,6.10,delinquent_90+,31,2026-05-14,pending,ServPro,2026-08-23
L-100739,18510.23,11.68,delinquent_90+,31,2026-06-19,verified,Apex Loan Servicing,2026-08-14
L-100740,303298.12,8.21,current,0,2026-06-17,complete,Rocket Servicing,2026-08-06
L-100741,74415.13,8.03,delinquent_30,62,2026-03-02,missing,Rocket Servicing,2026-08-14
L-100742,458699.27,3.08,delinquent_60,95,2026-02-17,pending,Freedom Mortgage,2026-08-25
L-100743,280522.15,9.02,delinquent_60,120,2026-05-09,missing,First National,2026-08-18
L-100744,11126.39,8.72,delinquent_60,75,2026-07-11,pending,First National,2026-08-07
L-100745,399922.69,8.81,,0,2026-02-14,,ServPro,2026-08-03
L-100746,367705.03,2.71,delinquent_60,62,2026-06-05,verified,Apex Loan Servicing,2026-08-17
L-100747,342200.07,2.85,current,0,2026-04-05,pending,Freedom Mortgage,2026-08-10
L-100748,377414.12,,current,0,,complete,ServPro,2026-08-25
L-100749,98266.72,2.89,forbearance,0,2026-01-16,complete,Rocket Servicing,2026-08-02
L-100750,171978.49,11.55,current,0,2026-04-19,pending,Freedom Mortgage,2026-08-22
L-100751,351063.19,13.80,forbearance,0,2026-06-12,pending,Apex Loan Servicing,2026-08-25
L-100752,95985.07,,delinquent_60,,2026-03-25,,,2026-08-18
L-100753,459930.17,13.59,forbearance,0,2026-08-12,pending,ServPro,2026-08-22
L-100754,198599.54,11.64,,0,,missing,,2026-08-04
L-100755,251870.60,8.45,delinquent_60,120,2026-05-18,complete,First National,2026-08-11
L-100756,187771.03,7.98,delinquent_60,120,2026-08-08,verified,Rocket Servicing,2026-08-14
L-100757,479393.58,8.40,current,,,verified,ServPro,2026-08-17
L-100758,45377.81,4.22,delinquent_90+,120,2026-02-24,pending,First National,2026-08-12
L-100759,165850.03,9.64,delinquent_90+,31,2026-04-27,verified,ServPro,2026-08-09
L-100760,368836.78,9.62,delinquent_90+,62,2026-08-22,verified,ServPro,2026-08-17
L-100761,114640.35,,delinquent_30,,2026-01-04,complete,,2026-08-27
L-100762,50758.47,14.16,delinquent_90+,95,2026-06-05,missing,Apex Loan Servicing,2026-08-20
L-100763,129291.01,11.71,delinquent_90+,45,2026-05-22,verified,ServPro,2026-08-17
L-100764,413344.35,9.06,current,0,2026-07-04,verified,ServPro,2026-08-11
L-100765,215214.17,2.93,delinquent_30,95,2026-05-23,pending,ServPro,2026-08-14
L-100766,318537.33,,forbearance,,,verified,,2026-08-16
L-100767,79247.70,3.17,delinquent_60,75,2026-07-20,missing,Rocket Servicing,2026-08-11
L-100768,208370.39,4.04,delinquent_60,62,2026-01-25,missing,ServPro,2026-08-04
L-100769,200666.56,3.18,delinquent_30,45,2026-04-21,missing,Apex Loan Servicing,2026-08-03
L-100770,36112.61,6.16,delinquent_60,45,2026-01-18,missing,First National,2026-08-15
L-100771,205674.69,8.68,delinquent_90+,62,2026-01-23,verified,Apex Loan Servicing,2026-08-01
L-100772,184425.36,7.18,forbearance,0,2026-02-26,verified,First National,2026-08-23
L-100773,164584.54,8.53,delinquent_60,45,2026-05-12,verified,Freedom Mortgage,2026-08-16
L-100774,467700.95,3.40,forbearance,0,2026-04-10,missing,First National,2026-08-10
L-100775,195962.99,5.21,current,0,2026-02-19,missing,Rocket Servicing,2026-08-03
L-100776,257255.24,7.63,delinquent_60,31,2026-05-17,missing,ServPro,2026-08-22
L-100777,100036.57,7.33,forbearance,0,2026-08-22,pending,First National,2026-08-21
L-100778,414787.16,9.42,delinquent_30,120,2026-08-09,verified,Apex Loan Servicing,2026-08-24
L-100779,253078.05,6.87,delinquent_30,45,2026-03-24,missing,ServPro,2026-08-14
L-100780,399351.83,3.27,delinquent_30,75,2026-05-27,missing,Freedom Mortgage,2026-08-09
L-100781,117161.67,5.36,delinquent_30,45,2026-01-08,missing,ServPro,2026-08-16
L-100782,212163.13,10.26,current,0,2026-04-06,missing,Freedom Mortgage,2026-08-01
L-100783,25060.38,11.17,,0,2026-01-02,,,2026-08-03
L-100784,146540.11,3.26,delinquent_90+,62,2026-02-13,pending,Freedom Mortgage,2026-08-04
L-100785,242618.05,3.95,forbearance,0,2026-05-16,complete,Freedom Mortgage,2026-08-20
L-100786,358380.51,13.73,delinquent_30,,,,Freedom Mortgage,2026-08-04
L-100787,31564.57,8.90,current,,,missing,,2026-08-18
L-100788,329300.76,14.06,delinquent_30,62,2026-08-23,missing,Rocket Servicing,2026-08-01
L-100789,434983.98,2.92,current,0,2026-04-09,verified,Rocket Servicing,2026-08-21
L-100790,177356.17,12.25,current,0,2026-04-28,verified,ServPro,2026-08-01
L-100791,191663.39,14.24,delinquent_60,62,2026-02-27,pending,Rocket Servicing,2026-08-07
L-100792,81107.93,7.77,delinquent_60,120,2026-07-26,complete,Rocket Servicing,2026-08-03
L-100793,451735.32,8.15,delinquent_90+,62,2026-07-27,complete,Freedom Mortgage,2026-08-23
L-100794,391378.32,11.35,delinquent_90+,,,complete,First National,2026-08-21
L-100795,304324.26,11.99,delinquent_30,31,2026-07-07,missing,Rocket Servicing,2026-08-19
L-100796,419915.28,8.70,delinquent_30,95,2026-07-26,missing,ServPro,2026-08-16
L-100797,384776.12,4.88,delinquent_90+,62,2026-03-13,,,2026-08-13
L-100798,425062.18,5.19,current,0,2026-04-03,verified,Freedom Mortgage,2026-08-09
L-100799,85159.08,7.31,delinquent_90+,95,2026-05-05,complete,Rocket Servicing,2026-08-06
L-100800,60741.50,11.12,delinquent_90+,75,2026-08-04,pending,Freedom Mortgage,2026-08-07
L-100801,391370.90,5.69,delinquent_90+,75,2026-03-14,pending,Apex Loan Servicing,2026-08-07
L-100802,139409.44,10.63,delinquent_90+,45,2026-07-26,pending,First National,2026-08-10
L-100803,116855.67,7.91,delinquent_30,62,2026-08-03,complete,ServPro,2026-08-05
L-100804,467839.61,7.27,delinquent_30,120,2026-07-23,verified,Apex Loan Servicing,2026-08-09
L-100805,244657.45,3.13,delinquent_30,75,2026-06-20,complete,First National,2026-08-09
L-100806,469323.84,10.56,delinquent_30,95,2026-01-19,pending,Rocket Servicing,2026-08-06
L-100807,446905.30,13.03,delinquent_30,31,2026-06-23,verified,Freedom Mortgage,2026-08-09
L-100808,399054.86,4.03,delinquent_60,120,2026-06-14,missing,Rocket Servicing,2026-08-20
L-100809,250562.03,7.73,delinquent_30,62,2026-08-25,pending,Apex Loan Servicing,2026-08-22
L-100810,213995.06,4.77,current,0,2026-04-06,complete,ServPro,2026-08-09
L-100811,,,delinquent_60,120,,verified,,2026-08-15
L-100812,406773.22,12.90,current,0,2026-06-03,pending,Rocket Servicing,2026-08-06
L-100813,361219.91,12.37,forbearance,0,2026-04-19,complete,Apex Loan Servicing,2026-08-25
L-100814,202799.02,3.42,delinquent_90+,120,2026-02-11,complete,Rocket Servicing,2026-08-22
L-100815,62945.70,6.98,current,0,2026-06-05,complete,First National,2026-08-15
L-100816,318281.18,7.95,delinquent_60,95,2026-01-11,complete,Apex Loan Servicing,2026-08-15
L-100817,352483.98,11.31,forbearance,0,2026-03-07,complete,Rocket Servicing,2026-08-11
L-100818,358305.00,9.07,forbearance,0,2026-07-03,verified,Rocket Servicing,2026-08-06
L-100819,375258.96,,,0,2026-05-21,pending,,2026-08-04
L-100820,50652.96,6.91,,,2026-04-16,verified,,2026-08-13
L-100821,272452.11,7.58,delinquent_90+,62,2026-03-14,verified,First National,2026-08-02
L-100822,467304.10,10.62,delinquent_30,75,2026-02-10,verified,ServPro,2026-08-03
L-100823,231865.40,4.28,delinquent_30,120,2026-05-27,pending,Apex Loan Servicing,2026-08-14
L-100824,248871.90,,forbearance,0,2026-07-14,,First National,2026-08-15
L-100825,275027.15,5.54,delinquent_60,95,2026-02-25,complete,First National,2026-08-24
L-100826,90287.29,4.69,delinquent_90+,31,2026-02-14,missing,Rocket Servicing,2026-08-19
L-100827,364743.28,7.90,delinquent_60,62,2026-03-07,pending,First National,2026-08-24
L-100828,128175.89,10.58,delinquent_90+,95,2026-01-01,verified,First National,2026-08-01
L-100829,391237.93,9.90,delinquent_90+,62,,,,2026-08-03
L-100830,335615.41,,,0,2026-04-28,complete,Freedom Mortgage,2026-08-16
L-100831,313626.42,7.73,forbearance,0,2026-04-03,missing,ServPro,2026-08-05
L-100832,15362.99,4.49,delinquent_30,120,2026-08-16,verified,First National,2026-08-15
L-100833,100635.75,9.33,delinquent_90+,31,2026-06-01,complete,ServPro,2026-08-14
L-100834,355112.20,9.65,forbearance,0,2026-05-02,verified,ServPro,2026-08-16
L-100835,349191.74,13.72,delinquent_90+,45,2026-01-17,complete,ServPro,2026-08-19
L-100836,35167.52,13.21,delinquent_90+,75,2026-02-16,missing,ServPro,2026-08-23
L-100837,81633.38,11.21,delinquent_90+,62,2026-08-08,pending,Apex Loan Servicing,2026-08-22
L-100838,290997.56,12.61,delinquent_90+,45,2026-05-24,verified,ServPro,2026-08-27
L-100839,314937.59,6.82,delinquent_90+,45,2026-04-10,complete,ServPro,2026-08-05
L-100840,202592.57,14.43,delinquent_60,45,,,Freedom Mortgage,2026-08-18
L-100841,209544.72,13.07,delinquent_60,120,2026-03-06,complete,First National,2026-08-11
L-100842,62326.82,5.19,delinquent_60,62,2026-06-25,complete,Apex Loan Servicing,2026-08-09
L-100843,410368.87,12.98,forbearance,0,2026-02-23,complete,ServPro,2026-08-26
L-100844,404758.56,3.83,current,0,2026-02-27,complete,Apex Loan Servicing,2026-08-04
L-100845,143758.42,7.80,,,2026-08-24,complete,Freedom Mortgage,2026-08-21
L-100846,394101.37,3.98,delinquent_30,75,2026-07-25,complete,Freedom Mortgage,2026-08-27
L-100847,167127.03,8.56,current,0,2026-05-12,verified,Rocket Servicing,2026-08-21
L-100848,77015.33,11.54,delinquent_90+,45,2026-03-26,verified,ServPro,2026-08-14
L-100849,457124.26,8.69,delinquent_60,31,2026-08-05,complete,Apex Loan Servicing,2026-08-03
L-100850,32459.67,14.28,delinquent_30,75,2026-01-13,complete,Freedom Mortgage,2026-08-19
L-100851,343850.52,10.42,forbearance,0,2026-05-14,verified,Apex Loan Servicing,2026-08-10
L-100852,154005.24,6.63,delinquent_60,95,2026-03-23,verified,ServPro,2026-08-21
L-100853,390619.76,10.29,delinquent_30,,,,,2026-08-10
L-100854,153319.90,7.18,delinquent_30,95,2026-05-07,complete,Apex Loan Servicing,2026-08-18
L-100855,306950.61,2.78,forbearance,0,2026-05-08,missing,ServPro,2026-08-17
L-100856,146531.53,6.98,forbearance,0,2026-06-04,complete,First National,2026-08-15
L-100857,220244.90,14.30,forbearance,0,2026-04-12,missing,Rocket Servicing,2026-08-22
L-100858,344555.87,10.57,delinquent_90+,95,2026-04-04,missing,Apex Loan Servicing,2026-08-19
L-100859,398507.87,,,0,,complete,First National,2026-08-02
L-100860,66780.08,5.08,current,0,2026-06-22,verified,Apex Loan Servicing,2026-08-18
L-100861,192521.68,5.66,delinquent_90+,120,2026-07-15,verified,ServPro,2026-08-27
L-100862,248763.11,,,0,,,Apex Loan Servicing,2026-08-04
L-100863,221330.38,2.89,delinquent_30,95,2026-06-04,verified,First National,2026-08-04
L-100864,142555.52,8.77,current,0,2026-06-10,missing,Rocket Servicing,2026-08-10
L-100865,380821.76,4.21,forbearance,0,2026-07-02,missing,Rocket Servicing,2026-08-07
L-100866,418452.60,,delinquent_90+,,,,ServPro,2026-08-19
L-100867,219877.85,6.55,delinquent_90+,75,2026-03-25,pending,Apex Loan Servicing,2026-08-21
L-100868,218716.46,7.89,delinquent_60,31,2026-07-13,pending,ServPro,2026-08-11
L-100869,460087.76,13.18,delinquent_60,120,2026-02-28,pending,First National,2026-08-19
L-100870,371507.69,6.21,current,0,2026-02-07,complete,Apex Loan Servicing,2026-08-17
L-100871,257633.23,,current,0,2026-05-26,,,2026-08-07
L-100872,195853.99,,current,,,,ServPro,2026-08-01
L-100873,90741.30,2.79,forbearance,0,2026-06-13,missing,First National,2026-08-04
L-100874,262345.15,5.92,delinquent_30,62,2026-02-05,missing,ServPro,2026-08-22
L-100875,190221.36,,,,2026-06-05,verified,,2026-08-11
L-100876,288577.19,,,0,2026-04-16,verified,First National,2026-08-09
L-100877,268185.75,7.38,delinquent_90+,31,2026-07-21,pending,First National,2026-08-09
L-100878,53216.97,11.66,delinquent_30,62,2026-07-15,complete,Apex Loan Servicing,2026-08-07
L-100879,72624.34,8.99,delinquent_30,45,2026-07-18,verified,First National,2026-08-01
L-100880,461529.36,9.95,delinquent_30,31,2026-01-16,missing,Apex Loan Servicing,2026-08-09
L-100881,185572.92,6.72,delinquent_30,95,2026-05-02,pending,Apex Loan Servicing,2026-08-19
L-100882,459773.16,10.88,delinquent_30,120,2026-05-14,pending,Apex Loan Servicing,2026-08-17
L-100883,328997.97,6.61,delinquent_60,120,2026-08-09,pending,Rocket Servicing,2026-08-11
L-100884,294173.71,,,,2026-01-01,pending,,2026-08-14
L-100885,335832.72,8.37,delinquent_90+,95,2026-02-26,complete,Apex Loan Servicing,2026-08-01
L-100886,392626.88,7.84,current,0,2026-06-27,verified,Apex Loan Servicing,2026-08-12
L-100887,403594.25,12.24,current,0,2026-02-15,missing,Freedom Mortgage,2026-08-15
L-100888,470556.58,11.60,delinquent_60,45,2026-02-27,missing,Freedom Mortgage,2026-08-08
L-100889,22478.12,8.41,forbearance,0,2026-04-01,pending,ServPro,2026-08-04
L-100890,275323.56,8.43,forbearance,0,2026-04-22,pending,First National,2026-08-19
L-100891,411352.51,13.07,,,2026-05-07,complete,Apex Loan Servicing,2026-08-20
L-100892,313764.27,,delinquent_60,,,verified,,2026-08-14
L-100893,25645.72,11.15,,0,,,,2026-08-02
L-100894,,4.84,current,,,,Apex Loan Servicing,2026-08-26
L-100895,34850.96,14.24,delinquent_90+,31,2026-04-07,pending,Rocket Servicing,2026-08-10
L-100896,18239.56,7.68,current,0,2026-06-27,missing,Freedom Mortgage,2026-08-04
L-100897,460431.26,12.49,delinquent_60,95,2026-04-03,verified,First National,2026-08-21
L-100898,64292.53,14.19,current,0,2026-07-11,complete,Freedom Mortgage,2026-08-02
L-100899,214911.24,6.12,delinquent_90+,31,2026-02-22,complete,Apex Loan Servicing,2026-08-02
L-100900,289798.53,,forbearance,0,,complete,,2026-08-15
L-100901,382703.22,13.06,forbearance,0,2026-02-11,complete,ServPro,2026-08-17
L-100902,96428.63,3.73,forbearance,0,2026-02-19,pending,Apex Loan Servicing,2026-08-05
L-100903,126735.90,7.55,forbearance,0,2026-08-06,pending,Freedom Mortgage,2026-08-26
L-100904,151620.35,9.51,forbearance,0,2026-06-10,pending,Freedom Mortgage,2026-08-16
L-100905,180194.25,2.60,forbearance,0,2026-03-02,pending,Apex Loan Servicing,2026-08-27
L-100906,412883.55,7.56,delinquent_30,45,2026-04-26,complete,Rocket Servicing,2026-08-07
L-100907,335021.25,14.28,forbearance,0,2026-06-28,missing,Apex Loan Servicing,2026-08-10
L-100908,82082.99,7.95,current,0,2026-08-08,complete,Freedom Mortgage,2026-08-23
L-100909,391960.02,12.19,,,,verified,,2026-08-07
L-100910,397390.05,2.58,current,0,2026-02-12,complete,Apex Loan Servicing,2026-08-04
L-100911,,2.86,,,2026-04-10,,Freedom Mortgage,2026-08-08
L-100912,346447.42,6.58,forbearance,0,2026-04-06,pending,First National,2026-08-06
L-100913,437558.25,2.75,delinquent_30,75,2026-02-11,pending,Rocket Servicing,2026-08-15
L-100914,36054.32,4.23,,0,,pending,,2026-08-26
L-100915,307167.90,13.55,forbearance,,,,,2026-08-19
L-100916,382915.66,,,,2026-03-28,verified,,2026-08-07
L-100917,377715.98,11.99,forbearance,0,2026-02-06,verified,Apex Loan Servicing,2026-08-12
L-100918,225526.96,6.36,delinquent_60,95,2026-08-23,verified,ServPro,2026-08-09
L-100919,308100.16,11.99,current,0,2026-04-08,pending,ServPro,2026-08-08
L-100920,150349.54,13.16,forbearance,0,2026-03-27,missing,Rocket Servicing,2026-08-18
L-100921,300034.76,6.04,forbearance,0,2026-06-08,complete,ServPro,2026-08-17
L-100922,227086.72,7.41,delinquent_90+,62,2026-05-13,complete,Freedom Mortgage,2026-08-15
L-100923,248575.72,,,,2026-02-26,missing,,2026-08-08
L-100924,358975.39,2.96,delinquent_30,62,2026-04-22,missing,Rocket Servicing,2026-08-10
L-100925,406587.91,4.79,forbearance,0,2026-03-28,missing,First National,2026-08-25
L-100926,248507.31,,delinquent_30,75,,pending,,2026-08-08
L-100927,104690.63,5.30,forbearance,0,2026-08-24,verified,Rocket Servicing,2026-08-26
L-100928,279316.51,7.65,delinquent_90+,45,2026-08-15,complete,Rocket Servicing,2026-08-05
L-100929,207216.69,,,,,verified,Apex Loan Servicing,2026-08-10
L-100930,16038.92,11.92,delinquent_30,45,2026-06-19,verified,ServPro,2026-08-07
L-100931,35261.89,7.14,delinquent_90+,31,2026-06-19,verified,Rocket Servicing,2026-08-03
L-100932,17748.29,,,,2026-04-03,,ServPro,2026-08-10
L-100933,180109.83,,current,0,2026-03-11,,,2026-08-14
L-100934,475057.68,4.05,delinquent_90+,75,2026-02-13,pending,Freedom Mortgage,2026-08-07
L-100935,393500.65,10.48,delinquent_30,95,2026-05-19,pending,Apex Loan Servicing,2026-08-23
L-100936,135834.46,2.59,delinquent_30,75,2026-02-27,verified,Apex Loan Servicing,2026-08-26
L-100937,23565.28,3.59,delinquent_90+,62,,,,2026-08-23
L-100938,381364.72,7.19,delinquent_30,75,2026-04-06,verified,ServPro,2026-08-13
L-100939,92136.05,9.32,delinquent_90+,120,2026-01-08,pending,Rocket Servicing,2026-08-21
L-100940,321662.05,3.30,delinquent_30,75,2026-07-25,complete,Rocket Servicing,2026-08-03
L-100941,244587.55,11.85,delinquent_90+,75,2026-03-09,pending,Apex Loan Servicing,2026-08-02
L-100942,39767.86,10.83,delinquent_90+,75,2026-06-24,verified,Freedom Mortgage,2026-08-13
L-100943,265503.56,11.01,delinquent_30,62,2026-08-16,verified,First National,2026-08-03
L-100944,86029.82,2.72,,,,complete,Freedom Mortgage,2026-08-10
L-100945,326756.99,,,,,pending,ServPro,2026-08-12
L-100946,402338.04,,,0,,,Apex Loan Servicing,2026-08-21
L-100947,318519.19,3.73,delinquent_60,75,2026-01-20,complete,First National,2026-08-25
L-100948,100825.57,5.50,delinquent_30,45,2026-02-01,verified,First National,2026-08-01
L-100949,96272.11,10.53,delinquent_30,31,2026-03-24,pending,First National,2026-08-14
L-100950,392421.56,6.37,delinquent_30,95,2026-04-18,verified,ServPro,2026-08-04
L-100951,196016.26,6.29,delinquent_90+,,2026-04-15,pending,,2026-08-03
L-100952,137267.37,9.99,current,0,2026-02-07,verified,Rocket Servicing,2026-08-25
L-100953,471973.68,3.72,forbearance,0,2026-03-09,complete,Apex Loan Servicing,2026-08-11
L-100954,335749.80,10.63,delinquent_30,62,2026-03-21,missing,ServPro,2026-08-03
L-100955,294053.33,9.52,delinquent_90+,95,2026-04-17,complete,Freedom Mortgage,2026-08-01
L-100956,430970.23,6.21,delinquent_90+,45,2026-02-02,pending,Rocket Servicing,2026-08-16
L-100957,118080.38,11.20,,0,,verified,Rocket Servicing,2026-08-05
L-100958,361511.68,,delinquent_30,,,,Rocket Servicing,2026-08-11
L-100959,252699.17,,,,2026-03-15,,First National,2026-08-03
L-100960,38242.84,4.81,delinquent_30,45,2026-03-03,pending,Apex Loan Servicing,2026-08-18
L-100961,447611.03,5.34,current,0,2026-07-24,verified,Rocket Servicing,2026-08-06
L-100962,121339.36,4.62,delinquent_30,62,2026-05-19,verified,Freedom Mortgage,2026-08-09
L-100963,233556.09,13.91,delinquent_60,75,2026-07-06,verified,ServPro,2026-08-14
L-100964,354090.85,11.62,delinquent_90+,31,2026-07-14,complete,Rocket Servicing,2026-08-20
L-100965,267604.76,4.61,delinquent_90+,75,2026-05-15,missing,ServPro,2026-08-18
L-100966,39171.33,4.14,delinquent_90+,45,2026-03-07,complete,First National,2026-08-17
L-100967,182772.46,7.35,delinquent_90+,75,2026-06-13,verified,Rocket Servicing,2026-08-21
L-100968,38836.32,13.12,current,0,2026-07-19,pending,Freedom Mortgage,2026-08-25
L-100969,126247.75,13.46,delinquent_60,95,2026-08-21,missing,First National,2026-08-21
L-100970,206419.16,5.46,delinquent_90+,31,2026-06-21,complete,Freedom Mortgage,2026-08-09
L-100971,453525.98,4.27,delinquent_30,95,2026-03-01,complete,First National,2026-08-21
L-100972,187565.17,10.97,current,0,2026-04-14,pending,ServPro,2026-08-09
L-100973,242807.24,8.90,delinquent_90+,95,2026-05-24,verified,First National,2026-08-04
L-100974,373928.28,6.63,delinquent_30,62,2026-04-24,verified,Rocket Servicing,2026-08-01
L-100975,392784.95,2.52,current,0,2026-07-17,verified,Rocket Servicing,2026-08-24
L-100976,88790.62,4.74,delinquent_30,45,2026-08-06,complete,ServPro,2026-08-19
L-100977,93178.07,3.21,delinquent_30,45,2026-05-28,verified,ServPro,2026-08-21
L-100978,56867.84,10.14,current,0,2026-05-03,verified,First National,2026-08-09
L-100979,458726.52,5.32,delinquent_90+,120,2026-02-01,complete,Rocket Servicing,2026-08-25
L-100980,379873.40,3.00,delinquent_30,95,2026-01-13,missing,ServPro,2026-08-16
L-100981,292076.49,6.54,delinquent_60,62,2026-04-12,verified,ServPro,2026-08-20
L-100982,290906.86,6.46,current,0,2026-01-15,verified,Freedom Mortgage,2026-08-01
L-100983,137747.08,10.89,delinquent_30,62,2026-08-20,verified,Apex Loan Servicing,2026-08-14
L-100984,6486.33,10.16,delinquent_60,31,2026-06-28,complete,Rocket Servicing,2026-08-22
L-100985,293212.43,7.30,forbearance,0,2026-02-12,verified,ServPro,2026-08-22
L-100986,434971.31,11.31,delinquent_60,95,2026-04-23,pending,Apex Loan Servicing,2026-08-19
L-100987,345416.17,2.88,delinquent_90+,31,2026-05-27,verified,Freedom Mortgage,2026-08-15
L-100988,234030.06,8.99,delinquent_30,45,2026-03-25,complete,First National,2026-08-14
L-100989,18880.35,13.65,delinquent_60,75,2026-05-08,missing,ServPro,2026-08-22
L-100990,333597.66,12.96,forbearance,0,,,Apex Loan Servicing,2026-08-03
L-100991,184079.90,11.11,delinquent_90+,120,2026-07-26,pending,Freedom Mortgage,2026-08-09
L-100992,65523.30,3.57,forbearance,0,2026-04-24,complete,Apex Loan Servicing,2026-08-12
L-100993,185592.68,11.34,delinquent_60,31,2026-04-28,verified,ServPro,2026-08-11
L-100994,383821.12,13.71,delinquent_30,95,2026-04-04,verified,First National,2026-08-18
L-100995,155064.96,12.29,delinquent_60,45,2026-08-22,verified,Freedom Mortgage,2026-08-20
L-100996,332085.00,,,,2026-05-28,verified,,2026-08-21
L-100997,240137.12,10.95,delinquent_90+,31,2026-06-05,pending,Freedom Mortgage,2026-08-23
L-100998,443499.98,11.81,delinquent_90+,120,2026-07-10,pending,First National,2026-08-18
L-100999,205657.80,8.18,delinquent_60,75,2026-07-03,missing,Rocket Servicing,2026-08-23
L-101000,338026.62,9.08,current,0,2026-03-11,complete,Rocket Servicing,2026-08-15
L-101001,279149.77,7.80,delinquent_90+,62,2026-03-07,pending,Freedom Mortgage,2026-08-24
L-101002,177057.24,12.77,current,0,2026-03-13,verified,Freedom Mortgage,2026-08-02
L-101003,465620.31,4.66,current,0,2026-02-17,missing,Apex Loan Servicing,2026-08-14
L-101004,196897.15,2.91,delinquent_30,75,2026-08-10,pending,ServPro,2026-08-25
L-101005,382779.47,10.40,delinquent_90+,120,2026-07-09,verified,Rocket Servicing,2026-08-01
L-101006,436527.26,,delinquent_30,31,,verified,Rocket Servicing,2026-08-23
L-101007,382313.26,4.67,delinquent_90+,120,2026-07-10,pending,First National,2026-08-11
L-101008,402643.37,12.04,delinquent_30,75,2026-01-13,verified,First National,2026-08-17
L-101009,393943.11,10.32,delinquent_30,120,2026-02-06,pending,First National,2026-08-18
L-101010,154290.64,2.97,forbearance,0,2026-04-21,pending,First National,2026-08-18
L-101011,177690.83,,forbearance,0,2026-03-14,complete,,2026-08-08
L-101012,454451.94,8.73,delinquent_60,120,2026-08-05,verified,Rocket Servicing,2026-08-17
L-101013,478478.65,9.77,forbearance,0,2026-04-23,complete,First National,2026-08-08
L-101014,351324.59,12.77,delinquent_30,45,2026-04-19,missing,Rocket Servicing,2026-08-05
L-101015,266178.09,5.63,delinquent_30,75,2026-08-03,missing,ServPro,2026-08-23
L-101016,335981.39,,delinquent_30,,2026-06-19,pending,ServPro,2026-08-27
L-101017,64195.08,,,0,,complete,Apex Loan Servicing,2026-08-14
L-101018,51524.76,6.85,delinquent_60,62,2026-03-28,pending,Rocket Servicing,2026-08-01
L-101019,110557.15,13.92,current,0,2026-03-17,missing,Apex Loan Servicing,2026-08-27
L-101020,50381.76,6.69,forbearance,0,2026-05-18,missing,Apex Loan Servicing,2026-08-04
L-101021,86105.02,13.86,delinquent_90+,45,2026-06-26,verified,ServPro,2026-08-19
L-101022,317342.39,4.21,forbearance,0,2026-05-02,,,2026-08-24
L-101023,180821.58,11.83,forbearance,0,2026-07-23,verified,Freedom Mortgage,2026-08-15
L-101024,384272.73,8.53,delinquent_60,75,2026-04-10,complete,Rocket Servicing,2026-08-14
L-101025,406491.66,10.12,current,0,2026-04-03,pending,Apex Loan Servicing,2026-08-02
L-101026,249630.46,13.66,current,0,2026-07-22,pending,ServPro,2026-08-16
L-101027,426838.25,10.87,delinquent_90+,31,2026-04-27,complete,ServPro,2026-08-23
L-101028,168903.80,14.43,forbearance,0,2026-01-20,verified,Freedom Mortgage,2026-08-22
L-101029,367762.46,13.35,delinquent_30,31,2026-06-27,pending,Apex Loan Servicing,2026-08-12
L-101030,205793.08,7.05,delinquent_60,31,2026-06-22,pending,Apex Loan Servicing,2026-08-25
L-101031,142780.75,8.30,delinquent_60,45,2026-01-24,verified,Freedom Mortgage,2026-08-10
L-101032,460589.10,8.69,current,0,2026-08-20,verified,First National,2026-08-12
L-101033,9210.27,6.08,current,0,2026-01-12,pending,ServPro,2026-08-12
L-101034,98833.61,8.85,delinquent_30,75,2026-02-16,complete,Freedom Mortgage,2026-08-25
L-101035,112395.24,7.24,delinquent_60,62,2026-07-06,missing,First National,2026-08-15
L-101036,213694.43,4.18,delinquent_90+,31,2026-06-28,pending,First National,2026-08-07
L-101037,432973.96,4.42,delinquent_30,75,,missing,,2026-08-04
L-101038,266308.74,12.10,delinquent_30,62,2026-07-17,verified,Freedom Mortgage,2026-08-04
L-101039,381538.65,4.01,delinquent_60,95,2026-01-25,pending,First National,2026-08-22
L-101040,209090.90,9.67,current,0,2026-07-16,missing,Rocket Servicing,2026-08-16
L-101041,477272.10,9.91,forbearance,0,2026-03-08,missing,First National,2026-08-09
L-101042,243608.62,,,0,,pending,Freedom Mortgage,2026-08-19
L-101043,75644.90,3.95,delinquent_90+,31,2026-05-07,pending,ServPro,2026-08-01
L-101044,48194.33,3.11,delinquent_90+,95,2026-05-23,pending,Freedom Mortgage,2026-08-11
L-101045,34141.12,7.62,current,0,2026-05-04,missing,Rocket Servicing,2026-08-09
L-101046,343003.16,5.46,current,0,2026-03-02,complete,First National,2026-08-22
L-101047,105689.34,8.16,forbearance,0,2026-02-14,pending,Rocket Servicing,2026-08-16
L-101048,149569.43,3.66,current,0,2026-03-11,missing,Rocket Servicing,2026-08-24
L-101049,256209.48,6.96,delinquent_60,45,2026-07-03,complete,Freedom Mortgage,2026-08-21
L-101050,62168.31,9.54,delinquent_30,45,2026-08-04,complete,Apex Loan Servicing,2026-08-20
L-101051,349541.56,14.38,delinquent_30,95,2026-03-02,pending,Freedom Mortgage,2026-08-14
L-101052,124949.62,13.02,forbearance,0,2026-06-12,verified,First National,2026-08-14
L-101053,26586.48,13.68,forbearance,0,2026-01-06,missing,Freedom Mortgage,2026-08-10
L-101054,382335.43,10.83,delinquent_90+,75,2026-02-06,verified,Apex Loan Servicing,2026-08-13
L-101055,190367.28,9.79,delinquent_30,45,2026-01-06,pending,Apex Loan Servicing,2026-08-23
L-101056,132544.46,8.65,forbearance,0,2026-05-10,pending,Rocket Servicing,2026-08-23
L-101057,29471.99,8.90,delinquent_60,31,2026-03-09,pending,Rocket Servicing,2026-08-26
L-101058,475029.73,5.02,current,0,2026-01-21,missing,Apex Loan Servicing,2026-08-12
L-101059,454553.22,13.11,delinquent_60,120,2026-03-14,missing,Rocket Servicing,2026-08-02
L-101060,9943.89,6.77,delinquent_60,45,2026-05-01,complete,ServPro,2026-08-21
L-101061,132676.91,9.48,,0,,,,2026-08-26
L-101062,192845.12,7.85,delinquent_90+,62,2026-03-16,complete,ServPro,2026-08-06
L-101063,392409.04,4.61,forbearance,0,2026-08-24,pending,Rocket Servicing,2026-08-01
L-101064,425495.20,12.31,forbearance,0,2026-04-03,pending,First National,2026-08-14
L-101065,10599.55,,,,,complete,ServPro,2026-08-13
L-101066,450834.24,11.66,current,0,2026-03-08,complete,Rocket Servicing,2026-08-05
L-101067,381390.21,2.61,current,0,2026-06-28,complete,Freedom Mortgage,2026-08-05
L-101068,272354.34,7.83,delinquent_30,62,2026-06-16,pending,Freedom Mortgage,2026-08-02
L-101069,132041.90,9.02,current,0,2026-01-04,missing,First National,2026-08-17
L-101070,202260.22,2.51,delinquent_30,31,2026-04-14,verified,Freedom Mortgage,2026-08-12
L-101071,112295.09,13.05,delinquent_90+,120,2026-02-16,pending,First National,2026-08-08
L-101072,292140.53,6.79,forbearance,0,2026-06-04,missing,First National,2026-08-02
L-101073,429230.84,10.75,,,2026-05-12,,,2026-08-04
L-101074,342870.67,3.42,current,,2026-03-25,,,2026-08-21
L-101075,378134.39,8.24,current,0,,complete,,2026-08-19
L-101076,350186.17,4.24,delinquent_60,45,2026-03-25,verified,Rocket Servicing,2026-08-11
L-101077,233612.06,14.17,forbearance,0,2026-06-05,pending,ServPro,2026-08-14
L-101078,260904.94,8.41,forbearance,0,2026-04-13,complete,Apex Loan Servicing,2026-08-23
L-101079,279491.31,10.82,delinquent_30,120,2026-02-08,missing,First National,2026-08-07
L-101080,13148.46,9.20,delinquent_30,31,2026-01-12,missing,Freedom Mortgage,2026-08-10
L-101081,401744.86,9.12,delinquent_90+,45,2026-04-27,pending,First National,2026-08-24
L-101082,,14.08,,,,missing,,2026-08-02
L-101083,319804.98,3.39,forbearance,0,2026-03-01,pending,Rocket Servicing,2026-08-05
L-101084,455663.74,9.33,delinquent_90+,45,2026-03-16,pending,Apex Loan Servicing,2026-08-23
L-101085,348214.77,7.83,current,0,2026-05-04,pending,First National,2026-08-21
L-101086,342918.21,8.54,current,0,2026-07-27,verified,ServPro,2026-08-18
L-101087,134118.11,3.60,,,,,ServPro,2026-08-05
L-101088,195191.15,3.17,delinquent_90+,45,2026-02-27,verified,ServPro,2026-08-11
L-101089,197422.44,7.07,current,0,2026-06-21,verified,Freedom Mortgage,2026-08-09
L-101090,36026.60,9.74,delinquent_60,31,2026-04-10,pending,Apex Loan Servicing,2026-08-04
L-101091,364347.68,6.21,forbearance,0,2026-04-21,complete,Freedom Mortgage,2026-08-09
L-101092,470757.27,3.04,delinquent_90+,31,2026-01-11,complete,Rocket Servicing,2026-08-01
L-101093,460401.04,8.50,delinquent_60,75,2026-06-05,complete,Rocket Servicing,2026-08-14
L-101094,244199.74,8.53,delinquent_30,31,2026-07-16,complete,Rocket Servicing,2026-08-06
L-101095,388551.12,,,0,2026-03-25,pending,,2026-08-17
L-101096,351142.30,10.32,delinquent_60,75,2026-03-11,missing,Rocket Servicing,2026-08-20
L-101097,209678.19,13.19,delinquent_90+,45,2026-04-20,complete,Freedom Mortgage,2026-08-19
L-101098,241323.34,12.16,delinquent_30,62,2026-02-16,complete,ServPro,2026-08-11
L-101099,172850.03,,,,2026-02-06,verified,Rocket Servicing,2026-08-16
L-101100,367494.53,7.80,delinquent_30,31,2026-08-02,missing,Rocket Servicing,2026-08-13
L-101101,299349.66,10.67,delinquent_90+,62,2026-06-12,complete,ServPro,2026-08-17
L-101102,421769.10,14.39,current,0,2026-01-24,pending,Apex Loan Servicing,2026-08-01
L-101103,194658.20,3.38,delinquent_90+,,,verified,First National,2026-08-12
L-101104,310180.13,13.30,delinquent_90+,31,2026-02-06,complete,ServPro,2026-08-25
L-101105,195722.22,3.27,delinquent_60,95,2026-08-07,verified,First National,2026-08-09
L-101106,263913.58,13.88,delinquent_30,120,2026-04-11,complete,Apex Loan Servicing,2026-08-25
L-101107,449818.34,6.84,delinquent_90+,75,2026-04-02,pending,First National,2026-08-25
L-101108,133177.85,10.13,current,0,2026-03-03,missing,ServPro,2026-08-03
L-101109,92437.19,3.14,,,,verified,,2026-08-11
L-101110,146029.87,4.88,delinquent_90+,75,2026-08-18,pending,ServPro,2026-08-12
L-101111,275900.51,12.38,forbearance,0,2026-04-03,pending,Rocket Servicing,2026-08-22
L-101112,451010.30,11.41,delinquent_60,31,2026-03-15,pending,ServPro,2026-08-11
L-101113,465492.32,7.38,forbearance,0,2026-01-15,pending,ServPro,2026-08-21
L-101114,104637.46,14.25,delinquent_90+,120,2026-03-20,verified,Freedom Mortgage,2026-08-12
L-101115,,,,,2026-05-17,,First National,2026-08-23
L-101116,479547.88,7.47,delinquent_60,62,2026-07-17,missing,First National,2026-08-06
L-101117,182232.71,9.13,delinquent_30,95,2026-07-13,missing,ServPro,2026-08-21
L-101118,297723.68,,delinquent_90+,31,,,,2026-08-16
L-101119,301317.20,9.04,delinquent_90+,95,2026-01-22,missing,ServPro,2026-08-07
L-101120,228047.77,,current,0,,,Rocket Servicing,2026-08-26
L-101121,201144.00,12.35,delinquent_90+,31,2026-06-26,pending,Apex Loan Servicing,2026-08-10
L-101122,432588.95,7.47,current,,,,,2026-08-01
L-101123,460601.28,14.41,delinquent_30,,2026-07-07,,,2026-08-20
L-101124,398561.20,12.12,forbearance,0,2026-07-05,verified,Freedom Mortgage,2026-08-13
L-101125,250706.61,7.75,current,0,2026-03-17,complete,Apex Loan Servicing,2026-08-26
L-101126,367031.64,13.50,forbearance,0,2026-03-11,pending,First National,2026-08-03
L-101127,353730.35,11.74,delinquent_30,31,2026-02-19,verified,First National,2026-08-24
L-101128,306370.00,11.83,delinquent_30,45,2026-04-10,pending,Apex Loan Servicing,2026-08-27
L-101129,73290.53,,current,,2026-02-04,verified,,2026-08-20
L-101130,49069.14,8.43,delinquent_60,,2026-04-13,complete,,2026-08-16
L-101131,201528.94,8.34,current,0,2026-04-22,verified,ServPro,2026-08-11
L-101132,219167.30,4.43,delinquent_60,31,2026-03-22,complete,First National,2026-08-11
L-101133,234857.72,9.87,forbearance,0,2026-01-06,missing,First National,2026-08-07
L-101134,259578.23,8.72,delinquent_30,45,2026-06-04,pending,First National,2026-08-11
L-101135,233748.06,13.94,,0,2026-06-23,missing,,2026-08-15
L-101136,240505.81,8.65,delinquent_90+,45,2026-05-06,pending,Rocket Servicing,2026-08-13
L-101137,359862.65,9.55,delinquent_30,45,2026-08-14,verified,ServPro,2026-08-20
L-101138,300882.71,9.79,delinquent_90+,45,2026-06-12,complete,ServPro,2026-08-06
L-101139,460096.28,5.54,delinquent_90+,62,2026-06-13,complete,First National,2026-08-06
L-101140,208958.73,4.73,delinquent_30,31,2026-04-22,missing,Rocket Servicing,2026-08-05
L-101141,63094.21,6.32,current,0,2026-06-07,verified,Apex Loan Servicing,2026-08-26
L-101142,115508.15,3.29,delinquent_60,95,2026-04-17,pending,First National,2026-08-18
L-101143,155947.06,,delinquent_60,,,pending,,2026-08-07
L-101144,160265.51,3.06,delinquent_60,75,2026-02-04,verified,Freedom Mortgage,2026-08-20
L-101145,278796.56,5.92,forbearance,0,2026-01-15,missing,Freedom Mortgage,2026-08-27
L-101146,22578.89,8.90,forbearance,0,2026-01-11,complete,First National,2026-08-16
L-101147,153757.96,11.18,delinquent_60,62,2026-06-13,complete,Apex Loan Servicing,2026-08-25
L-101148,191830.56,10.86,delinquent_90+,75,2026-02-27,missing,Apex Loan Servicing,2026-08-04
L-101149,46807.94,2.62,current,0,2026-06-28,verified,Freedom Mortgage,2026-08-06
L-101150,390833.95,12.29,forbearance,0,2026-01-23,complete,Rocket Servicing,2026-08-26
L-101151,223829.54,6.15,delinquent_60,62,2026-07-09,pending,Freedom Mortgage,2026-08-19
L-101152,322411.74,8.76,delinquent_30,95,,,ServPro,2026-08-22
L-101153,138257.26,11.77,delinquent_90+,45,2026-02-09,missing,First National,2026-08-12
L-101154,419614.36,10.41,delinquent_30,120,2026-02-03,verified,First National,2026-08-07
L-101155,255631.20,12.32,delinquent_30,75,2026-02-11,pending,Apex Loan Servicing,2026-08-25
L-101156,366231.78,6.24,delinquent_90+,120,2026-03-28,complete,Freedom Mortgage,2026-08-08
L-101157,188148.48,7.93,forbearance,0,2026-04-25,verified,Freedom Mortgage,2026-08-03
L-101158,279190.08,3.72,delinquent_90+,,2026-02-24,complete,,2026-08-08
L-101159,44931.71,5.70,delinquent_90+,120,2026-08-12,missing,First National,2026-08-18
L-101160,76544.52,8.53,forbearance,0,2026-06-02,verified,Rocket Servicing,2026-08-12
L-101161,136064.71,11.28,delinquent_90+,45,2026-05-07,verified,Freedom Mortgage,2026-08-20
L-101162,251343.77,3.81,current,0,2026-04-04,pending,First National,2026-08-02
L-101163,278234.49,5.37,forbearance,0,2026-02-09,pending,Apex Loan Servicing,2026-08-23
L-101164,191156.34,3.72,delinquent_60,75,2026-04-06,pending,Rocket Servicing,2026-08-21
L-101165,337723.83,,delinquent_90+,,,,Rocket Servicing,2026-08-23
L-101166,432437.88,,,0,2026-03-01,verified,,2026-08-14
L-101167,89319.65,5.67,current,0,2026-03-22,complete,Apex Loan Servicing,2026-08-12
L-101168,282000.46,8.36,delinquent_30,75,2026-02-02,complete,Apex Loan Servicing,2026-08-22
L-101169,401795.54,8.80,delinquent_30,45,2026-02-04,missing,Rocket Servicing,2026-08-15
L-101170,171621.00,9.05,delinquent_90+,62,2026-06-15,complete,Rocket Servicing,2026-08-10
L-101171,428401.90,11.79,forbearance,0,2026-08-04,missing,Apex Loan Servicing,2026-08-24
L-101172,75252.68,7.42,delinquent_30,120,2026-03-12,verified,First National,2026-08-08
L-101173,335507.89,7.67,delinquent_30,120,2026-02-07,verified,First National,2026-08-09
L-101174,327430.72,13.29,delinquent_90+,95,2026-03-09,missing,Rocket Servicing,2026-08-13
L-101175,454001.59,5.81,delinquent_30,31,2026-06-27,complete,ServPro,2026-08-26
L-101176,464872.69,12.01,delinquent_60,31,2026-01-16,pending,ServPro,2026-08-22
L-101177,141923.48,12.10,,0,2026-01-15,,,2026-08-02
L-101178,,,,0,,missing,,2026-08-22
L-101179,28703.47,4.15,delinquent_60,95,2026-03-03,missing,Freedom Mortgage,2026-08-24
L-101180,173450.31,,,,2026-07-14,verified,,2026-08-04
L-101181,442092.21,9.66,delinquent_30,95,2026-07-22,missing,Apex Loan Servicing,2026-08-05
L-101182,99765.67,4.13,forbearance,0,2026-04-10,missing,First National,2026-08-10
L-101183,303451.44,9.05,delinquent_90+,75,2026-02-05,verified,Rocket Servicing,2026-08-17
L-101184,343484.29,8.12,delinquent_90+,75,2026-07-14,verified,First National,2026-08-18
L-101185,182227.80,3.56,delinquent_30,95,2026-05-26,pending,Apex Loan Servicing,2026-08-17
L-101186,432458.40,13.03,current,0,2026-07-05,verified,First National,2026-08-15
L-101187,420582.66,8.02,current,0,2026-02-02,missing,First National,2026-08-11
L-101188,395421.56,9.29,delinquent_60,31,2026-02-24,complete,Freedom Mortgage,2026-08-17
L-101189,78518.36,10.04,,,,,First National,2026-08-26
L-101190,331692.98,3.88,current,0,2026-03-20,complete,Apex Loan Servicing,2026-08-04
L-101191,215812.54,,current,0,,complete,Rocket Servicing,2026-08-13
L-101192,92420.87,5.32,forbearance,0,2026-05-27,verified,Apex Loan Servicing,2026-08-04
L-101193,307193.65,4.72,delinquent_30,45,2026-04-16,verified,Rocket Servicing,2026-08-10
L-101194,460568.42,8.42,delinquent_60,75,2026-07-23,complete,ServPro,2026-08-14
L-101195,75379.10,5.90,current,0,2026-07-01,missing,First National,2026-08-21
L-101196,317165.94,7.83,delinquent_60,45,2026-08-24,verified,Rocket Servicing,2026-08-01
L-101197,174930.14,12.77,forbearance,0,2026-04-12,verified,Apex Loan Servicing,2026-08-03
L-101198,344711.61,11.94,delinquent_60,,2026-05-13,,First National,2026-08-27
L-101199,183848.30,8.16,delinquent_30,95,2026-05-05,missing,Apex Loan Servicing,2026-08-19
L-101200,298300.64,7.35,current,0,2026-01-28,pending,Freedom Mortgage,2026-08-04
L-101201,242231.10,10.65,delinquent_60,45,2026-04-04,pending,ServPro,2026-08-25
L-101202,443128.50,3.24,delinquent_60,31,2026-01-28,complete,ServPro,2026-08-25
L-101203,304864.68,2.85,delinquent_30,62,2026-02-23,verified,ServPro,2026-08-05
L-101204,277545.34,4.90,delinquent_60,75,2026-08-22,missing,Freedom Mortgage,2026-08-07
L-101205,211179.93,8.84,delinquent_30,31,2026-01-21,complete,Freedom Mortgage,2026-08-02
L-101206,429313.23,6.81,delinquent_90+,95,2026-02-11,pending,Apex Loan Servicing,2026-08-16
L-101207,174330.47,13.30,delinquent_30,31,,,ServPro,2026-08-14
L-101208,420139.03,9.33,delinquent_30,95,2026-05-04,complete,ServPro,2026-08-08
L-101209,464854.54,2.77,delinquent_60,62,2026-07-23,missing,First National,2026-08-06
L-101210,428608.98,12.74,forbearance,0,2026-05-13,complete,Apex Loan Servicing,2026-08-23
L-101211,450040.27,14.32,current,0,2026-01-11,verified,Rocket Servicing,2026-08-07
L-101212,368249.56,4.17,forbearance,0,2026-06-25,complete,Freedom Mortgage,2026-08-16
L-101213,295905.51,13.35,current,0,2026-06-03,verified,Apex Loan Servicing,2026-08-24
L-101214,111991.39,13.86,delinquent_60,120,2026-01-04,complete,ServPro,2026-08-17
L-101215,231856.48,11.88,delinquent_30,31,2026-01-01,pending,Apex Loan Servicing,2026-08-20
L-101216,328922.08,11.36,forbearance,0,2026-08-02,verified,ServPro,2026-08-23
L-101217,431144.70,,,0,,,Rocket Servicing,2026-08-12
L-101218,9773.58,,,0,2026-07-24,,Apex Loan Servicing,2026-08-19
L-101219,139233.09,12.98,delinquent_30,31,2026-02-02,pending,ServPro,2026-08-06
L-101220,291147.61,13.19,delinquent_60,45,2026-07-16,complete,First National,2026-08-03
L-101221,148791.48,,,,,missing,Apex Loan Servicing,2026-08-10
L-101222,120997.75,13.22,delinquent_60,120,2026-02-02,missing,ServPro,2026-08-23
L-101223,235948.66,3.44,delinquent_30,95,2026-04-10,pending,First National,2026-08-12
L-101224,379271.53,2.93,delinquent_30,120,2026-08-21,verified,First National,2026-08-01
L-101225,21034.19,5.84,delinquent_90+,62,2026-02-02,missing,Apex Loan Servicing,2026-08-13
L-101226,414817.08,7.12,current,0,2026-04-07,verified,Freedom Mortgage,2026-08-22
L-101227,29823.33,6.16,forbearance,0,2026-06-01,missing,Rocket Servicing,2026-08-26
L-101228,107858.47,2.83,forbearance,0,2026-07-28,verified,First National,2026-08-26
L-101229,226982.92,11.16,delinquent_60,95,2026-08-14,missing,Freedom Mortgage,2026-08-13
L-101230,118157.78,13.39,delinquent_60,120,2026-05-03,pending,Apex Loan Servicing,2026-08-10
L-101231,192435.57,9.89,delinquent_60,62,2026-05-26,complete,First National,2026-08-10
L-101232,157469.96,5.67,delinquent_30,75,2026-08-01,verified,First National,2026-08-15
L-101233,136311.69,10.15,forbearance,0,2026-04-14,complete,Apex Loan Servicing,2026-08-03
L-101234,154162.60,3.27,delinquent_30,62,2026-05-09,verified,Freedom Mortgage,2026-08-08
L-101235,74778.35,9.92,current,0,2026-04-04,complete,Freedom Mortgage,2026-08-22
L-101236,214146.72,6.31,forbearance,0,2026-04-02,missing,Rocket Servicing,2026-08-01
L-101237,412307.90,6.74,current,0,2026-04-12,complete,First National,2026-08-17
L-101238,247741.87,5.34,delinquent_60,95,2026-06-27,verified,First National,2026-08-21
L-101239,139465.09,2.80,forbearance,0,2026-06-11,verified,Rocket Servicing,2026-08-16
L-101240,144679.94,2.87,delinquent_60,31,2026-05-05,complete,First National,2026-08-20
L-101241,184948.85,9.49,delinquent_30,,2026-07-25,,,2026-08-21
L-101242,29429.96,13.73,delinquent_30,95,2026-07-18,complete,Apex Loan Servicing,2026-08-26
L-101243,254112.83,7.79,delinquent_60,45,2026-05-08,missing,Freedom Mortgage,2026-08-26
L-101244,176933.35,7.97,current,0,2026-04-15,verified,Rocket Servicing,2026-08-03
L-101245,245180.64,13.48,delinquent_90+,95,2026-04-15,verified,Freedom Mortgage,2026-08-19
L-101246,473703.86,13.61,delinquent_30,75,2026-03-20,missing,Rocket Servicing,2026-08-11
L-101247,43715.33,7.55,delinquent_30,95,2026-08-21,pending,Freedom Mortgage,2026-08-15
L-101248,401082.82,5.66,forbearance,0,2026-08-24,complete,Freedom Mortgage,2026-08-02
L-101249,336041.13,3.38,forbearance,0,2026-07-14,missing,Freedom Mortgage,2026-08-13
L-101250,297899.06,,current,,2026-02-24,,Rocket Servicing,2026-08-15
L-101251,304645.20,11.39,delinquent_90+,62,2026-08-23,pending,Freedom Mortgage,2026-08-24
L-101252,440262.38,13.74,current,0,2026-03-01,missing,ServPro,2026-08-13
L-101253,88943.07,11.17,delinquent_60,31,2026-04-10,verified,Rocket Servicing,2026-08-02
L-101254,431218.27,9.46,delinquent_90+,62,2026-06-13,missing,Freedom Mortgage,2026-08-05
L-101255,140275.70,13.09,delinquent_30,75,2026-05-19,missing,First National,2026-08-12
L-101256,137348.64,7.77,delinquent_30,62,2026-05-20,complete,Freedom Mortgage,2026-08-22
L-101257,400439.63,8.60,delinquent_30,31,2026-01-18,pending,First National,2026-08-16
L-101258,399742.96,13.80,forbearance,0,2026-07-24,verified,Apex Loan Servicing,2026-08-05
L-101259,210326.33,,delinquent_60,31,2026-03-09,complete,,2026-08-12
L-101260,358531.83,5.17,current,0,2026-06-06,missing,Rocket Servicing,2026-08-15
L-101261,248600.95,11.82,delinquent_60,31,2026-07-04,missing,Freedom Mortgage,2026-08-27
L-101262,402876.64,10.01,current,0,2026-04-05,verified,Freedom Mortgage,2026-08-22
L-101263,139234.84,4.88,,0,,complete,,2026-08-17
L-101264,360986.84,2.54,current,0,2026-08-18,pending,Freedom Mortgage,2026-08-02
L-101265,129960.06,7.06,forbearance,0,2026-04-21,missing,ServPro,2026-08-17
L-101266,90530.56,6.10,delinquent_30,62,2026-08-16,verified,Apex Loan Servicing,2026-08-12
L-101267,145323.18,5.13,delinquent_60,75,2026-08-11,pending,ServPro,2026-08-04
L-101268,339788.93,,delinquent_90+,,2026-08-20,verified,,2026-08-22
L-101269,376843.25,3.23,,,2026-06-09,,Rocket Servicing,2026-08-14
L-101270,214926.98,7.28,current,0,2026-05-16,pending,Rocket Servicing,2026-08-21
L-101271,151542.56,7.42,forbearance,0,2026-03-18,pending,First National,2026-08-20
L-101272,66377.28,8.98,current,0,2026-07-03,missing,Rocket Servicing,2026-08-25
L-101273,35145.77,3.09,delinquent_30,62,2026-04-06,verified,Freedom Mortgage,2026-08-10
L-101274,437560.55,6.48,delinquent_30,95,2026-04-01,complete,First National,2026-08-25
L-101275,53697.35,7.28,delinquent_90+,31,2026-03-10,missing,First National,2026-08-08
L-101276,331833.26,2.91,current,0,2026-07-21,verified,Freedom Mortgage,2026-08-27
L-101277,133249.36,3.52,current,0,2026-07-01,complete,Apex Loan Servicing,2026-08-20
L-101278,50389.42,9.56,delinquent_90+,45,2026-05-26,missing,ServPro,2026-08-17
L-101279,148523.14,8.01,current,0,2026-05-21,verified,ServPro,2026-08-10
L-101280,110570.15,7.38,delinquent_60,75,2026-05-23,pending,ServPro,2026-08-01
L-101281,350589.79,13.92,forbearance,0,2026-02-15,pending,Apex Loan Servicing,2026-08-01
L-101282,115254.89,6.94,forbearance,0,2026-02-21,missing,Rocket Servicing,2026-08-05
L-101283,468513.28,3.64,delinquent_30,45,2026-08-19,pending,First National,2026-08-05
L-101284,403083.44,8.78,forbearance,0,2026-04-02,verified,Rocket Servicing,2026-08-14
L-101285,165487.53,4.31,delinquent_60,120,2026-07-28,complete,Rocket Servicing,2026-08-23
L-101286,116976.19,8.04,,0,,,,2026-08-16
L-101287,412860.13,14.41,current,0,2026-02-14,complete,ServPro,2026-08-05
L-101288,81994.23,11.48,delinquent_30,45,2026-08-28,complete,First National,2026-08-14
L-101289,302428.33,8.80,delinquent_30,120,2026-07-13,complete,Rocket Servicing,2026-08-04
L-101290,144756.24,13.56,delinquent_60,95,2026-06-20,missing,Apex Loan Servicing,2026-08-21
L-101291,124338.70,8.05,,,2026-06-24,,Freedom Mortgage,2026-08-06
L-101292,398968.81,2.62,delinquent_90+,45,2026-03-16,complete,First National,2026-08-10
L-101293,99652.13,3.63,delinquent_90+,62,2026-02-02,verified,Apex Loan Servicing,2026-08-06
L-101294,437967.59,13.10,delinquent_60,120,2026-01-07,missing,Rocket Servicing,2026-08-27
L-101295,351428.48,6.91,delinquent_90+,62,2026-04-03,pending,First National,2026-08-24
L-101296,383520.13,9.55,delinquent_90+,,2026-06-19,,Apex Loan Servicing,2026-08-20
L-101297,,,,0,,,Freedom Mortgage,2026-08-07
L-101298,248060.00,4.26,delinquent_30,75,2026-01-11,complete,First National,2026-08-05
L-101299,320800.06,6.43,forbearance,0,2026-02-08,verified,ServPro,2026-08-25
L-101300,230377.05,6.24,forbearance,0,2026-06-17,complete,Apex Loan Servicing,2026-08-27
L-101301,403941.15,9.23,delinquent_90+,,2026-05-22,complete,,2026-08-18
L-101302,314743.76,4.64,delinquent_60,75,2026-06-24,verified,Freedom Mortgage,2026-08-20
L-101303,479002.55,13.77,delinquent_90+,62,2026-03-24,complete,Freedom Mortgage,2026-08-15
L-101304,97572.09,9.53,delinquent_60,31,2026-06-09,complete,Apex Loan Servicing,2026-08-09
L-101305,19452.58,8.24,current,0,2026-05-09,complete,Apex Loan Servicing,2026-08-27
L-101306,228634.41,9.79,delinquent_90+,75,2026-03-16,complete,First National,2026-08-12
L-101307,307802.12,4.34,delinquent_30,45,2026-02-14,complete,First National,2026-08-15
L-101308,348014.38,9.03,delinquent_30,120,2026-01-11,missing,Freedom Mortgage,2026-08-19
L-101309,11731.33,10.47,delinquent_90+,120,2026-01-03,pending,Apex Loan Servicing,2026-08-05
L-101310,44885.13,7.82,delinquent_60,95,2026-04-23,verified,Freedom Mortgage,2026-08-21
L-101311,402983.36,2.54,delinquent_60,95,2026-06-04,missing,ServPro,2026-08-19
L-101312,45895.24,13.66,current,0,2026-02-03,pending,First National,2026-08-06
L-101313,302646.85,2.74,delinquent_30,31,2026-04-21,missing,ServPro,2026-08-03
L-101314,453037.73,6.19,delinquent_30,120,2026-03-10,complete,ServPro,2026-08-23
L-101315,401755.75,5.77,,,2026-04-06,,Rocket Servicing,2026-08-09
L-101316,130658.94,8.38,forbearance,0,2026-06-12,verified,Freedom Mortgage,2026-08-02
L-101317,282980.92,4.37,forbearance,0,2026-04-23,verified,Rocket Servicing,2026-08-21
L-101318,383228.92,4.99,forbearance,0,2026-05-03,pending,Rocket Servicing,2026-08-07
L-101319,19937.82,3.88,delinquent_30,75,2026-03-15,missing,Rocket Servicing,2026-08-19
L-101320,284485.62,2.91,current,0,2026-06-28,complete,Freedom Mortgage,2026-08-14
L-101321,164919.12,13.34,delinquent_30,62,2026-05-06,verified,Apex Loan Servicing,2026-08-06
L-101322,213529.14,9.90,forbearance,0,2026-07-24,verified,ServPro,2026-08-27
L-101323,147582.32,14.15,,,2026-04-25,,,2026-08-17
L-101324,84032.75,5.73,forbearance,0,2026-07-19,complete,Freedom Mortgage,2026-08-17
L-101325,288504.30,10.87,forbearance,0,2026-04-19,pending,Freedom Mortgage,2026-08-22
L-101326,460958.82,14.14,delinquent_60,45,2026-06-15,verified,Freedom Mortgage,2026-08-15
L-101327,47829.27,13.10,delinquent_60,62,2026-02-06,pending,Freedom Mortgage,2026-08-14
L-101328,52458.90,,,,2026-07-23,,Freedom Mortgage,2026-08-16
L-101329,399889.82,10.97,current,0,2026-07-05,missing,Freedom Mortgage,2026-08-13
L-101330,431560.11,12.34,delinquent_90+,95,2026-07-18,complete,Rocket Servicing,2026-08-16
L-101331,465857.19,2.82,forbearance,0,2026-03-25,pending,Rocket Servicing,2026-08-12
L-101332,396038.12,9.83,delinquent_90+,31,2026-04-05,verified,Freedom Mortgage,2026-08-02
L-101333,207212.88,,delinquent_60,,,missing,ServPro,2026-08-22
L-101334,21542.66,14.00,delinquent_90+,45,2026-03-13,complete,ServPro,2026-08-26
L-101335,187395.39,3.72,delinquent_90+,31,2026-03-11,pending,Apex Loan Servicing,2026-08-17
L-101336,235916.21,14.02,delinquent_90+,75,2026-01-10,verified,Rocket Servicing,2026-08-24
L-101337,291727.12,12.13,delinquent_90+,95,2026-06-25,verified,Rocket Servicing,2026-08-18
L-101338,58044.27,4.65,delinquent_90+,95,2026-07-28,complete,Freedom Mortgage,2026-08-01
L-101339,448734.11,9.58,delinquent_30,95,2026-08-14,complete,ServPro,2026-08-10
L-101340,145668.62,8.02,current,0,2026-06-09,verified,Rocket Servicing,2026-08-22
L-101341,262805.54,4.64,delinquent_60,75,2026-01-15,missing,Rocket Servicing,2026-08-21
L-101342,49921.97,11.28,forbearance,0,2026-07-08,pending,First National,2026-08-18
L-101343,305637.01,7.67,delinquent_60,62,2026-08-23,pending,Apex Loan Servicing,2026-08-19
L-101344,41354.67,6.97,delinquent_30,95,2026-02-13,complete,Rocket Servicing,2026-08-21
L-101345,205701.71,2.77,delinquent_60,120,2026-02-27,verified,First National,2026-08-26
L-101346,28194.83,9.38,,,2026-04-25,,ServPro,2026-08-09
L-101347,374696.76,5.82,current,0,2026-07-06,missing,Rocket Servicing,2026-08-01
L-101348,13891.50,7.47,delinquent_30,62,2026-05-15,missing,First National,2026-08-08
L-101349,343215.96,,,,2026-08-19,verified,,2026-08-21
L-101350,262192.51,8.21,forbearance,0,2026-01-11,missing,Rocket Servicing,2026-08-12
L-101351,77094.85,12.75,delinquent_90+,45,2026-03-22,verified,Rocket Servicing,2026-08-13
L-101352,149415.55,14.11,delinquent_90+,95,2026-06-03,pending,Apex Loan Servicing,2026-08-12
L-101353,219462.11,8.11,delinquent_30,95,2026-03-20,missing,Apex Loan Servicing,2026-08-14
L-101354,368346.57,11.52,delinquent_60,95,2026-08-08,verified,Apex Loan Servicing,2026-08-05
L-101355,455689.07,3.98,delinquent_90+,45,2026-04-04,missing,Freedom Mortgage,2026-08-06
L-101356,472581.79,14.25,forbearance,0,2026-07-12,pending,ServPro,2026-08-20
L-101357,257941.49,,delinquent_30,,2026-07-16,verified,,2026-08-10
L-101358,218491.56,13.59,delinquent_30,75,2026-05-01,missing,ServPro,2026-08-21
L-101359,467767.51,7.42,current,0,,,Apex Loan Servicing,2026-08-08
L-101360,123721.86,,forbearance,0,,,,2026-08-21
L-101361,48209.06,6.94,forbearance,0,2026-07-18,pending,Freedom Mortgage,2026-08-15
L-101362,420458.84,4.60,delinquent_30,62,2026-03-10,complete,First National,2026-08-07
L-101363,223116.64,10.70,delinquent_90+,45,2026-03-15,complete,Apex Loan Servicing,2026-08-27
L-101364,442074.01,4.41,delinquent_90+,120,2026-02-01,complete,ServPro,2026-08-17
L-101365,414530.26,3.34,delinquent_90+,62,2026-02-23,complete,ServPro,2026-08-16
L-101366,33398.48,12.24,current,0,2026-06-13,verified,ServPro,2026-08-26
L-101367,58097.27,4.53,delinquent_90+,,2026-06-05,,Freedom Mortgage,2026-08-26
L-101368,130641.16,6.46,current,0,2026-08-23,verified,Freedom Mortgage,2026-08-25
L-101369,337291.79,9.32,forbearance,,,complete,,2026-08-25
L-101370,344056.49,,,,,missing,Freedom Mortgage,2026-08-19
L-101371,230760.30,7.78,delinquent_60,45,2026-03-05,missing,ServPro,2026-08-09
L-101372,18302.23,5.04,delinquent_60,45,2026-01-09,missing,Apex Loan Servicing,2026-08-24
L-101373,250488.53,8.22,delinquent_30,62,2026-03-19,missing,Apex Loan Servicing,2026-08-12
L-101374,444889.09,10.28,forbearance,0,2026-08-06,verified,ServPro,2026-08-01
L-101375,35757.48,5.20,delinquent_30,45,2026-03-09,complete,Freedom Mortgage,2026-08-12
L-101376,275468.80,10.16,current,0,2026-04-24,pending,Rocket Servicing,2026-08-22
L-101377,274183.53,13.92,forbearance,0,2026-02-09,complete,First National,2026-08-15
L-101378,345755.65,4.63,,0,2026-05-18,,,2026-08-09
L-101379,113103.47,12.47,current,0,2026-03-17,missing,First National,2026-08-07
L-101380,281103.46,8.07,forbearance,0,2026-01-11,complete,Freedom Mortgage,2026-08-16
L-101381,9561.18,4.87,forbearance,0,2026-04-20,verified,Rocket Servicing,2026-08-19
L-101382,434869.70,11.14,delinquent_90+,120,2026-04-19,verified,First National,2026-08-09
L-101383,290643.22,8.41,delinquent_30,62,2026-08-17,missing,Rocket Servicing,2026-08-09
L-101384,123285.45,5.80,forbearance,0,2026-05-21,verified,First National,2026-08-25
L-101385,236600.71,6.33,forbearance,0,2026-08-16,pending,Freedom Mortgage,2026-08-03
L-101386,324663.69,3.63,delinquent_90+,62,2026-03-07,complete,Freedom Mortgage,2026-08-07
L-101387,150057.31,11.70,delinquent_90+,31,2026-05-20,pending,Apex Loan Servicing,2026-08-22
L-101388,409869.71,9.82,,0,,pending,Rocket Servicing,2026-08-17
L-101389,315408.05,11.96,delinquent_60,45,2026-05-16,missing,Rocket Servicing,2026-08-05
L-101390,350187.08,12.45,delinquent_60,75,2026-05-14,verified,ServPro,2026-08-01
L-101391,196938.53,14.12,delinquent_60,120,2026-03-15,missing,First National,2026-08-27
L-101392,104089.29,11.10,delinquent_60,62,2026-01-11,verified,ServPro,2026-08-11
L-101393,356033.06,12.07,forbearance,0,2026-08-28,missing,First National,2026-08-03
L-101394,454686.36,11.87,delinquent_90+,120,,,,2026-08-23
L-101395,138067.74,9.78,delinquent_90+,31,2026-02-02,missing,Rocket Servicing,2026-08-18
L-101396,443712.89,3.83,delinquent_30,120,2026-02-11,verified,Freedom Mortgage,2026-08-05
L-101397,277691.86,9.24,delinquent_90+,45,2026-06-19,missing,Apex Loan Servicing,2026-08-17
L-101398,332545.81,4.19,current,0,2026-06-28,missing,ServPro,2026-08-24
L-101399,92466.51,8.12,delinquent_90+,62,2026-06-07,missing,Rocket Servicing,2026-08-20
L-101400,15990.70,3.93,delinquent_90+,75,2026-07-26,verified,First National,2026-08-27
L-101401,438666.55,8.65,current,0,2026-07-02,missing,Apex Loan Servicing,2026-08-16
L-101402,467758.08,,current,0,2026-03-26,,,2026-08-17
L-101403,46671.87,13.57,forbearance,0,2026-04-25,complete,ServPro,2026-08-27
L-101404,312723.94,6.58,,,2026-07-01,verified,,2026-08-19
L-101405,76485.09,,delinquent_30,95,,,,2026-08-22
L-101406,257873.03,10.34,delinquent_30,95,2026-06-23,pending,Freedom Mortgage,2026-08-25
L-101407,453635.00,,,0,2026-01-25,,Freedom Mortgage,2026-08-18
L-101408,37901.77,12.95,delinquent_30,120,2026-04-07,missing,Freedom Mortgage,2026-08-14
L-101409,115664.95,13.54,delinquent_60,31,2026-03-15,complete,ServPro,2026-08-01
L-101410,358372.63,11.38,delinquent_90+,31,2026-08-15,verified,Freedom Mortgage,2026-08-07
L-101411,285353.17,4.00,delinquent_30,95,2026-02-06,pending,First National,2026-08-16
L-101412,175235.42,14.44,delinquent_90+,45,2026-04-03,missing,ServPro,2026-08-09
L-101413,453826.00,2.69,delinquent_90+,75,2026-07-28,complete,Rocket Servicing,2026-08-12
L-101414,402353.95,7.71,delinquent_60,45,2026-02-21,verified,ServPro,2026-08-01
L-101415,135490.16,10.27,delinquent_60,31,2026-03-28,pending,Freedom Mortgage,2026-08-19
L-101416,298338.64,4.18,delinquent_90+,31,2026-01-20,pending,Rocket Servicing,2026-08-12
L-101417,204138.60,4.60,forbearance,0,2026-03-24,pending,Rocket Servicing,2026-08-04
L-101418,19240.56,4.95,delinquent_90+,120,2026-06-27,missing,Apex Loan Servicing,2026-08-11
L-101419,367188.59,2.84,delinquent_90+,31,2026-03-14,complete,Apex Loan Servicing,2026-08-13
L-101420,85626.61,3.70,delinquent_60,45,2026-02-14,complete,First National,2026-08-16
L-101421,202161.50,13.28,delinquent_90+,45,2026-01-10,verified,ServPro,2026-08-09
L-101422,399767.44,,,,2026-04-05,,Freedom Mortgage,2026-08-17
L-101423,345702.33,,,0,2026-05-20,complete,Freedom Mortgage,2026-08-08
L-101424,322469.27,8.74,forbearance,,,,,2026-08-09
L-101425,67560.87,7.56,delinquent_30,95,2026-01-24,verified,First National,2026-08-26
L-101426,401805.07,,,0,2026-04-06,verified,Rocket Servicing,2026-08-01
L-101427,234826.31,6.63,forbearance,0,2026-07-15,pending,ServPro,2026-08-20
L-101428,428950.25,,delinquent_60,,2026-06-26,,ServPro,2026-08-25
L-101429,320042.83,10.52,delinquent_60,95,2026-05-03,missing,ServPro,2026-08-21
L-101430,150839.44,3.64,delinquent_90+,31,2026-02-18,missing,Freedom Mortgage,2026-08-12
L-101431,472548.06,3.50,forbearance,0,2026-03-13,pending,Freedom Mortgage,2026-08-27
L-101432,373557.90,4.88,delinquent_60,95,2026-03-19,complete,Apex Loan Servicing,2026-08-12
L-101433,334505.01,14.47,delinquent_30,62,2026-03-04,pending,Apex Loan Servicing,2026-08-08
L-101434,361774.49,4.32,forbearance,0,2026-07-28,pending,Rocket Servicing,2026-08-02
L-101435,455727.08,6.06,forbearance,0,2026-07-16,verified,Rocket Servicing,2026-08-05
L-101436,147496.77,3.40,forbearance,0,2026-05-07,complete,First National,2026-08-25
L-101437,73300.99,12.37,delinquent_30,75,2026-03-21,verified,ServPro,2026-08-19
L-101438,195684.25,,,,2026-03-07,verified,Freedom Mortgage,2026-08-22
L-101439,371537.56,,forbearance,,2026-08-08,verified,,2026-08-10
L-101440,262098.25,9.82,delinquent_30,31,2026-06-09,complete,ServPro,2026-08-27
L-101441,58597.85,8.10,forbearance,0,2026-03-23,verified,Rocket Servicing,2026-08-08
L-101442,47072.15,11.28,forbearance,0,2026-06-08,verified,ServPro,2026-08-14
L-101443,11139.90,11.74,delinquent_60,62,2026-06-14,missing,Rocket Servicing,2026-08-03
L-101444,235635.66,9.53,delinquent_30,95,2026-07-22,missing,First National,2026-08-25
L-101445,236734.43,9.78,forbearance,0,2026-07-20,verified,First National,2026-08-20
L-101446,324489.46,10.21,current,0,2026-02-04,pending,Rocket Servicing,2026-08-19
L-101447,205368.93,7.22,current,0,2026-06-21,verified,ServPro,2026-08-19
L-101448,22706.21,7.28,delinquent_90+,120,2026-01-07,pending,First National,2026-08-21
L-101449,51932.00,13.55,current,0,2026-08-28,missing,Rocket Servicing,2026-08-27
L-101450,172379.76,14.09,delinquent_60,75,2026-01-11,verified,Rocket Servicing,2026-08-25
L-101451,104455.98,11.75,forbearance,0,2026-06-24,verified,Rocket Servicing,2026-08-25
L-101452,406241.93,12.78,delinquent_60,62,2026-04-11,missing,First National,2026-08-24
L-101453,387801.31,9.96,delinquent_30,75,2026-04-09,verified,Rocket Servicing,2026-08-11
L-101454,363516.15,14.01,delinquent_60,31,2026-02-07,missing,Apex Loan Servicing,2026-08-23
L-101455,145696.75,9.22,delinquent_30,75,2026-02-07,complete,First National,2026-08-23
L-101456,421543.20,7.36,delinquent_60,45,2026-06-18,missing,ServPro,2026-08-05
L-101457,54222.36,13.97,delinquent_60,95,2026-02-11,pending,ServPro,2026-08-27
L-101458,214169.05,10.51,delinquent_60,31,2026-08-08,pending,Freedom Mortgage,2026-08-08
L-101459,74053.93,6.06,current,0,2026-08-27,verified,ServPro,2026-08-18
L-101460,274840.71,7.45,forbearance,0,2026-07-21,verified,Rocket Servicing,2026-08-23
L-101461,177885.24,12.12,delinquent_90+,62,2026-06-08,missing,Apex Loan Servicing,2026-08-12
L-101462,54783.62,6.36,delinquent_30,95,2026-03-04,verified,Apex Loan Servicing,2026-08-11
L-101463,113216.60,6.68,forbearance,0,2026-04-15,missing,Apex Loan Servicing,2026-08-27
L-101464,32334.24,8.47,delinquent_90+,31,2026-03-01,verified,Apex Loan Servicing,2026-08-21
L-101465,417099.15,4.27,delinquent_60,31,2026-05-19,missing,First National,2026-08-23
L-101466,209644.26,11.67,delinquent_30,75,2026-04-22,verified,Rocket Servicing,2026-08-18
L-101467,149714.01,5.29,forbearance,0,2026-07-05,missing,First National,2026-08-20
L-101468,97444.01,9.55,current,0,2026-02-17,verified,Freedom Mortgage,2026-08-24
L-101469,372523.75,14.38,delinquent_30,31,2026-08-24,complete,Rocket Servicing,2026-08-03
L-101470,91920.06,10.91,delinquent_90+,75,2026-07-23,verified,Freedom Mortgage,2026-08-11
L-101471,89270.20,7.66,delinquent_60,75,2026-02-06,missing,ServPro,2026-08-07
L-101472,253836.96,,,,2026-01-20,complete,,2026-08-18
L-101473,18135.44,4.52,forbearance,0,2026-01-01,missing,ServPro,2026-08-10
L-101474,272598.23,12.81,delinquent_30,45,2026-08-06,pending,Rocket Servicing,2026-08-04
L-101475,438491.95,9.70,forbearance,0,2026-03-15,pending,Apex Loan Servicing,2026-08-05
L-101476,216425.56,9.96,forbearance,0,2026-02-26,missing,Rocket Servicing,2026-08-04
L-101477,90697.96,8.72,current,0,2026-08-07,pending,Apex Loan Servicing,2026-08-11
L-101478,446088.07,9.08,delinquent_90+,75,2026-02-22,complete,Rocket Servicing,2026-08-08
L-101479,118739.39,12.31,delinquent_30,75,2026-01-12,complete,ServPro,2026-08-26
L-101480,318338.51,11.56,forbearance,0,2026-02-28,complete,Rocket Servicing,2026-08-17
L-101481,338547.81,8.76,forbearance,0,2026-04-10,missing,Freedom Mortgage,2026-08-15
L-101482,144155.60,10.02,delinquent_90+,75,2026-07-03,verified,First National,2026-08-16
L-101483,24775.46,9.82,delinquent_60,75,2026-05-25,complete,Apex Loan Servicing,2026-08-27
L-101484,150881.92,9.55,forbearance,0,2026-03-21,missing,First National,2026-08-18
L-101485,408379.88,7.12,delinquent_60,95,2026-01-27,verified,Apex Loan Servicing,2026-08-17
L-101486,328538.36,3.04,delinquent_30,31,2026-08-06,pending,Rocket Servicing,2026-08-03
L-101487,240255.72,9.35,forbearance,0,2026-01-02,verified,Freedom Mortgage,2026-08-23
L-101488,195930.40,13.35,delinquent_60,45,2026-07-27,pending,Rocket Servicing,2026-08-27
L-101489,342331.90,13.33,,,2026-05-07,,,2026-08-21
L-101490,134492.09,10.78,delinquent_90+,75,2026-07-09,pending,ServPro,2026-08-09
L-101491,302605.12,7.25,delinquent_90+,45,2026-04-03,complete,First National,2026-08-06
L-101492,237054.98,4.70,delinquent_60,45,2026-05-22,verified,Rocket Servicing,2026-08-18
L-101493,424912.62,,,,2026-02-18,,ServPro,2026-08-07
L-101494,113606.41,12.50,delinquent_30,31,,complete,,2026-08-08
L-101495,181178.40,11.36,delinquent_90+,95,2026-01-22,pending,Freedom Mortgage,2026-08-24
L-101496,275180.64,13.88,delinquent_60,62,2026-03-12,verified,Freedom Mortgage,2026-08-21
L-101497,317555.80,13.86,forbearance,0,2026-02-08,pending,Freedom Mortgage,2026-08-11
L-101498,418885.22,3.33,delinquent_30,95,2026-05-18,pending,Freedom Mortgage,2026-08-18
L-101499,31938.74,10.72,delinquent_90+,95,2026-01-20,pending,Rocket Servicing,2026-08-12
L-101500,274303.52,10.71,current,0,2026-07-01,complete,ServPro,2026-08-25
L-101501,367033.72,2.92,forbearance,0,2026-02-01,verified,Apex Loan Servicing,2026-08-21
L-101502,330664.74,7.14,delinquent_30,120,2026-08-20,missing,Rocket Servicing,2026-08-21
L-101503,441727.60,4.34,forbearance,0,2026-06-08,pending,Rocket Servicing,2026-08-21
L-101504,462443.85,7.16,delinquent_60,45,2026-06-24,complete,ServPro,2026-08-26
L-101505,262211.80,5.22,delinquent_90+,45,,missing,,2026-08-07
L-101506,205041.81,7.51,delinquent_90+,75,2026-07-15,missing,Rocket Servicing,2026-08-11
L-101507,68229.47,8.86,delinquent_30,45,2026-04-19,pending,Apex Loan Servicing,2026-08-12
L-101508,265397.62,11.67,delinquent_90+,62,2026-05-07,verified,Freedom Mortgage,2026-08-16
L-101509,267054.21,6.10,forbearance,0,2026-07-02,pending,Freedom Mortgage,2026-08-11
L-101510,16321.81,4.98,,0,,,Apex Loan Servicing,2026-08-22
L-101511,376382.98,4.87,,,2026-07-11,,,2026-08-15
L-101512,295854.33,11.32,,,,,First National,2026-08-22
L-101513,101428.36,2.76,current,0,2026-06-28,complete,Rocket Servicing,2026-08-12
L-101514,436891.66,,forbearance,,2026-08-16,missing,Freedom Mortgage,2026-08-10
L-101515,386109.57,4.42,delinquent_30,45,2026-07-04,verified,Freedom Mortgage,2026-08-18
L-101516,228044.65,14.30,delinquent_30,31,2026-03-15,complete,First National,2026-08-05
L-101517,229586.22,8.22,current,0,2026-06-15,pending,ServPro,2026-08-01
L-101518,454636.94,9.30,delinquent_60,31,2026-06-03,pending,Freedom Mortgage,2026-08-20
L-101519,191967.48,4.29,delinquent_30,120,2026-06-10,complete,Rocket Servicing,2026-08-20
L-101520,240006.20,9.96,forbearance,0,2026-07-06,missing,Rocket Servicing,2026-08-07
L-101521,471467.29,13.35,current,0,2026-08-11,pending,First National,2026-08-21
L-101522,134597.36,14.44,delinquent_90+,,,,First National,2026-08-11
L-101523,67058.68,14.24,forbearance,0,2026-01-24,complete,Rocket Servicing,2026-08-13
L-101524,133384.75,,delinquent_90+,62,,missing,,2026-08-26
L-101525,476985.21,7.59,delinquent_60,45,2026-06-24,missing,Apex Loan Servicing,2026-08-07
L-101526,131669.45,13.46,current,0,2026-06-28,complete,First National,2026-08-26
L-101527,35855.61,,,0,2026-04-25,complete,First National,2026-08-01
L-101528,354839.17,6.59,forbearance,0,2026-02-05,verified,Rocket Servicing,2026-08-26
L-101529,295968.46,3.17,delinquent_30,45,2026-02-06,complete,First National,2026-08-01
L-101530,330660.47,5.02,current,0,2026-07-11,pending,ServPro,2026-08-27
L-101531,326175.68,12.88,,0,,,First National,2026-08-15
L-101532,130049.26,,,0,2026-04-23,complete,First National,2026-08-07
L-101533,286346.40,9.72,,0,,missing,,2026-08-07
L-101534,396622.57,11.33,forbearance,0,2026-01-21,missing,Rocket Servicing,2026-08-25
L-101535,353134.24,,forbearance,0,,verified,First National,2026-08-22
L-101536,345152.11,2.64,current,0,2026-06-19,missing,Apex Loan Servicing,2026-08-22
L-101537,275370.54,11.23,delinquent_60,75,2026-06-24,verified,Rocket Servicing,2026-08-16
L-101538,237316.54,9.05,delinquent_30,45,2026-03-02,missing,ServPro,2026-08-15
L-101539,159074.69,12.06,delinquent_90+,75,2026-08-15,pending,Freedom Mortgage,2026-08-24
L-101540,204308.65,2.79,delinquent_30,62,2026-07-28,pending,ServPro,2026-08-12
L-101541,229336.91,10.44,delinquent_30,45,2026-03-07,complete,First National,2026-08-13
L-101542,149173.01,,forbearance,0,,missing,Freedom Mortgage,2026-08-07
L-101543,348771.37,7.69,delinquent_30,75,2026-01-12,complete,First National,2026-08-11
L-101544,293713.38,4.20,forbearance,0,2026-08-26,pending,ServPro,2026-08-16
L-101545,256577.44,4.40,delinquent_60,120,2026-07-20,complete,Apex Loan Servicing,2026-08-05
L-101546,182343.48,10.76,delinquent_30,62,2026-08-03,complete,ServPro,2026-08-12
L-101547,104491.59,6.41,delinquent_30,62,2026-08-26,missing,Apex Loan Servicing,2026-08-11
L-101548,162253.84,4.83,delinquent_30,62,2026-04-23,pending,Freedom Mortgage,2026-08-16
L-101549,428014.60,6.26,current,0,2026-07-25,pending,Apex Loan Servicing,2026-08-11
L-101550,72964.60,9.73,delinquent_60,31,2026-08-13,pending,Rocket Servicing,2026-08-23
L-101551,33035.10,5.46,current,0,2026-06-12,verified,Apex Loan Servicing,2026-08-05
L-101552,459417.12,8.32,delinquent_60,95,2026-04-27,pending,Apex Loan Servicing,2026-08-20
L-101553,205920.88,,,,2026-01-10,missing,,2026-08-07
L-101554,225846.25,,delinquent_30,75,,verified,Apex Loan Servicing,2026-08-06
L-101555,365269.24,3.79,delinquent_60,75,2026-05-07,verified,Rocket Servicing,2026-08-06
L-101556,158331.77,2.70,current,0,2026-06-18,verified,Rocket Servicing,2026-08-05
L-101557,347238.09,9.10,delinquent_90+,120,2026-06-13,pending,Rocket Servicing,2026-08-20
L-101558,21403.65,5.89,forbearance,0,2026-01-17,complete,Freedom Mortgage,2026-08-16
L-101559,176150.54,4.32,forbearance,0,2026-03-23,pending,First National,2026-08-25
L-101560,43550.39,6.62,current,0,2026-08-13,complete,Apex Loan Servicing,2026-08-14
L-101561,193095.33,4.36,current,0,2026-04-15,pending,First National,2026-08-25
L-101562,128858.48,5.37,forbearance,0,2026-01-02,pending,ServPro,2026-08-02
L-101563,247367.30,13.90,delinquent_30,95,2026-06-11,verified,ServPro,2026-08-01
L-101564,24061.76,9.58,delinquent_30,45,,verified,,2026-08-01
L-101565,43298.03,13.08,forbearance,0,2026-03-13,pending,Freedom Mortgage,2026-08-18
L-101566,100753.31,9.97,delinquent_60,95,2026-06-17,verified,Freedom Mortgage,2026-08-27
L-101567,163880.73,6.42,delinquent_60,75,2026-02-21,missing,ServPro,2026-08-01
L-101568,464674.02,10.56,delinquent_90+,45,2026-03-04,complete,ServPro,2026-08-26
L-101569,149101.04,4.97,forbearance,0,2026-05-27,pending,Apex Loan Servicing,2026-08-27
L-101570,312719.29,5.26,delinquent_60,45,2026-01-10,complete,Freedom Mortgage,2026-08-27
L-101571,222495.06,7.19,,0,,,Freedom Mortgage,2026-08-16
L-101572,288451.68,12.04,delinquent_30,31,2026-02-01,complete,Apex Loan Servicing,2026-08-02
L-101573,454723.88,13.66,delinquent_60,75,2026-07-24,pending,First National,2026-08-02
L-101574,311741.76,14.15,delinquent_60,31,2026-05-14,complete,Rocket Servicing,2026-08-25
L-101575,11813.42,4.20,delinquent_90+,45,2026-02-21,complete,ServPro,2026-08-06
L-101576,35059.83,12.94,forbearance,0,2026-05-09,complete,Apex Loan Servicing,2026-08-16
L-101577,107350.90,7.27,delinquent_90+,31,2026-01-16,verified,ServPro,2026-08-14
L-101578,460728.72,,delinquent_60,120,2026-05-24,,ServPro,2026-08-07
L-101579,16596.12,5.76,delinquent_30,45,2026-08-26,complete,First National,2026-08-19
L-101580,211788.64,13.93,delinquent_90+,45,2026-01-10,missing,First National,2026-08-20
L-101581,394839.25,9.04,delinquent_60,120,2026-06-24,pending,Rocket Servicing,2026-08-24
L-101582,198325.78,9.46,delinquent_60,75,2026-06-25,missing,Freedom Mortgage,2026-08-27
L-101583,427478.81,10.61,delinquent_90+,62,2026-07-03,missing,Freedom Mortgage,2026-08-11
L-101584,311595.47,7.91,forbearance,0,2026-03-02,missing,Apex Loan Servicing,2026-08-21
L-101585,381331.95,12.40,,0,2026-07-03,,,2026-08-27
L-101586,58142.98,8.52,current,0,2026-02-19,complete,Rocket Servicing,2026-08-18
L-101587,83233.40,5.22,delinquent_60,75,2026-02-11,missing,Apex Loan Servicing,2026-08-13
L-101588,394196.43,5.13,delinquent_60,120,2026-07-23,complete,Freedom Mortgage,2026-08-21
L-101589,78958.06,10.83,delinquent_30,120,2026-01-26,complete,ServPro,2026-08-05
L-101590,335095.26,6.18,delinquent_90+,62,2026-04-18,complete,Freedom Mortgage,2026-08-01
L-101591,453815.44,4.99,current,0,2026-02-09,verified,First National,2026-08-14
L-101592,10020.01,9.67,delinquent_60,75,2026-06-07,missing,ServPro,2026-08-20
L-101593,232258.76,9.88,current,0,2026-08-02,verified,Rocket Servicing,2026-08-12
L-101594,185484.47,12.83,delinquent_90+,95,2026-02-14,missing,ServPro,2026-08-01
L-101595,365548.50,3.54,delinquent_60,95,2026-02-03,pending,First National,2026-08-15
L-101596,165256.78,9.74,delinquent_90+,31,2026-06-10,verified,Freedom Mortgage,2026-08-20
L-101597,9889.63,4.04,current,0,2026-08-03,pending,ServPro,2026-08-09
L-101598,189384.60,13.60,current,0,2026-05-19,complete,Apex Loan Servicing,2026-08-16
L-101599,162422.41,,,,2026-02-22,pending,First National,2026-08-07
L-101600,123295.26,7.15,delinquent_30,75,2026-01-10,pending,Freedom Mortgage,2026-08-11
L-101601,282195.66,8.42,delinquent_90+,120,2026-02-04,pending,Freedom Mortgage,2026-08-05
L-101602,454669.40,9.25,delinquent_90+,75,2026-06-26,verified,First National,2026-08-23
L-101603,334560.74,10.12,current,0,2026-07-16,complete,Rocket Servicing,2026-08-14
L-101604,205571.24,3.28,delinquent_60,120,2026-06-16,verified,Apex Loan Servicing,2026-08-08
L-101605,420878.16,3.95,delinquent_30,31,2026-03-22,pending,ServPro,2026-08-22
L-101606,182325.51,5.66,current,0,2026-03-19,verified,First National,2026-08-18
L-101607,321307.82,6.10,delinquent_90+,31,2026-06-02,complete,First National,2026-08-17
L-101608,9207.31,13.06,delinquent_30,62,2026-04-28,verified,Freedom Mortgage,2026-08-07
L-101609,232180.83,5.07,delinquent_30,75,2026-02-05,pending,Apex Loan Servicing,2026-08-05
L-101610,37297.16,8.66,current,0,2026-03-08,verified,Rocket Servicing,2026-08-08
L-101611,198035.95,11.53,current,0,2026-06-25,verified,First National,2026-08-07
L-101612,447120.49,7.19,forbearance,0,2026-04-24,pending,ServPro,2026-08-20
L-101613,247034.96,7.38,delinquent_30,45,2026-05-16,complete,ServPro,2026-08-20
L-101614,225640.87,3.52,delinquent_30,120,2026-01-12,missing,ServPro,2026-08-09
L-101615,440627.61,6.14,forbearance,0,2026-06-10,verified,Apex Loan Servicing,2026-08-16
L-101616,418800.55,10.76,forbearance,0,2026-03-16,missing,First National,2026-08-23
L-101617,167644.76,8.70,current,0,2026-05-21,missing,Rocket Servicing,2026-08-10
L-101618,113225.06,13.62,delinquent_60,45,2026-04-12,missing,Freedom Mortgage,2026-08-27
L-101619,326147.55,5.84,forbearance,0,2026-07-22,pending,Apex Loan Servicing,2026-08-26
L-101620,157542.68,12.08,,,,pending,,2026-08-04
L-101621,421169.19,10.16,delinquent_30,95,2026-06-06,verified,Rocket Servicing,2026-08-08
L-101622,345594.69,13.69,delinquent_90+,95,2026-06-05,missing,Apex Loan Servicing,2026-08-03
L-101623,390695.81,,delinquent_60,75,,,ServPro,2026-08-18
L-101624,136618.54,9.31,delinquent_30,62,2026-01-14,verified,Apex Loan Servicing,2026-08-04
L-101625,188770.23,3.93,delinquent_30,31,2026-06-25,complete,First National,2026-08-03
L-101626,331194.03,,,,2026-04-02,,Apex Loan Servicing,2026-08-02
L-101627,291739.12,9.99,delinquent_60,62,2026-07-08,pending,Freedom Mortgage,2026-08-20
L-101628,445729.48,6.74,delinquent_30,45,2026-01-18,missing,Freedom Mortgage,2026-08-06
L-101629,396931.70,4.94,forbearance,0,2026-01-06,complete,Apex Loan Servicing,2026-08-24
L-101630,467690.86,12.21,current,0,2026-02-08,verified,Freedom Mortgage,2026-08-08
L-101631,83680.22,4.58,delinquent_30,62,2026-02-01,pending,Rocket Servicing,2026-08-14
L-101632,289865.26,7.14,delinquent_30,45,2026-02-28,complete,ServPro,2026-08-23
L-101633,76433.13,13.16,forbearance,0,2026-07-01,missing,Freedom Mortgage,2026-08-22
L-101634,380054.18,8.79,delinquent_60,31,2026-08-17,verified,ServPro,2026-08-20
L-101635,336991.20,,delinquent_90+,45,2026-07-07,pending,,2026-08-11
L-101636,135217.34,11.08,delinquent_30,75,2026-08-01,pending,First National,2026-08-15
L-101637,15392.67,9.36,delinquent_60,75,2026-01-16,verified,ServPro,2026-08-14
L-101638,311379.25,5.24,delinquent_60,62,2026-08-06,pending,Freedom Mortgage,2026-08-19
L-101639,389817.52,12.65,delinquent_90+,62,2026-01-25,pending,First National,2026-08-23
L-101640,48878.97,10.84,current,0,2026-05-03,missing,ServPro,2026-08-05
L-101641,84148.68,3.30,,,2026-02-20,,First National,2026-08-19
L-101642,377524.90,13.95,delinquent_30,62,2026-08-14,pending,Freedom Mortgage,2026-08-01
L-101643,97807.88,11.05,current,0,2026-02-09,pending,Apex Loan Servicing,2026-08-04
L-101644,267883.36,6.93,delinquent_30,45,2026-03-08,complete,Rocket Servicing,2026-08-06
L-101645,248791.81,2.75,forbearance,0,2026-01-13,pending,Freedom Mortgage,2026-08-02
L-101646,407105.13,5.40,forbearance,0,2026-06-19,missing,ServPro,2026-08-08
L-101647,342349.36,11.06,delinquent_30,120,2026-01-03,verified,Freedom Mortgage,2026-08-01
L-101648,312492.80,8.74,forbearance,,,,,2026-08-19
L-101649,360938.07,11.52,forbearance,0,2026-07-06,verified,Freedom Mortgage,2026-08-26
L-101650,16341.03,14.44,delinquent_60,31,2026-07-13,verified,Rocket Servicing,2026-08-12
L-101651,361397.90,5.09,delinquent_30,75,2026-03-21,missing,ServPro,2026-08-08
L-101652,226515.80,8.08,delinquent_30,,,verified,Freedom Mortgage,2026-08-14
L-101653,121548.85,4.25,current,0,2026-05-12,complete,Rocket Servicing,2026-08-15
L-101654,426347.10,12.97,current,0,2026-05-12,verified,First National,2026-08-16
L-101655,342774.89,6.22,forbearance,0,2026-03-01,complete,Freedom Mortgage,2026-08-24
L-101656,181351.56,7.88,,0,2026-06-26,,Apex Loan Servicing,2026-08-15
L-101657,160108.72,6.92,forbearance,0,2026-02-15,verified,ServPro,2026-08-25
L-101658,321502.01,9.08,forbearance,0,2026-02-05,verified,Rocket Servicing,2026-08-22
L-101659,352438.67,10.12,delinquent_30,45,2026-04-03,verified,Rocket Servicing,2026-08-13
L-101660,97384.39,,forbearance,,2026-04-14,pending,ServPro,2026-08-18
L-101661,475452.49,5.03,current,0,2026-03-28,complete,Rocket Servicing,2026-08-24
L-101662,36392.31,8.12,delinquent_30,120,2026-08-04,complete,ServPro,2026-08-26
L-101663,297979.22,14.25,delinquent_90+,62,2026-06-21,missing,Apex Loan Servicing,2026-08-05
L-101664,401795.36,9.58,delinquent_60,95,2026-04-08,complete,ServPro,2026-08-16
L-101665,147662.68,,delinquent_60,,,,First National,2026-08-27
L-101666,77797.67,3.68,,0,2026-06-14,verified,,2026-08-14
L-101667,147065.15,5.41,forbearance,0,2026-08-22,complete,Rocket Servicing,2026-08-02
L-101668,392153.90,4.35,delinquent_90+,31,2026-06-12,complete,Rocket Servicing,2026-08-08
L-101669,478954.30,13.63,delinquent_90+,95,2026-04-13,verified,Freedom Mortgage,2026-08-10
L-101670,286886.87,12.74,,,2026-02-03,complete,First National,2026-08-05
L-101671,239008.03,3.61,delinquent_30,31,2026-01-16,pending,First National,2026-08-05
L-101672,,,delinquent_60,,2026-06-04,complete,,2026-08-19
L-101673,286850.82,2.50,delinquent_30,45,2026-07-27,verified,First National,2026-08-09
L-101674,254891.56,12.48,delinquent_60,45,2026-02-15,missing,Freedom Mortgage,2026-08-21
L-101675,249573.44,8.46,delinquent_30,120,2026-05-02,verified,Rocket Servicing,2026-08-22
L-101676,340187.28,7.31,delinquent_30,,,,Rocket Servicing,2026-08-22
L-101677,119323.61,4.28,delinquent_30,31,2026-02-02,complete,Freedom Mortgage,2026-08-04
L-101678,64902.13,11.17,delinquent_60,62,2026-06-19,pending,ServPro,2026-08-14
L-101679,446689.80,10.52,forbearance,0,2026-05-23,pending,ServPro,2026-08-21
L-101680,390946.43,4.80,current,0,2026-01-02,missing,ServPro,2026-08-06
L-101681,464112.45,11.90,delinquent_60,75,2026-03-27,missing,ServPro,2026-08-22
L-101682,439859.29,9.30,delinquent_30,31,2026-03-09,verified,First National,2026-08-16
L-101683,163914.23,3.00,delinquent_30,45,2026-08-09,pending,Freedom Mortgage,2026-08-14
L-101684,371494.81,6.83,delinquent_60,95,2026-06-11,complete,First National,2026-08-16
L-101685,100813.78,4.27,forbearance,0,2026-05-17,verified,Apex Loan Servicing,2026-08-19
L-101686,295806.64,7.72,current,0,2026-08-24,missing,Apex Loan Servicing,2026-08-25
L-101687,140130.69,2.71,forbearance,0,2026-02-16,verified,ServPro,2026-08-20
L-101688,443467.52,12.52,delinquent_30,75,2026-05-10,complete,Freedom Mortgage,2026-08-22
L-101689,125717.41,5.68,forbearance,0,2026-04-02,pending,ServPro,2026-08-08
L-101690,209255.11,14.00,delinquent_60,95,2026-07-01,missing,Apex Loan Servicing,2026-08-22
L-101691,271358.49,5.06,forbearance,0,2026-05-25,complete,Freedom Mortgage,2026-08-13
L-101692,263905.05,4.90,delinquent_90+,31,2026-06-21,pending,ServPro,2026-08-01
L-101693,435328.41,11.27,delinquent_30,120,2026-05-22,missing,ServPro,2026-08-06
L-101694,142169.79,,forbearance,,2026-02-03,pending,First National,2026-08-01
L-101695,36341.58,11.74,delinquent_60,45,2026-02-25,verified,Rocket Servicing,2026-08-04
L-101696,401715.87,8.92,forbearance,0,2026-02-16,missing,First National,2026-08-12
L-101697,172789.08,7.15,delinquent_30,95,2026-05-24,complete,Apex Loan Servicing,2026-08-26
L-101698,369079.86,14.41,delinquent_30,45,2026-06-06,pending,ServPro,2026-08-25
L-101699,19149.83,12.74,delinquent_90+,31,2026-07-07,pending,Freedom Mortgage,2026-08-20
L-101700,372395.11,11.47,current,0,2026-04-27,verified,Apex Loan Servicing,2026-08-25
L-101701,158051.65,6.93,current,0,2026-01-15,pending,First National,2026-08-19
L-101702,474139.64,13.71,delinquent_60,75,2026-01-11,verified,First National,2026-08-05
L-101703,287458.03,9.24,current,0,2026-03-16,verified,Apex Loan Servicing,2026-08-18
L-101704,166834.08,10.00,current,0,2026-06-08,missing,Apex Loan Servicing,2026-08-27
L-101705,23495.93,3.78,delinquent_60,120,2026-03-23,missing,ServPro,2026-08-05
L-101706,151482.94,,delinquent_60,,2026-07-01,,First National,2026-08-10
L-101707,343105.15,12.93,forbearance,0,2026-02-12,complete,First National,2026-08-09
L-101708,156198.07,3.98,forbearance,0,2026-04-19,complete,Freedom Mortgage,2026-08-02
L-101709,52706.97,,delinquent_90+,,,,First National,2026-08-10
L-101710,204581.30,10.39,delinquent_60,120,2026-01-05,complete,First National,2026-08-19
L-101711,430136.65,3.01,delinquent_60,75,2026-02-09,pending,Apex Loan Servicing,2026-08-18
L-101712,13001.61,,,0,2026-04-24,pending,,2026-08-06
L-101713,395533.43,10.69,delinquent_30,75,2026-01-22,missing,Apex Loan Servicing,2026-08-26
L-101714,404874.09,8.41,delinquent_30,31,2026-07-07,verified,Freedom Mortgage,2026-08-27
L-101715,168527.24,7.35,forbearance,0,2026-07-19,missing,Rocket Servicing,2026-08-08
L-101716,427544.66,10.98,delinquent_60,120,2026-08-01,complete,ServPro,2026-08-19
L-101717,280596.95,14.11,,0,2026-04-05,,,2026-08-23
L-101718,277922.99,11.44,current,0,2026-07-05,pending,Rocket Servicing,2026-08-04
L-101719,345687.34,12.46,current,0,2026-07-04,missing,Freedom Mortgage,2026-08-15
L-101720,184894.20,,,,2026-05-15,pending,,2026-08-21
L-101721,455842.93,7.75,,,2026-05-01,,ServPro,2026-08-15
L-101722,101823.94,3.82,delinquent_60,45,,missing,,2026-08-09
L-101723,220853.80,6.14,delinquent_30,75,,,Freedom Mortgage,2026-08-23
L-101724,403747.29,14.06,delinquent_60,45,2026-08-08,verified,Freedom Mortgage,2026-08-01
L-101725,311479.67,7.11,forbearance,0,2026-03-04,missing,Rocket Servicing,2026-08-17
L-101726,359541.39,2.74,forbearance,,2026-02-08,,Rocket Servicing,2026-08-09
L-101727,364925.04,10.52,forbearance,0,2026-03-21,verified,Apex Loan Servicing,2026-08-01
L-101728,167115.72,8.27,delinquent_30,,2026-02-24,,Rocket Servicing,2026-08-24
L-101729,124304.66,12.16,forbearance,0,2026-04-21,verified,Apex Loan Servicing,2026-08-19
L-101730,50642.72,8.16,delinquent_30,45,2026-06-02,missing,Rocket Servicing,2026-08-16
L-101731,257930.84,8.42,delinquent_90+,95,2026-01-23,complete,First National,2026-08-19
L-101732,114869.61,12.90,delinquent_30,75,2026-07-18,complete,First National,2026-08-22
L-101733,265569.83,11.12,delinquent_30,120,2026-04-07,missing,First National,2026-08-02
L-101734,218672.52,,delinquent_30,,,complete,,2026-08-11
L-101735,295592.67,3.62,delinquent_60,95,2026-04-02,verified,Rocket Servicing,2026-08-18
L-101736,426547.43,,current,0,,,,2026-08-03
L-101737,113931.38,9.41,current,0,2026-07-23,missing,Rocket Servicing,2026-08-25
L-101738,335571.03,2.82,current,0,2026-01-22,missing,Freedom Mortgage,2026-08-06
L-101739,116254.29,3.04,delinquent_30,45,2026-04-07,pending,Rocket Servicing,2026-08-15
L-101740,364379.96,9.92,current,0,2026-02-24,pending,Rocket Servicing,2026-08-21
L-101741,401504.54,7.68,current,0,2026-03-16,verified,First National,2026-08-06
L-101742,258189.09,10.71,delinquent_90+,31,2026-02-25,pending,Freedom Mortgage,2026-08-03
L-101743,83939.86,11.06,,0,,missing,ServPro,2026-08-06
L-101744,287278.06,10.43,delinquent_30,75,2026-07-06,verified,Rocket Servicing,2026-08-11
L-101745,145378.75,,forbearance,0,2026-08-03,complete,,2026-08-26
L-101746,432894.70,5.26,forbearance,0,2026-02-18,verified,ServPro,2026-08-21
L-101747,355365.83,4.12,forbearance,0,2026-03-18,pending,Freedom Mortgage,2026-08-08
L-101748,246497.59,9.78,current,0,2026-04-18,complete,Rocket Servicing,2026-08-17
L-101749,128337.65,6.48,delinquent_30,45,2026-01-14,verified,Freedom Mortgage,2026-08-05
L-101750,109741.21,10.13,forbearance,0,2026-03-20,verified,First National,2026-08-14
L-101751,264694.98,11.35,delinquent_60,75,2026-03-22,missing,Rocket Servicing,2026-08-01
L-101752,357544.07,2.83,current,0,2026-01-03,missing,Freedom Mortgage,2026-08-25
L-101753,43505.02,10.76,delinquent_90+,31,2026-08-26,missing,First National,2026-08-26
L-101754,465105.74,2.81,delinquent_30,62,2026-06-13,complete,Apex Loan Servicing,2026-08-21
L-101755,75273.22,,,,2026-08-10,verified,Apex Loan Servicing,2026-08-25
L-101756,245893.25,11.66,forbearance,0,2026-01-11,verified,ServPro,2026-08-02
L-101757,25969.55,3.09,delinquent_60,45,2026-07-12,missing,First National,2026-08-12
L-101758,135662.67,4.30,delinquent_90+,95,2026-02-08,verified,Freedom Mortgage,2026-08-26
L-101759,178950.05,12.36,forbearance,,2026-07-24,complete,,2026-08-18
L-101760,301883.03,3.14,delinquent_30,45,2026-07-20,verified,Apex Loan Servicing,2026-08-12
L-101761,13072.32,9.99,forbearance,0,2026-03-05,complete,First National,2026-08-09
L-101762,445865.83,12.88,delinquent_60,95,2026-02-18,complete,Rocket Servicing,2026-08-21
L-101763,462022.22,10.23,forbearance,0,2026-08-16,pending,Apex Loan Servicing,2026-08-07
L-101764,367830.09,8.84,current,0,2026-07-09,pending,Freedom Mortgage,2026-08-22
L-101765,80331.61,9.93,delinquent_60,120,2026-03-17,missing,ServPro,2026-08-10
L-101766,406393.81,7.67,,,2026-02-10,missing,,2026-08-03
L-101767,24369.96,7.18,delinquent_90+,45,2026-06-25,missing,Rocket Servicing,2026-08-02
L-101768,329512.11,6.03,current,,2026-02-16,verified,,2026-08-10
L-101769,137899.13,5.99,forbearance,0,2026-01-25,pending,First National,2026-08-12
L-101770,466926.16,8.09,,0,,,,2026-08-27
L-101771,324996.95,6.58,delinquent_60,120,2026-01-28,missing,Freedom Mortgage,2026-08-07
L-101772,104245.16,11.68,delinquent_60,45,2026-05-19,missing,First National,2026-08-13
L-101773,388184.87,12.17,current,0,2026-02-23,verified,Apex Loan Servicing,2026-08-15
L-101774,379002.21,9.03,forbearance,0,2026-04-08,complete,Freedom Mortgage,2026-08-16
L-101775,,7.38,,,2026-01-24,complete,,2026-08-03
L-101776,295640.70,8.56,delinquent_60,75,2026-02-15,verified,Apex Loan Servicing,2026-08-24
L-101777,428616.35,2.63,delinquent_30,45,2026-01-26,complete,Apex Loan Servicing,2026-08-04
L-101778,202135.78,9.10,forbearance,0,2026-01-08,verified,Rocket Servicing,2026-08-16
L-101779,241242.04,11.25,forbearance,0,2026-02-24,verified,First National,2026-08-20
L-101780,191086.67,9.82,delinquent_60,45,2026-01-03,missing,Apex Loan Servicing,2026-08-03
L-101781,418649.76,10.17,forbearance,0,2026-05-04,missing,Freedom Mortgage,2026-08-08
L-101782,231739.77,12.56,forbearance,0,2026-03-25,verified,Freedom Mortgage,2026-08-06
L-101783,79897.10,5.09,forbearance,0,2026-03-03,pending,ServPro,2026-08-09
L-101784,203677.77,3.61,current,0,2026-05-05,verified,First National,2026-08-27
L-101785,15095.75,12.00,delinquent_30,75,2026-07-14,verified,First National,2026-08-17
L-101786,60343.51,4.05,current,0,2026-01-07,complete,Apex Loan Servicing,2026-08-07
L-101787,193969.40,9.79,current,0,2026-07-05,verified,First National,2026-08-11
L-101788,106105.39,13.93,delinquent_30,62,2026-06-12,complete,ServPro,2026-08-17
L-101789,212214.22,3.81,delinquent_90+,75,2026-03-20,pending,Apex Loan Servicing,2026-08-27
L-101790,7355.53,,,0,,verified,,2026-08-25
L-101791,105681.36,10.24,,0,,complete,,2026-08-02
L-101792,341084.93,10.79,current,0,2026-01-17,missing,Apex Loan Servicing,2026-08-19
L-101793,140738.10,4.68,current,0,2026-08-09,pending,ServPro,2026-08-25
L-101794,277074.00,13.81,delinquent_90+,95,2026-07-28,missing,Apex Loan Servicing,2026-08-21
L-101795,290147.58,11.26,delinquent_90+,31,2026-05-05,missing,Apex Loan Servicing,2026-08-13
L-101796,275161.57,4.26,forbearance,0,2026-02-10,complete,Apex Loan Servicing,2026-08-10
L-101797,381341.81,12.78,delinquent_30,45,2026-02-06,pending,Rocket Servicing,2026-08-25
L-101798,337346.85,,forbearance,0,,,ServPro,2026-08-05
L-101799,60915.42,11.67,current,0,2026-08-06,pending,Rocket Servicing,2026-08-18
L-101800,349090.61,8.74,delinquent_30,62,2026-06-21,pending,Apex Loan Servicing,2026-08-05
L-101801,271547.81,2.71,delinquent_60,31,2026-06-14,complete,Freedom Mortgage,2026-08-23
L-101802,211220.40,2.86,delinquent_30,75,2026-06-18,pending,ServPro,2026-08-22
L-101803,39581.98,12.45,,0,,,,2026-08-01
L-101804,389152.52,3.68,delinquent_30,45,2026-06-19,missing,First National,2026-08-09
L-101805,374178.84,7.28,delinquent_30,45,2026-05-28,missing,First National,2026-08-01
L-101806,83016.59,11.53,current,0,2026-01-22,verified,Apex Loan Servicing,2026-08-13
L-101807,189910.99,14.48,current,0,2026-07-17,pending,First National,2026-08-03
L-101808,391799.03,6.52,current,0,2026-01-03,verified,Apex Loan Servicing,2026-08-02
L-101809,137642.36,6.02,forbearance,0,2026-02-28,missing,First National,2026-08-15
L-101810,89164.87,10.05,delinquent_30,95,2026-08-21,verified,Freedom Mortgage,2026-08-02
L-101811,109742.62,5.86,current,0,2026-08-15,verified,Apex Loan Servicing,2026-08-10
L-101812,32636.45,13.82,delinquent_30,120,2026-07-25,verified,Freedom Mortgage,2026-08-20
L-101813,238744.70,,delinquent_90+,75,2026-01-06,,Apex Loan Servicing,2026-08-23
L-101814,36727.20,11.83,current,0,2026-07-17,missing,First National,2026-08-07
L-101815,154245.07,,,0,2026-03-07,missing,,2026-08-13
L-101816,291390.41,3.45,current,0,2026-04-28,pending,First National,2026-08-03
L-101817,277381.93,11.50,delinquent_30,95,2026-06-05,verified,ServPro,2026-08-18
L-101818,62600.50,5.12,current,0,2026-05-10,missing,Apex Loan Servicing,2026-08-02
L-101819,85129.45,9.45,current,0,2026-03-28,verified,Rocket Servicing,2026-08-17
L-101820,53267.33,7.67,delinquent_60,31,2026-04-15,pending,Rocket Servicing,2026-08-27
L-101821,56434.24,4.20,delinquent_90+,120,2026-08-22,pending,Freedom Mortgage,2026-08-03
L-101822,447028.13,3.61,delinquent_90+,95,2026-03-04,pending,Rocket Servicing,2026-08-17
L-101823,276946.90,6.58,delinquent_90+,120,2026-08-08,verified,Freedom Mortgage,2026-08-27
L-101824,421405.45,12.68,delinquent_30,95,2026-06-14,complete,Rocket Servicing,2026-08-08
L-101825,218580.55,11.37,delinquent_90+,120,2026-07-13,complete,ServPro,2026-08-16
L-101826,196263.19,13.76,delinquent_30,75,2026-03-28,complete,Rocket Servicing,2026-08-25
L-101827,80628.15,3.51,delinquent_30,45,2026-04-21,missing,Rocket Servicing,2026-08-22
L-101828,327404.88,10.41,current,0,2026-06-18,verified,First National,2026-08-22
L-101829,70903.44,,,0,2026-07-15,,,2026-08-25
L-101830,23731.54,9.59,delinquent_60,45,2026-07-20,missing,Apex Loan Servicing,2026-08-01
L-101831,65265.19,13.52,delinquent_60,31,2026-04-22,verified,Apex Loan Servicing,2026-08-23
L-101832,245996.59,6.00,delinquent_30,62,2026-06-28,complete,First National,2026-08-10
L-101833,302381.28,8.59,current,0,2026-08-03,missing,Freedom Mortgage,2026-08-08
L-101834,195785.33,7.19,delinquent_30,95,2026-03-01,verified,Rocket Servicing,2026-08-13
L-101835,462673.73,3.26,delinquent_90+,75,2026-08-13,pending,Apex Loan Servicing,2026-08-19
L-101836,245257.61,11.12,delinquent_30,45,2026-06-17,pending,ServPro,2026-08-24
L-101837,29639.21,6.32,forbearance,0,2026-01-13,pending,Freedom Mortgage,2026-08-12
L-101838,190323.36,11.23,delinquent_60,,2026-08-19,complete,,2026-08-01
L-101839,84761.84,13.30,delinquent_30,120,2026-06-28,missing,Rocket Servicing,2026-08-09
L-101840,397572.50,,forbearance,0,,,,2026-08-10
L-101841,356196.25,12.66,,0,2026-07-27,pending,,2026-08-07
L-101842,433221.00,9.37,current,0,2026-06-13,pending,Rocket Servicing,2026-08-03
L-101843,440098.64,4.74,delinquent_60,120,2026-08-06,missing,ServPro,2026-08-06
L-101844,86632.16,13.85,delinquent_30,120,2026-04-11,missing,First National,2026-08-08
L-101845,451300.23,3.77,delinquent_90+,62,2026-06-01,verified,Apex Loan Servicing,2026-08-09
L-101846,456049.11,9.20,current,0,2026-06-25,verified,Rocket Servicing,2026-08-27
L-101847,61989.44,10.61,,,2026-02-27,complete,ServPro,2026-08-20
L-101848,27272.67,8.76,delinquent_60,95,2026-04-09,complete,First National,2026-08-27
L-101849,192402.11,3.56,delinquent_60,75,2026-02-11,missing,Freedom Mortgage,2026-08-04
L-101850,393330.94,8.21,forbearance,,2026-02-08,,ServPro,2026-08-15
L-101851,26751.28,14.02,delinquent_60,45,2026-02-10,complete,First National,2026-08-25
L-101852,221900.66,9.89,current,0,2026-08-18,complete,Apex Loan Servicing,2026-08-24
L-101853,364938.28,2.58,delinquent_60,45,2026-04-28,missing,ServPro,2026-08-06
L-101854,449207.64,9.19,delinquent_90+,75,2026-01-11,verified,ServPro,2026-08-18
L-101855,146858.83,4.51,delinquent_90+,120,2026-06-17,missing,Rocket Servicing,2026-08-18
L-101856,353121.71,7.56,delinquent_60,62,2026-05-06,pending,Rocket Servicing,2026-08-20
L-101857,464626.34,12.25,delinquent_90+,62,2026-01-05,complete,First National,2026-08-02
L-101858,117300.09,10.21,,,2026-02-26,,Rocket Servicing,2026-08-11
L-101859,91520.79,6.58,current,0,2026-04-21,verified,Apex Loan Servicing,2026-08-24
L-101860,462470.26,12.71,forbearance,0,2026-07-13,verified,Freedom Mortgage,2026-08-16
L-101861,449910.23,7.58,delinquent_90+,120,2026-05-21,verified,Freedom Mortgage,2026-08-24
L-101862,387557.76,8.68,delinquent_30,62,2026-05-07,complete,Apex Loan Servicing,2026-08-07
L-101863,293125.14,,,0,2026-01-21,,,2026-08-10
L-101864,33017.63,11.36,current,0,2026-04-14,missing,ServPro,2026-08-06
L-101865,229038.85,,forbearance,,,,First National,2026-08-22
L-101866,378788.40,13.30,delinquent_90+,75,2026-06-09,missing,Apex Loan Servicing,2026-08-21
L-101867,452515.42,6.41,,0,,complete,Apex Loan Servicing,2026-08-27
L-101868,323147.51,7.94,forbearance,0,2026-04-24,complete,ServPro,2026-08-02
L-101869,91284.94,7.77,current,0,2026-08-06,complete,ServPro,2026-08-22
L-101870,444891.39,6.41,,0,2026-03-05,,,2026-08-19
L-101871,437079.73,5.07,delinquent_90+,45,2026-02-24,verified,Rocket Servicing,2026-08-22
L-101872,40797.36,6.14,forbearance,0,2026-03-08,pending,Rocket Servicing,2026-08-21
L-101873,462971.96,11.97,forbearance,0,2026-04-11,missing,Rocket Servicing,2026-08-14
L-101874,191713.86,,delinquent_30,31,,,,2026-08-19
L-101875,416080.76,9.43,delinquent_90+,95,2026-02-06,verified,Apex Loan Servicing,2026-08-27
L-101876,281576.25,2.53,forbearance,0,2026-03-15,complete,Freedom Mortgage,2026-08-02
L-101877,321692.25,9.65,forbearance,0,2026-08-24,complete,Freedom Mortgage,2026-08-16
L-101878,393312.62,4.16,forbearance,0,2026-04-05,pending,First National,2026-08-26
L-101879,466740.48,4.12,delinquent_60,75,2026-01-18,pending,Freedom Mortgage,2026-08-02
L-101880,131022.99,9.15,forbearance,0,2026-08-17,verified,Rocket Servicing,2026-08-22
L-101881,259120.05,,current,,2026-01-07,,,2026-08-01
L-101882,411213.17,,,0,,missing,First National,2026-08-15
L-101883,375129.74,4.46,delinquent_30,120,2026-02-01,pending,Apex Loan Servicing,2026-08-06
L-101884,283767.77,6.68,current,0,2026-02-10,pending,ServPro,2026-08-09
L-101885,354088.01,4.81,forbearance,0,2026-04-01,verified,ServPro,2026-08-03
L-101886,305813.08,,delinquent_30,31,,,,2026-08-07
L-101887,71326.65,3.88,,0,,,,2026-08-25
L-101888,47387.38,3.85,delinquent_90+,31,2026-03-06,complete,First National,2026-08-20
L-101889,217083.23,11.18,forbearance,0,2026-08-08,pending,Apex Loan Servicing,2026-08-24
L-101890,22585.94,9.36,delinquent_90+,75,2026-06-07,complete,Freedom Mortgage,2026-08-15
L-101891,320943.31,6.12,forbearance,0,2026-02-05,missing,Freedom Mortgage,2026-08-04
L-101892,160153.65,9.20,delinquent_90+,120,2026-03-11,complete,Apex Loan Servicing,2026-08-22
L-101893,285915.58,,,,,missing,Rocket Servicing,2026-08-24
L-101894,380713.41,12.23,current,0,2026-04-23,missing,Freedom Mortgage,2026-08-25
L-101895,240865.08,2.71,current,0,2026-04-15,complete,Freedom Mortgage,2026-08-09
L-101896,367221.76,4.06,current,,2026-05-03,,,2026-08-24
L-101897,17181.64,14.38,current,0,2026-07-04,missing,Apex Loan Servicing,2026-08-06
L-101898,269825.99,5.84,delinquent_30,95,2026-01-15,complete,ServPro,2026-08-14
L-101899,15630.69,5.24,delinquent_30,62,2026-02-11,missing,Rocket Servicing,2026-08-06
L-101900,330113.13,10.20,delinquent_30,120,2026-05-02,pending,First National,2026-08-04
L-101901,35819.13,13.36,delinquent_90+,95,2026-08-12,verified,Rocket Servicing,2026-08-20
L-101902,326607.52,14.48,delinquent_60,62,2026-07-27,pending,Freedom Mortgage,2026-08-09
L-101903,55551.89,12.54,delinquent_60,75,2026-07-01,complete,First National,2026-08-18
L-101904,114179.19,11.90,current,0,2026-01-07,complete,ServPro,2026-08-18
L-101905,136180.75,13.82,delinquent_90+,45,2026-07-17,complete,Apex Loan Servicing,2026-08-01
L-101906,390859.68,10.54,delinquent_90+,31,2026-03-19,complete,First National,2026-08-11
L-101907,225141.28,4.85,current,0,2026-07-15,complete,Freedom Mortgage,2026-08-02
L-101908,113864.78,3.46,current,0,2026-05-12,missing,ServPro,2026-08-10
L-101909,,,,0,2026-07-06,missing,,2026-08-18
L-101910,326273.91,7.86,delinquent_90+,95,2026-05-16,complete,Freedom Mortgage,2026-08-04
L-101911,163537.29,14.50,delinquent_30,95,2026-07-06,verified,Rocket Servicing,2026-08-27
L-101912,191971.43,12.38,current,0,2026-06-19,complete,Apex Loan Servicing,2026-08-08
L-101913,337251.70,8.20,current,0,2026-01-09,verified,ServPro,2026-08-14
L-101914,284544.29,10.02,current,0,2026-02-26,complete,First National,2026-08-15
L-101915,64053.62,5.53,current,0,2026-05-19,pending,Apex Loan Servicing,2026-08-25
L-101916,37273.73,11.08,delinquent_60,95,2026-01-11,pending,First National,2026-08-11
L-101917,25091.04,9.83,forbearance,0,2026-01-26,missing,Apex Loan Servicing,2026-08-27
L-101918,438473.56,11.90,forbearance,0,2026-08-21,pending,First National,2026-08-07
L-101919,213533.24,3.94,delinquent_90+,75,2026-05-04,verified,ServPro,2026-08-04
L-101920,131432.71,,delinquent_30,,,pending,Rocket Servicing,2026-08-14
L-101921,59120.76,9.83,current,,,,,2026-08-03
L-101922,437758.65,4.48,delinquent_90+,120,2026-03-01,pending,ServPro,2026-08-02
L-101923,394411.52,8.99,delinquent_30,31,2026-02-14,complete,Freedom Mortgage,2026-08-22
L-101924,18028.97,12.14,delinquent_60,31,2026-02-08,missing,Apex Loan Servicing,2026-08-19
L-101925,244616.96,14.42,forbearance,0,2026-08-05,complete,First National,2026-08-15
L-101926,352204.45,8.95,forbearance,0,2026-05-22,complete,First National,2026-08-18
L-101927,429727.70,6.15,delinquent_30,45,2026-02-15,missing,Apex Loan Servicing,2026-08-17
L-101928,115740.46,14.29,forbearance,0,2026-06-15,complete,Apex Loan Servicing,2026-08-06
L-101929,94734.31,8.98,delinquent_90+,75,2026-06-16,complete,Freedom Mortgage,2026-08-27
L-101930,147288.94,7.34,current,0,2026-03-17,verified,Apex Loan Servicing,2026-08-09
L-101931,289953.31,7.58,forbearance,0,2026-03-15,verified,Apex Loan Servicing,2026-08-22
L-101932,231639.46,10.12,delinquent_60,31,2026-06-08,complete,Rocket Servicing,2026-08-26
L-101933,139955.80,3.85,delinquent_90+,31,2026-08-18,pending,Freedom Mortgage,2026-08-16
L-101934,333191.96,9.20,delinquent_60,120,2026-07-12,complete,ServPro,2026-08-19
L-101935,387285.49,10.54,delinquent_90+,45,2026-05-21,complete,Apex Loan Servicing,2026-08-14
L-101936,139443.99,9.82,delinquent_90+,95,2026-04-24,missing,Apex Loan Servicing,2026-08-14
L-101937,53549.60,6.25,current,0,2026-08-01,pending,Apex Loan Servicing,2026-08-11
L-101938,264688.15,2.50,,0,,,Apex Loan Servicing,2026-08-26
L-101939,131311.16,7.30,forbearance,0,2026-04-20,complete,ServPro,2026-08-05
L-101940,192714.55,4.32,forbearance,0,2026-08-20,complete,ServPro,2026-08-01
L-101941,35119.74,6.10,delinquent_30,31,2026-04-12,pending,Freedom Mortgage,2026-08-23
L-101942,115508.23,8.20,delinquent_90+,31,2026-06-06,pending,First National,2026-08-09
L-101943,247745.69,7.31,current,0,2026-03-12,missing,Rocket Servicing,2026-08-16
L-101944,313885.73,,delinquent_30,120,2026-05-09,,First National,2026-08-26
L-101945,195980.75,3.26,delinquent_90+,120,2026-02-25,pending,Rocket Servicing,2026-08-20
L-101946,362678.88,10.07,forbearance,0,2026-01-28,verified,ServPro,2026-08-27
L-101947,51026.60,3.46,delinquent_60,75,2026-02-26,pending,Rocket Servicing,2026-08-20
L-101948,297822.38,8.96,delinquent_30,,,verified,,2026-08-23
L-101949,214164.65,13.66,delinquent_90+,95,2026-05-23,complete,Rocket Servicing,2026-08-11
L-101950,469975.69,12.14,current,0,2026-02-04,pending,Apex Loan Servicing,2026-08-22
L-101951,427348.06,3.03,,,,,First National,2026-08-03
L-101952,205679.03,11.24,delinquent_30,95,2026-07-07,verified,Rocket Servicing,2026-08-08
L-101953,341944.40,4.01,forbearance,0,2026-05-11,missing,Apex Loan Servicing,2026-08-02
L-101954,8647.21,2.80,forbearance,0,2026-05-26,pending,Rocket Servicing,2026-08-17
L-101955,123853.43,3.06,delinquent_90+,75,2026-05-26,verified,ServPro,2026-08-16
L-101956,160265.38,7.73,delinquent_30,31,2026-05-11,verified,Rocket Servicing,2026-08-16
L-101957,166460.45,13.21,forbearance,0,2026-08-26,missing,Rocket Servicing,2026-08-08
L-101958,376559.51,,delinquent_60,75,,,,2026-08-13
L-101959,410786.91,4.71,delinquent_90+,62,2026-05-02,complete,ServPro,2026-08-21
L-101960,293914.07,5.25,current,0,2026-01-23,verified,Freedom Mortgage,2026-08-06
L-101961,68809.87,4.67,delinquent_90+,75,2026-08-23,verified,Rocket Servicing,2026-08-13
L-101962,36982.83,2.83,current,0,2026-03-09,complete,First National,2026-08-12
L-101963,409598.75,12.28,delinquent_60,95,2026-07-02,complete,Apex Loan Servicing,2026-08-01
L-101964,87122.35,14.28,delinquent_90+,120,2026-08-18,pending,Freedom Mortgage,2026-08-03
L-101965,452340.07,7.83,current,0,2026-05-15,pending,ServPro,2026-08-26
L-101966,351962.26,13.53,current,0,,pending,,2026-08-17
L-101967,284652.55,7.13,,,,complete,,2026-08-15
L-101968,467508.88,10.13,delinquent_60,62,2026-03-10,pending,First National,2026-08-22
L-101969,361809.81,8.54,delinquent_60,62,2026-05-02,complete,ServPro,2026-08-09
L-101970,179527.94,10.33,delinquent_60,120,2026-03-28,pending,First National,2026-08-04
L-101971,260201.78,11.68,,0,,verified,Apex Loan Servicing,2026-08-24
L-101972,45311.72,7.76,delinquent_90+,45,2026-04-22,missing,Freedom Mortgage,2026-08-16
L-101973,85615.08,3.37,delinquent_90+,62,2026-01-21,,,2026-08-18
L-101974,188641.18,9.78,delinquent_90+,45,2026-01-09,missing,Freedom Mortgage,2026-08-02
L-101975,469958.91,6.40,forbearance,0,2026-03-09,pending,Rocket Servicing,2026-08-08
L-101976,10612.27,12.79,current,0,2026-02-23,verified,ServPro,2026-08-16
L-101977,249239.58,3.30,delinquent_90+,62,2026-03-09,missing,Rocket Servicing,2026-08-22
L-101978,129285.06,7.63,forbearance,0,2026-04-27,missing,First National,2026-08-16
L-101979,108285.28,10.95,forbearance,0,2026-02-01,missing,Freedom Mortgage,2026-08-21
L-101980,74864.69,7.98,forbearance,0,2026-05-28,verified,Apex Loan Servicing,2026-08-19
L-101981,474381.70,8.83,delinquent_30,120,2026-01-10,missing,ServPro,2026-08-19
L-101982,402817.46,3.76,delinquent_90+,120,2026-03-09,verified,Freedom Mortgage,2026-08-02
L-101983,414377.75,14.34,forbearance,0,2026-07-23,missing,Freedom Mortgage,2026-08-09
L-101984,82298.67,5.33,,0,2026-02-05,,First National,2026-08-21
L-101985,242485.36,7.20,delinquent_30,95,2026-04-06,complete,Apex Loan Servicing,2026-08-18
L-101986,84697.04,3.95,current,0,2026-01-06,pending,Freedom Mortgage,2026-08-01
L-101987,304905.07,7.13,delinquent_90+,75,2026-02-02,complete,Apex Loan Servicing,2026-08-27
L-101988,270101.50,12.12,delinquent_90+,120,2026-07-04,complete,Apex Loan Servicing,2026-08-03
L-101989,94941.64,7.10,current,0,2026-05-02,pending,Apex Loan Servicing,2026-08-10
L-101990,313690.93,10.19,current,0,2026-01-26,verified,Rocket Servicing,2026-08-14
L-101991,369056.32,9.10,delinquent_30,45,2026-06-10,verified,Apex Loan Servicing,2026-08-11
L-101992,380300.11,2.92,delinquent_30,120,2026-01-15,verified,Freedom Mortgage,2026-08-01
L-101993,392400.67,13.82,forbearance,0,2026-07-15,complete,Rocket Servicing,2026-08-01
L-101994,26886.67,7.69,delinquent_90+,75,2026-05-03,complete,First National,2026-08-21
L-101995,181210.02,12.91,current,0,2026-04-10,complete,ServPro,2026-08-18
L-101996,194441.06,12.32,forbearance,0,2026-05-25,verified,First National,2026-08-17
L-101997,179460.02,9.24,delinquent_30,75,2026-07-18,pending,Rocket Servicing,2026-08-18
L-101998,223078.83,,current,0,,,,2026-08-17
L-101999,477628.09,,delinquent_90+,95,2026-02-12,,,2026-08-01
L-102000,285896.91,4.67,delinquent_90+,31,2026-08-13,complete,Apex Loan Servicing,2026-08-08
L-102001,367900.24,6.80,,0,,pending,ServPro,2026-08-01
L-102002,42363.17,12.76,forbearance,0,2026-06-05,complete,ServPro,2026-08-12
L-102003,154318.43,13.99,delinquent_90+,75,2026-08-10,complete,Freedom Mortgage,2026-08-16
L-102004,401523.20,,,,2026-03-09,,First National,2026-08-20
L-102005,196336.14,4.15,delinquent_60,45,2026-03-05,verified,Rocket Servicing,2026-08-17
L-102006,218407.57,12.23,delinquent_60,120,2026-06-09,pending,First National,2026-08-27
L-102007,328482.25,6.97,current,0,2026-06-14,pending,First National,2026-08-19
L-102008,28645.99,,delinquent_90+,45,,,Rocket Servicing,2026-08-14
L-102009,69605.90,12.67,,0,,verified,Freedom Mortgage,2026-08-17
L-102010,235600.54,,forbearance,,2026-03-06,,,2026-08-23
L-102011,39431.80,,,0,2026-06-01,verified,,2026-08-03
L-102012,89550.12,9.25,current,0,2026-02-04,missing,First National,2026-08-20
L-102013,388449.60,14.27,current,0,2026-06-06,verified,First National,2026-08-24
L-102014,358337.38,5.23,delinquent_90+,31,2026-03-07,complete,First National,2026-08-15
L-102015,277651.19,6.27,current,0,2026-01-16,missing,First National,2026-08-17
L-102016,342903.84,10.89,delinquent_30,120,2026-03-26,verified,ServPro,2026-08-19
L-102017,106335.81,12.79,delinquent_60,45,2026-05-09,verified,First National,2026-08-14
L-102018,46843.12,9.99,forbearance,0,2026-03-16,pending,Rocket Servicing,2026-08-26
L-102019,106278.26,11.75,current,0,2026-01-09,missing,First National,2026-08-05
L-102020,271703.16,9.83,delinquent_30,120,2026-03-03,verified,Rocket Servicing,2026-08-07
L-102021,377243.99,11.24,delinquent_90+,62,2026-04-11,pending,ServPro,2026-08-17
L-102022,109038.96,14.25,delinquent_90+,31,2026-07-15,pending,Apex Loan Servicing,2026-08-18
L-102023,124401.19,6.09,forbearance,0,2026-04-18,missing,Freedom Mortgage,2026-08-11
L-102024,186746.91,14.28,delinquent_60,75,2026-03-18,complete,Rocket Servicing,2026-08-11
L-102025,172408.63,13.62,current,0,2026-07-12,verified,Apex Loan Servicing,2026-08-11
L-102026,193606.30,4.97,delinquent_30,120,2026-01-20,complete,Apex Loan Servicing,2026-08-11
L-102027,159162.41,3.01,delinquent_60,120,2026-01-22,complete,Freedom Mortgage,2026-08-04
L-102028,478471.17,8.05,forbearance,0,2026-07-04,complete,Freedom Mortgage,2026-08-11
L-102029,339475.81,7.84,delinquent_90+,31,2026-03-06,complete,ServPro,2026-08-23
L-102030,441704.20,6.28,delinquent_60,120,2026-02-22,pending,First National,2026-08-03
L-102031,91564.42,13.31,forbearance,0,2026-06-28,complete,First National,2026-08-06
L-102032,365784.61,10.90,current,0,2026-02-11,complete,Rocket Servicing,2026-08-07
L-102033,446988.17,13.38,delinquent_60,120,2026-05-15,missing,First National,2026-08-15
L-102034,225255.41,,,0,,complete,Rocket Servicing,2026-08-23
L-102035,325183.92,10.23,delinquent_30,120,2026-02-02,complete,ServPro,2026-08-10
L-102036,300469.33,14.14,current,0,2026-04-23,complete,First National,2026-08-09
L-102037,450401.65,13.04,delinquent_90+,31,2026-05-03,complete,Apex Loan Servicing,2026-08-10
L-102038,437182.21,13.96,delinquent_60,95,2026-03-18,missing,Rocket Servicing,2026-08-25
L-102039,436918.72,10.73,delinquent_60,45,2026-01-12,verified,First National,2026-08-02
L-102040,208524.75,9.33,forbearance,0,2026-01-21,complete,ServPro,2026-08-19
L-102041,396517.71,3.21,forbearance,0,2026-07-23,verified,ServPro,2026-08-09
L-102042,97076.57,5.40,delinquent_90+,95,2026-05-23,pending,Freedom Mortgage,2026-08-22
L-102043,150709.46,10.89,delinquent_60,45,2026-01-01,verified,ServPro,2026-08-15
L-102044,407831.47,4.39,delinquent_60,31,2026-04-06,missing,First National,2026-08-03
L-102045,473049.90,6.26,delinquent_30,75,2026-03-10,complete,ServPro,2026-08-18
L-102046,151164.75,,,0,2026-02-03,,,2026-08-01
L-102047,20175.44,2.98,delinquent_90+,120,2026-01-12,pending,First National,2026-08-21
L-102048,261981.59,13.46,forbearance,0,2026-05-08,complete,Freedom Mortgage,2026-08-04
L-102049,363262.62,5.14,delinquent_30,95,2026-01-10,missing,ServPro,2026-08-11
L-102050,269329.69,14.28,delinquent_90+,62,2026-03-03,pending,Apex Loan Servicing,2026-08-24
L-102051,206161.42,4.51,current,0,2026-04-27,pending,ServPro,2026-08-22
L-102052,90110.95,2.60,delinquent_30,75,2026-06-12,pending,First National,2026-08-09
L-102053,225099.47,2.80,forbearance,0,2026-03-01,verified,First National,2026-08-03
L-102054,404880.52,5.21,forbearance,0,2026-01-06,pending,ServPro,2026-08-23
L-102055,52012.96,12.04,delinquent_30,31,2026-06-17,complete,Apex Loan Servicing,2026-08-19
L-102056,348324.96,10.74,forbearance,0,2026-02-14,complete,First National,2026-08-17
L-102057,259377.01,6.49,forbearance,0,2026-02-24,missing,Apex Loan Servicing,2026-08-24
L-102058,467085.73,4.51,current,0,2026-07-18,complete,First National,2026-08-25
L-102059,166342.95,5.34,forbearance,0,2026-04-03,verified,Apex Loan Servicing,2026-08-05
L-102060,281395.12,13.29,forbearance,0,2026-05-11,missing,First National,2026-08-22
L-102061,297144.91,4.52,delinquent_90+,45,2026-01-02,pending,Apex Loan Servicing,2026-08-07
L-102062,302004.23,12.56,delinquent_30,45,2026-03-02,missing,First National,2026-08-09
L-102063,413620.78,11.47,,0,2026-02-14,,,2026-08-12
L-102064,342506.59,10.91,delinquent_30,120,2026-01-05,complete,Freedom Mortgage,2026-08-02
L-102065,213480.68,,,0,2026-06-28,,,2026-08-05
L-102066,54036.82,6.98,delinquent_30,31,2026-03-17,complete,ServPro,2026-08-11
L-102067,198400.05,7.25,current,0,2026-01-12,pending,ServPro,2026-08-15
L-102068,193994.74,9.51,forbearance,0,2026-04-05,complete,First National,2026-08-21
L-102069,415964.83,,,0,,complete,,2026-08-06
L-102070,458998.66,5.12,current,0,2026-05-08,missing,First National,2026-08-20
L-102071,82046.12,9.31,delinquent_30,31,2026-07-16,complete,Apex Loan Servicing,2026-08-02
L-102072,269660.52,6.92,delinquent_90+,75,2026-08-25,complete,ServPro,2026-08-08
L-102073,446684.24,3.51,forbearance,0,2026-07-12,missing,First National,2026-08-10
L-102074,374931.39,11.90,delinquent_60,120,2026-01-15,verified,ServPro,2026-08-07
L-102075,292213.10,4.76,delinquent_30,95,2026-07-12,complete,Rocket Servicing,2026-08-21
L-102076,84455.54,4.78,delinquent_30,75,2026-03-14,complete,First National,2026-08-10
L-102077,126470.05,11.93,delinquent_30,120,2026-06-21,missing,Rocket Servicing,2026-08-22
L-102078,455843.18,,forbearance,,2026-02-24,,,2026-08-20
L-102079,75071.48,5.38,delinquent_60,120,2026-02-22,verified,Rocket Servicing,2026-08-08
L-102080,467701.45,4.74,,,2026-06-22,complete,,2026-08-12
L-102081,111833.60,5.63,delinquent_30,31,2026-04-03,complete,Rocket Servicing,2026-08-22
L-102082,197692.20,6.99,delinquent_60,62,2026-08-25,verified,Apex Loan Servicing,2026-08-22
L-102083,452802.17,13.49,delinquent_60,,,pending,,2026-08-12
L-102084,212378.42,9.27,delinquent_60,75,2026-07-24,verified,First National,2026-08-14
L-102085,180721.07,,,0,2026-01-19,missing,,2026-08-27
L-102086,440605.89,6.18,current,0,2026-06-06,verified,Apex Loan Servicing,2026-08-05
L-102087,451476.91,9.41,delinquent_90+,62,2026-08-06,complete,Freedom Mortgage,2026-08-01
L-102088,470897.77,4.14,delinquent_60,120,2026-02-09,pending,ServPro,2026-08-04
L-102089,140809.73,14.47,delinquent_60,120,2026-04-08,pending,ServPro,2026-08-27
L-102090,370901.95,13.13,delinquent_30,120,2026-01-15,verified,Freedom Mortgage,2026-08-22
L-102091,395427.03,,,0,2026-03-05,,,2026-08-04
L-102092,392431.60,7.86,forbearance,0,2026-05-11,pending,Freedom Mortgage,2026-08-12
L-102093,356084.08,4.61,forbearance,0,2026-08-09,missing,ServPro,2026-08-02
L-102094,434845.21,14.08,current,0,2026-07-26,missing,Freedom Mortgage,2026-08-08
L-102095,67727.02,7.66,delinquent_60,75,2026-04-07,verified,First National,2026-08-04
L-102096,303917.40,,delinquent_60,45,2026-08-18,complete,,2026-08-01
L-102097,179556.63,10.29,current,0,2026-01-01,pending,ServPro,2026-08-22
L-102098,224979.48,,delinquent_30,,2026-02-14,complete,Apex Loan Servicing,2026-08-10
L-102099,303084.60,,,0,,complete,,2026-08-16
L-102100,436505.73,4.88,delinquent_30,75,2026-06-12,pending,Apex Loan Servicing,2026-08-25
L-102101,435579.99,2.82,delinquent_30,95,2026-08-26,pending,Rocket Servicing,2026-08-05
L-102102,464021.10,6.73,delinquent_30,45,2026-03-06,pending,ServPro,2026-08-08
L-102103,95299.45,8.77,forbearance,0,2026-03-01,missing,Rocket Servicing,2026-08-16
L-102104,398445.12,11.88,delinquent_30,62,2026-04-05,pending,ServPro,2026-08-14
L-102105,94032.84,2.92,delinquent_90+,31,2026-01-18,verified,First National,2026-08-17
L-102106,379258.29,3.95,forbearance,0,2026-03-27,pending,ServPro,2026-08-02
L-102107,271104.82,4.37,current,0,2026-06-21,pending,Apex Loan Servicing,2026-08-22
L-102108,340391.32,14.06,delinquent_90+,120,2026-07-23,missing,Apex Loan Servicing,2026-08-09
L-102109,232276.28,6.39,delinquent_60,45,2026-03-07,pending,Freedom Mortgage,2026-08-05
L-102110,441830.26,8.60,current,0,2026-05-09,pending,Rocket Servicing,2026-08-18
L-102111,412580.56,9.29,delinquent_30,45,2026-06-13,complete,ServPro,2026-08-06
L-102112,298517.90,14.42,delinquent_30,62,2026-01-13,pending,ServPro,2026-08-26
L-102113,381666.83,,,0,2026-05-04,,,2026-08-27
L-102114,456144.50,11.77,,,2026-06-05,complete,,2026-08-22
L-102115,398381.67,4.59,current,0,2026-05-22,verified,Freedom Mortgage,2026-08-19
L-102116,178553.13,3.26,delinquent_60,75,2026-01-12,missing,Rocket Servicing,2026-08-19
L-102117,41809.25,10.01,current,0,2026-06-03,verified,Rocket Servicing,2026-08-03
L-102118,324784.46,6.46,delinquent_60,31,2026-02-19,verified,Apex Loan Servicing,2026-08-07
L-102119,219158.16,8.46,delinquent_30,31,2026-08-26,complete,Freedom Mortgage,2026-08-01
L-102120,314713.76,,,0,2026-02-05,,First National,2026-08-05
L-102121,451880.36,9.36,delinquent_90+,95,2026-07-15,verified,ServPro,2026-08-02
L-102122,253529.43,5.09,delinquent_30,75,2026-08-16,pending,First National,2026-08-26
L-102123,370983.34,4.08,delinquent_90+,120,2026-01-15,missing,Apex Loan Servicing,2026-08-17
L-102124,230698.30,9.04,delinquent_60,45,2026-04-21,missing,Freedom Mortgage,2026-08-04
L-102125,304233.51,7.09,delinquent_60,45,2026-01-17,missing,Freedom Mortgage,2026-08-08
L-102126,172187.10,,,0,2026-01-25,missing,ServPro,2026-08-26
L-102127,476763.98,9.26,delinquent_90+,62,2026-08-01,complete,First National,2026-08-05
L-102128,271599.64,7.25,delinquent_60,95,2026-07-16,verified,Rocket Servicing,2026-08-19
L-102129,218815.99,6.21,current,0,2026-07-27,pending,ServPro,2026-08-12
L-102130,475538.66,5.58,delinquent_60,31,2026-01-14,pending,Rocket Servicing,2026-08-11
L-102131,228373.39,2.95,delinquent_90+,62,2026-07-20,pending,ServPro,2026-08-15
L-102132,334992.71,9.29,delinquent_60,45,2026-07-08,missing,Freedom Mortgage,2026-08-02
L-102133,346532.53,4.65,delinquent_60,31,2026-03-17,pending,ServPro,2026-08-14
L-102134,207619.07,5.32,current,0,2026-06-20,missing,Apex Loan Servicing,2026-08-20
L-102135,404235.60,11.66,forbearance,0,2026-07-12,missing,ServPro,2026-08-22
L-102136,146805.12,6.46,delinquent_60,62,2026-04-10,missing,First National,2026-08-26
L-102137,295693.69,7.25,forbearance,0,2026-04-25,pending,Rocket Servicing,2026-08-09
L-102138,140417.22,9.40,delinquent_60,75,2026-05-01,pending,Freedom Mortgage,2026-08-08
L-102139,393346.90,7.54,forbearance,0,2026-08-24,pending,Apex Loan Servicing,2026-08-22
L-102140,424110.00,9.49,delinquent_60,31,2026-04-06,complete,First National,2026-08-25
L-102141,66317.16,10.80,current,0,2026-08-25,complete,ServPro,2026-08-11
L-102142,409522.19,6.67,delinquent_60,120,2026-07-12,missing,ServPro,2026-08-26
L-102143,413093.17,4.01,delinquent_30,31,2026-01-10,missing,Apex Loan Servicing,2026-08-14
L-102144,186213.19,3.27,forbearance,0,2026-04-19,complete,First National,2026-08-05
L-102145,420454.76,3.78,current,0,2026-04-24,verified,Rocket Servicing,2026-08-13
L-102146,256163.38,9.64,delinquent_30,62,2026-06-21,verified,First National,2026-08-18
L-102147,466154.87,3.45,forbearance,0,2026-04-03,missing,Rocket Servicing,2026-08-18
L-102148,45204.98,5.17,forbearance,,,missing,,2026-08-02
L-102149,145896.12,4.70,delinquent_90+,45,2026-03-02,pending,Freedom Mortgage,2026-08-10
L-102150,91978.01,7.38,current,0,2026-01-10,pending,ServPro,2026-08-23
L-102151,244606.48,10.82,delinquent_90+,95,2026-01-02,missing,Freedom Mortgage,2026-08-19
L-102152,186178.82,9.49,current,0,2026-03-26,complete,ServPro,2026-08-15
L-102153,35595.36,5.66,current,0,2026-05-07,missing,First National,2026-08-05
L-102154,294513.43,,,0,2026-05-14,,ServPro,2026-08-11
L-102155,252149.13,4.34,,0,2026-04-01,,,2026-08-05
L-102156,109243.30,9.38,current,0,2026-04-07,complete,Freedom Mortgage,2026-08-01
L-102157,208193.73,,delinquent_90+,62,,,First National,2026-08-15
L-102158,72447.36,8.24,forbearance,0,2026-06-25,missing,Freedom Mortgage,2026-08-24
L-102159,370551.68,6.94,current,0,2026-02-06,pending,Apex Loan Servicing,2026-08-18
L-102160,86047.98,2.85,delinquent_60,120,2026-03-02,pending,Apex Loan Servicing,2026-08-10
L-102161,454610.31,12.09,current,0,2026-02-15,pending,Freedom Mortgage,2026-08-22
L-102162,144020.19,13.07,current,0,2026-08-27,verified,Rocket Servicing,2026-08-22
L-102163,224720.73,11.81,current,0,2026-08-21,verified,Rocket Servicing,2026-08-27
L-102164,91866.45,5.66,delinquent_90+,62,2026-04-18,,,2026-08-15
L-102165,35442.28,4.37,,,,complete,,2026-08-26
L-102166,376422.03,6.62,delinquent_90+,95,2026-05-23,missing,Apex Loan Servicing,2026-08-24
L-102167,454898.30,8.33,delinquent_30,75,2026-02-26,pending,First National,2026-08-05
L-102168,388487.65,3.93,delinquent_90+,95,2026-01-08,missing,Apex Loan Servicing,2026-08-14
L-102169,28748.39,13.50,current,0,2026-08-28,complete,ServPro,2026-08-10
L-102170,384020.43,13.69,forbearance,0,2026-03-12,complete,Apex Loan Servicing,2026-08-20
L-102171,334861.34,4.64,delinquent_60,120,2026-02-16,complete,Freedom Mortgage,2026-08-06
L-102172,220841.67,4.46,,,,missing,Rocket Servicing,2026-08-05
L-102173,128819.71,13.05,,,,verified,Freedom Mortgage,2026-08-07
L-102174,5716.17,8.97,delinquent_30,45,2026-05-10,missing,ServPro,2026-08-27
L-102175,387108.76,8.72,forbearance,0,2026-06-01,missing,ServPro,2026-08-01
L-102176,328888.73,10.70,forbearance,0,2026-06-03,missing,Freedom Mortgage,2026-08-26
L-102177,301359.17,13.35,delinquent_90+,75,2026-04-06,missing,ServPro,2026-08-08
L-102178,81008.54,6.80,delinquent_30,,,complete,,2026-08-14
L-102179,445537.06,9.01,delinquent_30,95,2026-03-01,missing,Apex Loan Servicing,2026-08-24
L-102180,458648.87,,delinquent_90+,,2026-04-02,pending,,2026-08-19
L-102181,364789.15,10.91,delinquent_90+,45,2026-07-08,verified,Freedom Mortgage,2026-08-21
L-102182,397667.37,11.17,delinquent_30,31,2026-07-13,complete,Rocket Servicing,2026-08-22
L-102183,348829.40,,delinquent_30,,2026-01-02,,,2026-08-09
L-102184,409542.14,5.19,delinquent_30,31,2026-02-06,pending,First National,2026-08-27
L-102185,438055.85,3.85,delinquent_60,,2026-03-28,verified,,2026-08-18
L-102186,242264.18,7.32,current,0,2026-02-25,complete,Apex Loan Servicing,2026-08-11
L-102187,402656.54,,,,,complete,First National,2026-08-26
L-102188,275758.20,8.53,delinquent_90+,75,2026-08-08,missing,Apex Loan Servicing,2026-08-11
L-102189,460887.29,10.15,delinquent_60,75,2026-05-25,complete,Apex Loan Servicing,2026-08-14
L-102190,108412.97,10.40,current,0,2026-03-23,verified,Freedom Mortgage,2026-08-06
L-102191,257651.33,6.17,current,0,2026-01-10,pending,Apex Loan Servicing,2026-08-09
L-102192,58564.75,11.29,forbearance,0,2026-02-03,verified,Apex Loan Servicing,2026-08-15
L-102193,255251.83,10.32,forbearance,,2026-04-04,,,2026-08-24
L-102194,32081.20,13.00,delinquent_90+,75,2026-01-24,pending,First National,2026-08-02
L-102195,6828.20,11.48,forbearance,0,2026-06-07,verified,Freedom Mortgage,2026-08-04
L-102196,160152.79,4.65,delinquent_30,95,2026-04-18,complete,Rocket Servicing,2026-08-18
L-102197,444329.80,12.61,forbearance,0,2026-03-22,complete,First National,2026-08-15
L-102198,336315.58,4.47,delinquent_90+,75,2026-04-28,pending,Freedom Mortgage,2026-08-18
L-102199,103234.33,12.96,forbearance,0,2026-07-22,pending,Freedom Mortgage,2026-08-27
L-102200,432560.94,3.50,delinquent_60,120,2026-02-21,verified,Freedom Mortgage,2026-08-13
L-102201,122720.28,9.13,current,0,2026-01-03,pending,Freedom Mortgage,2026-08-22
L-102202,79504.36,13.30,forbearance,0,2026-03-04,pending,Rocket Servicing,2026-08-06
L-102203,290041.15,12.77,forbearance,0,2026-08-11,complete,ServPro,2026-08-16
L-102204,50111.66,3.02,delinquent_60,95,2026-03-01,complete,Rocket Servicing,2026-08-08
L-102205,300055.71,8.11,delinquent_90+,75,2026-02-15,complete,Rocket Servicing,2026-08-19
L-102206,410283.68,10.22,forbearance,0,2026-05-12,verified,Freedom Mortgage,2026-08-24
L-102207,475570.98,12.36,delinquent_30,120,2026-07-13,missing,ServPro,2026-08-18
L-102208,86137.09,12.94,forbearance,0,2026-02-05,missing,ServPro,2026-08-07
L-102209,245934.16,9.29,delinquent_30,62,2026-06-08,missing,ServPro,2026-08-21
L-102210,367898.23,11.36,delinquent_30,95,2026-01-15,missing,ServPro,2026-08-05
L-102211,200702.72,9.58,delinquent_60,31,2026-08-19,verified,ServPro,2026-08-01
L-102212,267791.75,9.64,delinquent_60,120,2026-08-09,missing,Apex Loan Servicing,2026-08-19
L-102213,385941.76,,,0,2026-05-04,,ServPro,2026-08-15
L-102214,281224.36,12.20,,,2026-02-13,,Rocket Servicing,2026-08-25
L-102215,18278.33,5.98,current,0,2026-03-22,verified,First National,2026-08-11
L-102216,61177.10,13.15,current,0,2026-03-13,pending,ServPro,2026-08-02
L-102217,142692.04,9.72,current,0,2026-01-27,pending,Rocket Servicing,2026-08-18
L-102218,175320.40,3.75,delinquent_30,31,2026-04-28,complete,Rocket Servicing,2026-08-16
L-102219,392031.67,9.11,forbearance,0,2026-08-09,complete,Apex Loan Servicing,2026-08-12
L-102220,416109.51,2.67,delinquent_90+,62,2026-01-02,complete,Freedom Mortgage,2026-08-02
L-102221,347096.83,11.62,delinquent_90+,31,2026-06-21,pending,First National,2026-08-12
L-102222,51118.42,5.63,forbearance,0,2026-04-27,verified,Apex Loan Servicing,2026-08-22
L-102223,475500.53,7.68,forbearance,0,2026-01-17,verified,First National,2026-08-21
L-102224,427063.91,7.47,current,0,2026-01-04,pending,ServPro,2026-08-12
L-102225,465241.25,4.08,forbearance,,2026-01-13,verified,,2026-08-09
L-102226,458478.77,9.20,delinquent_90+,62,2026-03-10,complete,ServPro,2026-08-05
L-102227,64871.86,6.38,delinquent_60,95,2026-07-28,verified,Freedom Mortgage,2026-08-11
L-102228,369856.24,4.71,delinquent_30,31,2026-01-11,pending,Freedom Mortgage,2026-08-21
L-102229,145075.23,12.02,delinquent_60,75,2026-05-16,verified,Rocket Servicing,2026-08-18
L-102230,159972.35,3.66,,,2026-04-18,,Freedom Mortgage,2026-08-11
L-102231,398727.25,14.13,delinquent_60,62,2026-06-07,complete,Freedom Mortgage,2026-08-23
L-102232,31769.39,11.39,delinquent_90+,45,2026-03-03,complete,ServPro,2026-08-08
L-102233,309043.94,10.10,delinquent_90+,75,2026-03-14,missing,Apex Loan Servicing,2026-08-21
L-102234,122030.87,6.66,delinquent_60,120,2026-06-18,missing,Freedom Mortgage,2026-08-06
L-102235,150005.07,10.68,delinquent_60,45,2026-06-04,verified,First National,2026-08-17
L-102236,179915.61,3.51,current,0,2026-01-11,complete,Apex Loan Servicing,2026-08-21
L-102237,178907.70,3.61,delinquent_90+,75,2026-05-09,verified,Freedom Mortgage,2026-08-25
L-102238,352605.07,12.74,delinquent_60,,,complete,ServPro,2026-08-04
L-102239,147633.12,12.17,forbearance,0,2026-08-07,missing,Rocket Servicing,2026-08-20
L-102240,64285.59,,,0,,pending,ServPro,2026-08-03
L-102241,37607.64,4.91,forbearance,0,2026-03-14,complete,Apex Loan Servicing,2026-08-16
L-102242,427571.61,12.25,forbearance,0,2026-02-12,pending,ServPro,2026-08-18
L-102243,9580.27,12.43,delinquent_90+,45,2026-06-22,complete,Rocket Servicing,2026-08-06
L-102244,160532.87,5.22,forbearance,,,,,2026-08-02
L-102245,240867.91,3.79,delinquent_90+,120,2026-08-07,missing,Rocket Servicing,2026-08-13
L-102246,215279.21,7.05,delinquent_30,95,2026-07-19,complete,Rocket Servicing,2026-08-08
L-102247,303824.87,7.66,,,2026-06-02,,Apex Loan Servicing,2026-08-19
L-102248,380390.89,10.77,current,0,2026-01-18,missing,ServPro,2026-08-08
L-102249,257363.56,5.31,delinquent_60,45,2026-02-23,complete,Apex Loan Servicing,2026-08-20
L-102250,252981.93,13.36,delinquent_30,120,2026-05-13,missing,Apex Loan Servicing,2026-08-25
L-102251,299145.26,13.77,forbearance,0,2026-08-19,missing,ServPro,2026-08-06
L-102252,421499.81,12.39,delinquent_90+,62,2026-06-25,pending,Apex Loan Servicing,2026-08-24
L-102253,318658.25,4.65,current,0,2026-08-24,verified,Apex Loan Servicing,2026-08-20
L-102254,304820.04,3.39,delinquent_30,62,2026-04-21,verified,First National,2026-08-15
L-102255,444833.30,9.47,delinquent_60,62,2026-06-26,complete,Rocket Servicing,2026-08-26
L-102256,366260.98,4.42,delinquent_90+,95,2026-02-03,pending,Freedom Mortgage,2026-08-21
L-102257,294633.44,6.60,delinquent_90+,95,2026-02-25,complete,Apex Loan Servicing,2026-08-08
L-102258,401288.77,3.46,delinquent_60,95,2026-01-27,complete,Apex Loan Servicing,2026-08-22
L-102259,463883.68,11.14,delinquent_30,31,2026-08-15,complete,Rocket Servicing,2026-08-11
L-102260,379926.35,3.57,,0,,,Rocket Servicing,2026-08-24
L-102261,361657.54,11.55,delinquent_90+,120,2026-01-25,missing,Freedom Mortgage,2026-08-05
L-102262,14488.22,11.43,current,0,2026-04-26,complete,First National,2026-08-08
L-102263,258003.17,12.73,delinquent_90+,62,2026-03-21,missing,Rocket Servicing,2026-08-04
L-102264,160842.80,,forbearance,0,2026-02-28,,,2026-08-17
L-102265,25290.34,6.43,delinquent_30,62,2026-04-23,verified,Freedom Mortgage,2026-08-13
L-102266,439630.99,10.87,forbearance,0,2026-08-07,verified,ServPro,2026-08-05
L-102267,119947.38,8.62,forbearance,0,2026-07-19,pending,Freedom Mortgage,2026-08-12
L-102268,339549.39,10.02,forbearance,0,2026-06-28,verified,First National,2026-08-12
L-102269,143651.92,10.49,current,0,2026-06-28,verified,ServPro,2026-08-08
L-102270,274847.41,6.78,current,0,2026-02-13,missing,Freedom Mortgage,2026-08-13
L-102271,296386.05,10.42,forbearance,0,2026-04-16,verified,Freedom Mortgage,2026-08-15
L-102272,252589.01,9.63,delinquent_90+,75,2026-01-11,pending,Rocket Servicing,2026-08-06
L-102273,126071.52,3.32,delinquent_90+,31,2026-01-04,verified,Rocket Servicing,2026-08-21
L-102274,164012.00,12.97,delinquent_60,75,2026-05-02,missing,First National,2026-08-02
L-102275,8929.47,,,0,,,Freedom Mortgage,2026-08-16
L-102276,205554.82,13.70,forbearance,0,2026-02-09,missing,Rocket Servicing,2026-08-15
L-102277,26329.21,5.26,delinquent_60,45,2026-01-19,verified,Apex Loan Servicing,2026-08-26
L-102278,128560.67,11.57,forbearance,0,2026-01-19,pending,Freedom Mortgage,2026-08-17
L-102279,412643.21,13.76,forbearance,0,2026-08-25,missing,Rocket Servicing,2026-08-25
L-102280,58145.77,10.98,delinquent_60,95,2026-08-05,verified,First National,2026-08-15
L-102281,460931.38,,current,0,,complete,ServPro,2026-08-27
L-102282,133719.83,11.15,current,0,2026-04-10,pending,Apex Loan Servicing,2026-08-17
L-102283,433044.28,8.59,delinquent_30,95,2026-08-15,missing,Apex Loan Servicing,2026-08-08
L-102284,106863.30,5.91,delinquent_90+,75,2026-01-27,missing,First National,2026-08-08
L-102285,292395.35,9.97,current,0,2026-06-07,verified,First National,2026-08-06
L-102286,193051.55,6.68,delinquent_30,31,2026-05-03,pending,Freedom Mortgage,2026-08-03
L-102287,348976.56,6.77,delinquent_90+,45,2026-01-09,missing,First National,2026-08-01
L-102288,119094.06,10.77,delinquent_60,31,2026-04-06,missing,Rocket Servicing,2026-08-25
L-102289,40759.59,9.96,forbearance,0,2026-05-04,pending,Freedom Mortgage,2026-08-25
L-102290,190142.93,,delinquent_60,95,,,ServPro,2026-08-07
L-102291,93123.03,,current,,,missing,Freedom Mortgage,2026-08-06
L-102292,56244.09,12.44,current,0,2026-01-07,missing,ServPro,2026-08-17
L-102293,331582.58,5.08,delinquent_90+,31,2026-03-18,verified,ServPro,2026-08-23
L-102294,31643.01,13.66,current,0,2026-01-20,missing,Freedom Mortgage,2026-08-13
L-102295,201699.67,4.13,forbearance,0,2026-06-07,verified,Apex Loan Servicing,2026-08-19
L-102296,163430.72,8.21,delinquent_60,31,2026-01-04,verified,Freedom Mortgage,2026-08-05
L-102297,463706.00,2.81,delinquent_90+,45,2026-08-03,pending,First National,2026-08-21
L-102298,81117.66,3.81,forbearance,0,2026-07-19,complete,Apex Loan Servicing,2026-08-16
L-102299,316165.84,8.45,delinquent_30,31,2026-01-26,missing,Rocket Servicing,2026-08-23
L-102300,358153.72,12.01,delinquent_90+,31,2026-03-18,complete,ServPro,2026-08-27
L-102301,411993.56,5.44,current,0,2026-03-27,pending,Rocket Servicing,2026-08-10
L-102302,67578.70,6.83,current,0,2026-07-01,pending,Rocket Servicing,2026-08-06
L-102303,320551.50,,,,2026-01-19,missing,,2026-08-10
L-102304,216886.86,12.61,delinquent_30,75,2026-01-07,pending,ServPro,2026-08-21
L-102305,155007.98,5.20,delinquent_30,75,2026-07-03,verified,Apex Loan Servicing,2026-08-27
L-102306,269665.90,14.15,delinquent_30,62,2026-06-27,missing,Apex Loan Servicing,2026-08-18
L-102307,186575.84,4.08,current,0,2026-02-11,complete,Freedom Mortgage,2026-08-26
L-102308,423400.05,14.42,delinquent_60,120,2026-07-09,verified,Apex Loan Servicing,2026-08-14
L-102309,436442.94,8.66,delinquent_90+,45,2026-04-15,verified,First National,2026-08-01
L-102310,132886.28,7.97,current,0,2026-04-15,complete,Apex Loan Servicing,2026-08-04
L-102311,238080.46,9.94,forbearance,0,2026-03-03,verified,Rocket Servicing,2026-08-02
L-102312,159866.79,11.21,forbearance,0,2026-04-13,pending,Freedom Mortgage,2026-08-26
L-102313,456527.37,8.55,,,,,First National,2026-08-08
L-102314,255697.43,6.32,delinquent_90+,45,2026-03-23,complete,Freedom Mortgage,2026-08-03
L-102315,99668.38,11.22,delinquent_30,31,2026-06-11,complete,Freedom Mortgage,2026-08-25
L-102316,184029.10,,delinquent_60,120,2026-07-15,pending,,2026-08-19
L-102317,384202.58,8.69,forbearance,0,2026-02-04,missing,First National,2026-08-13
L-102318,239874.26,12.70,delinquent_90+,95,2026-03-27,pending,Freedom Mortgage,2026-08-22
L-102319,357528.17,9.48,forbearance,0,2026-08-24,complete,ServPro,2026-08-01
L-102320,353201.25,6.10,current,0,2026-07-16,missing,ServPro,2026-08-08
L-102321,61401.83,9.66,forbearance,0,2026-05-22,pending,Freedom Mortgage,2026-08-14
L-102322,319522.58,13.94,current,0,2026-02-17,complete,Rocket Servicing,2026-08-03
L-102323,180455.51,5.61,forbearance,0,2026-03-25,missing,Freedom Mortgage,2026-08-01
L-102324,158872.42,,delinquent_30,62,2026-07-14,,,2026-08-01
L-102325,183154.36,9.40,forbearance,0,2026-05-10,missing,ServPro,2026-08-14
L-102326,345154.17,3.65,forbearance,0,2026-03-09,complete,Freedom Mortgage,2026-08-23
L-102327,437368.67,10.76,delinquent_30,45,2026-04-17,verified,Apex Loan Servicing,2026-08-25
L-102328,257167.26,8.51,,0,,complete,ServPro,2026-08-09
L-102329,434796.39,8.11,delinquent_60,120,2026-04-14,missing,Freedom Mortgage,2026-08-08
L-102330,220856.05,2.60,current,0,2026-03-20,complete,Apex Loan Servicing,2026-08-05
L-102331,162707.39,9.09,delinquent_90+,31,2026-03-26,missing,Rocket Servicing,2026-08-19
L-102332,109055.05,13.21,current,0,2026-01-02,verified,Apex Loan Servicing,2026-08-06
L-102333,120093.90,,delinquent_30,75,2026-02-01,,,2026-08-03
L-102334,359177.86,4.61,delinquent_30,95,2026-07-03,missing,First National,2026-08-05
L-102335,159423.59,13.86,delinquent_60,31,2026-08-24,verified,ServPro,2026-08-25
L-102336,371654.34,11.27,delinquent_60,62,2026-07-24,complete,Rocket Servicing,2026-08-21
L-102337,409761.86,6.10,current,0,,complete,,2026-08-20
L-102338,171118.11,6.89,delinquent_30,120,2026-05-16,pending,Rocket Servicing,2026-08-08
L-102339,44460.22,14.49,forbearance,0,2026-03-06,missing,First National,2026-08-24
L-102340,397373.83,10.52,delinquent_30,75,2026-08-01,verified,ServPro,2026-08-23
L-102341,449100.02,13.68,delinquent_90+,45,2026-03-09,complete,Apex Loan Servicing,2026-08-15
L-102342,199165.64,9.05,forbearance,0,2026-05-26,missing,ServPro,2026-08-15
L-102343,319635.94,9.44,delinquent_30,62,2026-01-02,verified,First National,2026-08-26
L-102344,242784.31,8.30,delinquent_60,45,2026-03-08,missing,Rocket Servicing,2026-08-26
L-102345,363102.51,9.07,current,,,pending,First National,2026-08-11
L-102346,210591.23,5.53,delinquent_60,45,2026-06-09,pending,First National,2026-08-13
L-102347,136295.83,5.90,current,0,2026-02-04,verified,Freedom Mortgage,2026-08-18
L-102348,257318.30,8.06,current,0,2026-07-08,missing,Freedom Mortgage,2026-08-11
L-102349,379753.63,8.51,forbearance,0,2026-03-24,complete,Apex Loan Servicing,2026-08-17
L-102350,416431.39,,current,0,,,Rocket Servicing,2026-08-04
L-102351,476657.57,4.68,delinquent_30,62,2026-05-07,missing,First National,2026-08-26
L-102352,122388.91,2.85,delinquent_90+,31,2026-05-20,verified,First National,2026-08-27
L-102353,240918.85,3.71,forbearance,0,2026-07-02,complete,Freedom Mortgage,2026-08-06
L-102354,450720.24,3.76,delinquent_90+,95,2026-01-03,complete,Rocket Servicing,2026-08-02
L-102355,240781.44,,,0,2026-02-19,verified,,2026-08-25
L-102356,202096.92,11.87,current,0,2026-07-05,missing,Apex Loan Servicing,2026-08-25
L-102357,347835.31,5.60,forbearance,0,2026-05-28,verified,Apex Loan Servicing,2026-08-11
L-102358,442600.64,10.04,current,0,2026-04-15,missing,Freedom Mortgage,2026-08-11
L-102359,340430.18,2.77,delinquent_30,95,2026-08-17,complete,ServPro,2026-08-05
L-102360,289403.54,3.17,delinquent_30,75,2026-02-14,complete,ServPro,2026-08-01
L-102361,248193.21,11.85,delinquent_90+,45,2026-03-07,verified,Rocket Servicing,2026-08-16
L-102362,62291.87,4.88,delinquent_60,45,2026-01-15,verified,Apex Loan Servicing,2026-08-04
L-102363,8312.70,12.08,forbearance,0,2026-01-22,missing,Rocket Servicing,2026-08-15
L-102364,242738.12,2.68,delinquent_60,120,2026-05-07,pending,Freedom Mortgage,2026-08-13
L-102365,82077.90,12.39,delinquent_90+,95,2026-01-26,verified,Apex Loan Servicing,2026-08-22
L-102366,266955.87,12.66,delinquent_60,75,2026-08-01,verified,ServPro,2026-08-22
L-102367,36489.28,9.94,current,0,2026-04-19,missing,Freedom Mortgage,2026-08-03
L-102368,354504.94,12.56,delinquent_60,45,2026-07-03,complete,ServPro,2026-08-01
L-102369,79356.85,,delinquent_30,,2026-02-20,,Apex Loan Servicing,2026-08-08
L-102370,142065.24,12.76,forbearance,0,2026-02-08,complete,First National,2026-08-10
L-102371,355830.35,9.71,current,0,2026-01-11,pending,First National,2026-08-05
L-102372,382239.26,7.02,delinquent_60,120,2026-07-23,missing,ServPro,2026-08-23
L-102373,6491.63,2.70,,,,complete,,2026-08-25
L-102374,394624.87,9.52,,,,verified,First National,2026-08-11
L-102375,267109.53,6.35,current,0,2026-03-18,complete,ServPro,2026-08-16
L-102376,51778.26,5.31,delinquent_60,95,2026-08-17,complete,Rocket Servicing,2026-08-12
L-102377,353817.20,,current,0,,pending,,2026-08-10
L-102378,211687.55,11.36,delinquent_60,62,2026-07-25,verified,ServPro,2026-08-05
L-102379,187530.19,3.72,delinquent_90+,45,2026-01-27,verified,First National,2026-08-12
L-102380,34070.68,3.67,,0,,,,2026-08-11
L-102381,113428.68,2.69,delinquent_30,75,2026-05-27,complete,Rocket Servicing,2026-08-17
L-102382,340196.97,10.56,delinquent_90+,31,2026-03-19,pending,Rocket Servicing,2026-08-09
L-102383,192352.94,8.84,delinquent_30,75,2026-03-18,missing,First National,2026-08-15
L-102384,124069.04,2.62,delinquent_90+,120,2026-04-05,verified,First National,2026-08-27
L-102385,452962.59,5.00,forbearance,0,2026-07-16,verified,Freedom Mortgage,2026-08-12
L-102386,108496.85,8.85,forbearance,0,2026-08-20,complete,ServPro,2026-08-22
L-102387,383732.27,8.70,forbearance,0,2026-07-19,pending,Freedom Mortgage,2026-08-02
L-102388,375581.75,11.83,delinquent_60,31,2026-06-26,complete,Apex Loan Servicing,2026-08-27
L-102389,73775.37,4.90,delinquent_90+,120,2026-02-11,verified,ServPro,2026-08-09
L-102390,154278.54,10.68,delinquent_60,75,2026-08-02,verified,Apex Loan Servicing,2026-08-20
L-102391,242410.44,6.57,delinquent_60,45,2026-07-28,complete,Apex Loan Servicing,2026-08-23
L-102392,119589.03,11.88,delinquent_60,45,2026-03-16,pending,ServPro,2026-08-24
L-102393,221334.79,4.97,current,0,2026-03-06,pending,ServPro,2026-08-04
L-102394,205893.83,8.08,delinquent_60,120,2026-08-14,complete,ServPro,2026-08-04
L-102395,267431.41,9.90,forbearance,0,2026-06-04,missing,Rocket Servicing,2026-08-27
L-102396,115527.25,7.00,current,0,2026-07-19,complete,Freedom Mortgage,2026-08-19
L-102397,90106.32,2.86,delinquent_30,120,2026-07-19,complete,First National,2026-08-09
L-102398,264524.41,,current,,,verified,ServPro,2026-08-25
L-102399,10120.65,14.47,delinquent_90+,45,2026-08-25,complete,Rocket Servicing,2026-08-22
L-102400,111341.46,5.00,delinquent_90+,75,2026-03-09,missing,ServPro,2026-08-19
L-102401,460003.79,4.42,delinquent_60,75,2026-07-08,complete,Apex Loan Servicing,2026-08-08
L-102402,291720.99,13.66,delinquent_60,31,2026-03-12,missing,First National,2026-08-23
L-102403,111811.51,8.04,delinquent_30,75,2026-03-18,complete,Freedom Mortgage,2026-08-19
L-102404,399461.46,6.68,current,0,2026-05-25,verified,First National,2026-08-05
L-102405,219967.19,10.25,delinquent_30,75,2026-03-18,missing,Rocket Servicing,2026-08-07
L-102406,130768.12,11.49,forbearance,0,2026-06-01,verified,First National,2026-08-17
L-102407,211553.30,12.29,delinquent_90+,120,2026-08-12,verified,First National,2026-08-06
L-102408,371532.43,11.08,current,0,2026-03-20,complete,Freedom Mortgage,2026-08-06
L-102409,373899.02,13.83,delinquent_30,95,2026-01-09,missing,Apex Loan Servicing,2026-08-19
L-102410,282771.25,4.58,delinquent_30,62,2026-04-08,pending,Freedom Mortgage,2026-08-01
L-102411,121222.29,3.31,delinquent_30,62,2026-06-12,complete,First National,2026-08-20
L-102412,112464.99,6.55,delinquent_60,120,2026-01-08,verified,Apex Loan Servicing,2026-08-17
L-102413,389054.63,5.92,delinquent_30,95,2026-04-25,pending,Freedom Mortgage,2026-08-06
L-102414,67824.78,12.24,,0,,complete,Rocket Servicing,2026-08-19
L-102415,260723.76,10.24,current,0,2026-03-27,missing,Rocket Servicing,2026-08-03
L-102416,436144.92,,forbearance,,,,Apex Loan Servicing,2026-08-20
L-102417,240796.16,,,0,2026-04-03,verified,ServPro,2026-08-10
L-102418,136981.21,3.29,current,0,2026-07-06,missing,First National,2026-08-19
L-102419,90885.45,,delinquent_90+,,2026-02-23,,Freedom Mortgage,2026-08-04
L-102420,115256.59,7.31,delinquent_90+,62,2026-08-11,pending,Apex Loan Servicing,2026-08-21
L-102421,124640.40,3.73,delinquent_30,120,2026-01-20,verified,First National,2026-08-15
L-102422,113570.10,2.55,forbearance,0,2026-03-22,missing,Rocket Servicing,2026-08-05
L-102423,333264.54,,,0,2026-06-12,complete,Rocket Servicing,2026-08-04
L-102424,404625.20,,,0,2026-08-16,,,2026-08-19
L-102425,71337.34,8.09,delinquent_30,62,2026-05-28,pending,Freedom Mortgage,2026-08-03
L-102426,117226.82,12.32,delinquent_60,120,2026-02-19,pending,First National,2026-08-10
L-102427,234473.70,3.00,delinquent_90+,120,2026-07-27,pending,Freedom Mortgage,2026-08-08
L-102428,284733.06,14.33,delinquent_90+,62,2026-02-12,complete,Freedom Mortgage,2026-08-11
L-102429,262878.31,5.98,delinquent_90+,62,2026-01-17,missing,Apex Loan Servicing,2026-08-26
L-102430,354239.42,8.86,forbearance,0,2026-03-25,missing,ServPro,2026-08-23
L-102431,69113.45,11.96,current,0,2026-05-13,verified,Freedom Mortgage,2026-08-22
L-102432,84933.83,6.16,delinquent_30,120,2026-06-24,missing,First National,2026-08-26
L-102433,85167.18,4.41,delinquent_30,62,2026-01-25,complete,Apex Loan Servicing,2026-08-06
L-102434,383011.85,13.71,delinquent_90+,45,2026-05-15,pending,Apex Loan Servicing,2026-08-14
L-102435,85525.35,,,0,2026-03-08,,Rocket Servicing,2026-08-03
L-102436,316184.02,,,0,,,ServPro,2026-08-06
L-102437,215607.41,4.11,delinquent_90+,31,2026-05-27,missing,First National,2026-08-19
L-102438,97247.52,3.30,delinquent_60,120,2026-01-01,pending,Apex Loan Servicing,2026-08-03
L-102439,146492.35,9.40,delinquent_30,62,2026-04-18,pending,Freedom Mortgage,2026-08-06
L-102440,46250.66,9.60,delinquent_90+,31,2026-01-14,complete,Apex Loan Servicing,2026-08-05
L-102441,318061.02,6.34,delinquent_60,75,2026-02-22,verified,First National,2026-08-16
L-102442,418396.49,7.19,delinquent_30,120,2026-06-01,complete,Apex Loan Servicing,2026-08-11
L-102443,216229.12,7.61,,,2026-03-28,pending,First National,2026-08-07
L-102444,425878.05,11.94,current,0,2026-01-21,missing,Rocket Servicing,2026-08-23
L-102445,141660.08,4.15,delinquent_30,120,2026-02-13,missing,Rocket Servicing,2026-08-27
L-102446,98398.01,4.64,delinquent_90+,120,2026-07-17,missing,ServPro,2026-08-14
L-102447,362224.63,7.56,delinquent_30,62,2026-05-06,complete,Rocket Servicing,2026-08-14
L-102448,229856.20,12.80,current,0,2026-08-01,complete,ServPro,2026-08-20
L-102449,94673.18,6.10,delinquent_30,31,2026-03-10,pending,ServPro,2026-08-10
L-102450,169041.47,,,0,,missing,Freedom Mortgage,2026-08-17
L-102451,276984.76,7.88,current,0,2026-03-12,missing,Apex Loan Servicing,2026-08-12
L-102452,184787.65,11.63,delinquent_90+,95,2026-01-09,verified,Freedom Mortgage,2026-08-07
L-102453,353622.55,5.69,current,0,2026-01-20,missing,Freedom Mortgage,2026-08-17
L-102454,302265.19,6.26,delinquent_60,45,2026-02-13,missing,Freedom Mortgage,2026-08-11
L-102455,291617.80,12.52,current,0,2026-04-16,complete,Rocket Servicing,2026-08-22
L-102456,149744.23,12.66,delinquent_90+,120,2026-02-10,pending,ServPro,2026-08-17
L-102457,253211.39,5.81,delinquent_90+,31,2026-07-24,verified,First National,2026-08-18
L-102458,405539.64,14.06,delinquent_60,75,2026-05-14,verified,Freedom Mortgage,2026-08-22
L-102459,363633.72,7.35,current,0,2026-06-22,missing,First National,2026-08-17
L-102460,250826.37,9.81,current,0,2026-01-05,verified,ServPro,2026-08-23
L-102461,24479.61,,delinquent_90+,120,2026-07-01,,Rocket Servicing,2026-08-08
L-102462,362626.91,7.64,delinquent_60,31,2026-04-23,pending,ServPro,2026-08-09
L-102463,286266.56,5.45,current,0,2026-07-16,verified,Freedom Mortgage,2026-08-01
L-102464,228726.52,12.00,current,0,2026-03-06,pending,ServPro,2026-08-14
L-102465,230803.07,9.40,delinquent_60,31,2026-01-25,verified,Apex Loan Servicing,2026-08-21
L-102466,161320.99,8.53,delinquent_60,120,2026-01-13,verified,Freedom Mortgage,2026-08-19
L-102467,149722.97,12.26,forbearance,0,2026-08-13,complete,Rocket Servicing,2026-08-26
L-102468,158260.10,2.76,delinquent_60,95,2026-03-05,complete,ServPro,2026-08-02
L-102469,19126.28,,delinquent_90+,,,pending,,2026-08-06
L-102470,367204.89,7.33,delinquent_30,95,2026-01-16,pending,Apex Loan Servicing,2026-08-19
L-102471,78111.27,,,0,,,Rocket Servicing,2026-08-25
L-102472,439349.56,,current,0,,verified,Rocket Servicing,2026-08-20
L-102473,,11.12,,,2026-04-03,,Freedom Mortgage,2026-08-11
L-102474,475044.37,9.72,current,0,2026-02-10,missing,Apex Loan Servicing,2026-08-20
L-102475,218579.55,14.43,forbearance,0,2026-03-03,missing,Apex Loan Servicing,2026-08-15
L-102476,133988.33,9.24,,,2026-05-22,,Freedom Mortgage,2026-08-26
L-102477,243449.02,12.96,current,0,2026-08-24,complete,ServPro,2026-08-16
L-102478,188523.20,7.02,delinquent_60,120,2026-04-22,complete,Rocket Servicing,2026-08-21
L-102479,415256.29,11.60,current,0,2026-02-13,missing,Apex Loan Servicing,2026-08-24
L-102480,433094.94,10.35,current,0,2026-06-01,pending,ServPro,2026-08-25
L-102481,19766.72,13.74,delinquent_30,75,2026-05-02,verified,First National,2026-08-07
L-102482,19936.60,10.19,current,0,2026-08-06,verified,Freedom Mortgage,2026-08-17
L-102483,405162.47,6.41,,,2026-01-22,,First National,2026-08-15
L-102484,312251.78,10.08,current,,,,,2026-08-03
L-102485,6036.56,13.74,current,0,2026-07-28,complete,Freedom Mortgage,2026-08-26
L-102486,191158.73,2.69,current,0,2026-03-27,complete,Freedom Mortgage,2026-08-20
L-102487,205107.63,10.57,,0,2026-05-09,missing,,2026-08-07
L-102488,287559.50,10.06,delinquent_30,120,2026-05-11,verified,First National,2026-08-03
L-102489,421530.01,5.08,,,,complete,,2026-08-19
L-102490,275691.20,13.98,delinquent_90+,62,2026-04-01,pending,Apex Loan Servicing,2026-08-09
L-102491,392772.14,10.95,delinquent_30,95,2026-07-21,verified,First National,2026-08-05
L-102492,144480.89,7.01,delinquent_30,120,2026-05-02,missing,Rocket Servicing,2026-08-08
L-102493,206834.28,8.51,current,0,2026-08-26,missing,Rocket Servicing,2026-08-22
L-102494,479086.85,7.30,delinquent_60,95,2026-03-04,missing,Apex Loan Servicing,2026-08-15
L-102495,98853.12,4.03,delinquent_90+,,,,First National,2026-08-13
L-102496,225206.54,11.81,forbearance,0,2026-07-10,complete,Freedom Mortgage,2026-08-12
L-102497,274300.12,8.32,delinquent_30,45,2026-01-09,pending,Apex Loan Servicing,2026-08-17
L-102498,83748.14,7.43,forbearance,0,2026-03-01,verified,ServPro,2026-08-13
L-102499,294879.59,13.68,forbearance,0,2026-07-06,pending,Rocket Servicing,2026-08-13
L-102500,427601.58,9.71,delinquent_30,95,2026-04-07,missing,Apex Loan Servicing,2026-08-24
L-102501,466955.32,9.17,delinquent_90+,120,2026-08-15,pending,Rocket Servicing,2026-08-25
L-102502,148026.24,5.46,forbearance,0,2026-03-02,missing,Apex Loan Servicing,2026-08-27
L-102503,289758.02,4.36,,0,2026-03-13,,,2026-08-01
L-102504,359821.66,5.98,current,0,2026-08-13,pending,Apex Loan Servicing,2026-08-24
L-102505,61149.17,11.39,delinquent_30,31,2026-05-24,complete,Freedom Mortgage,2026-08-10
L-102506,228286.72,2.90,,,,,Apex Loan Servicing,2026-08-18
L-102507,160431.87,10.56,delinquent_60,45,2026-03-10,complete,Rocket Servicing,2026-08-20
L-102508,313258.15,3.17,delinquent_30,45,2026-06-27,pending,First National,2026-08-19
L-102509,476829.94,7.64,current,0,2026-05-18,verified,Freedom Mortgage,2026-08-19
L-102510,397959.67,9.04,current,0,2026-06-13,pending,First National,2026-08-03
L-102511,178135.29,10.04,current,0,2026-08-20,verified,ServPro,2026-08-04
L-102512,209541.38,6.50,delinquent_90+,45,2026-05-28,complete,Rocket Servicing,2026-08-08
L-102513,150992.97,5.59,delinquent_30,62,2026-04-03,pending,ServPro,2026-08-22
L-102514,408949.61,3.66,current,0,2026-08-16,verified,Freedom Mortgage,2026-08-21
L-102515,364845.43,,,,2026-03-02,pending,Rocket Servicing,2026-08-27
L-102516,402016.92,9.67,current,0,2026-04-17,verified,Freedom Mortgage,2026-08-07
L-102517,95191.72,11.28,delinquent_60,62,2026-05-28,verified,Rocket Servicing,2026-08-18
L-102518,375372.09,8.42,current,0,2026-08-24,verified,Freedom Mortgage,2026-08-25
L-102519,41202.76,,forbearance,0,,complete,ServPro,2026-08-21
L-102520,286717.51,9.19,delinquent_60,31,2026-08-23,pending,Freedom Mortgage,2026-08-18
L-102521,168548.75,4.81,delinquent_60,31,2026-02-18,missing,Apex Loan Servicing,2026-08-01
L-102522,42550.52,11.34,current,0,2026-06-27,verified,Rocket Servicing,2026-08-09
L-102523,299098.41,10.53,delinquent_30,95,2026-02-13,complete,ServPro,2026-08-27
L-102524,29024.75,2.64,delinquent_30,31,2026-05-11,missing,First National,2026-08-18
L-102525,343125.55,4.30,,0,2026-02-26,,Apex Loan Servicing,2026-08-01
L-102526,284569.02,7.22,delinquent_30,120,2026-01-08,missing,Apex Loan Servicing,2026-08-18
L-102527,455546.83,10.04,current,0,2026-08-18,complete,Freedom Mortgage,2026-08-13
L-102528,293838.24,6.56,delinquent_90+,62,2026-07-23,pending,Freedom Mortgage,2026-08-24
L-102529,292328.17,,,0,,,ServPro,2026-08-10
L-102530,366991.38,12.59,delinquent_90+,31,2026-08-02,,,2026-08-20
L-102531,395604.25,,delinquent_60,,2026-04-03,,,2026-08-03
L-102532,164260.74,5.81,delinquent_60,95,,complete,,2026-08-11
L-102533,316693.94,,,0,2026-01-10,verified,,2026-08-26
L-102534,474199.54,4.26,delinquent_60,45,2026-08-22,complete,ServPro,2026-08-16
L-102535,177595.27,5.84,delinquent_90+,120,2026-01-28,pending,Freedom Mortgage,2026-08-03
L-102536,35173.63,7.18,current,0,2026-06-24,pending,Apex Loan Servicing,2026-08-09
L-102537,381519.28,12.15,delinquent_90+,45,2026-07-06,pending,Rocket Servicing,2026-08-23
L-102538,183565.29,2.53,delinquent_30,31,2026-03-24,verified,First National,2026-08-24
L-102539,12810.84,6.99,forbearance,0,2026-08-01,pending,ServPro,2026-08-17
L-102540,162055.95,12.25,delinquent_90+,45,2026-01-13,verified,Freedom Mortgage,2026-08-14
L-102541,181208.17,4.05,forbearance,0,2026-02-21,verified,Rocket Servicing,2026-08-27
L-102542,387609.69,3.95,delinquent_30,95,2026-01-19,complete,Freedom Mortgage,2026-08-02
L-102543,293947.27,6.57,,,2026-04-25,verified,Rocket Servicing,2026-08-19
L-102544,288791.51,5.28,current,0,2026-03-13,complete,First National,2026-08-20
L-102545,209431.92,4.10,delinquent_90+,62,2026-08-10,missing,Rocket Servicing,2026-08-26
L-102546,269497.50,,,0,2026-05-23,,,2026-08-10
L-102547,111936.30,3.59,forbearance,0,2026-01-21,complete,Apex Loan Servicing,2026-08-20
L-102548,303893.98,8.85,delinquent_60,62,2026-06-13,verified,Freedom Mortgage,2026-08-06
L-102549,330768.66,4.29,delinquent_90+,95,2026-08-02,missing,ServPro,2026-08-13
L-102550,9980.38,7.40,delinquent_90+,45,2026-05-18,verified,First National,2026-08-15
L-102551,309164.81,11.59,delinquent_90+,31,2026-03-07,missing,First National,2026-08-12
L-102552,17907.24,6.99,delinquent_30,120,2026-01-03,verified,Freedom Mortgage,2026-08-22
L-102553,456785.65,7.58,current,0,2026-06-14,complete,Rocket Servicing,2026-08-17
L-102554,34373.23,4.05,delinquent_60,62,2026-02-07,pending,Apex Loan Servicing,2026-08-11
L-102555,274404.62,3.18,delinquent_90+,62,2026-06-07,complete,Rocket Servicing,2026-08-23
L-102556,441002.93,9.50,delinquent_60,120,2026-08-04,complete,Apex Loan Servicing,2026-08-21
L-102557,193983.32,14.07,delinquent_60,120,2026-07-19,pending,ServPro,2026-08-11
L-102558,63451.29,5.32,delinquent_60,120,2026-08-09,verified,ServPro,2026-08-18
L-102559,182771.28,8.12,delinquent_30,45,2026-08-28,verified,First National,2026-08-18
L-102560,82872.64,,forbearance,0,2026-06-14,verified,,2026-08-08
L-102561,106033.18,10.69,delinquent_30,95,2026-07-10,,,2026-08-09
L-102562,298222.97,13.56,delinquent_60,45,2026-03-27,verified,ServPro,2026-08-13
L-102563,93745.04,4.48,delinquent_90+,45,2026-03-08,missing,Freedom Mortgage,2026-08-02
L-102564,5063.17,,,0,2026-07-20,,,2026-08-07
L-102565,105898.46,6.06,current,,2026-03-20,,First National,2026-08-26
L-102566,162414.73,6.35,current,0,2026-06-27,missing,Rocket Servicing,2026-08-05
L-102567,32350.00,13.61,delinquent_60,75,2026-02-07,pending,First National,2026-08-01
L-102568,239062.49,11.96,delinquent_30,45,2026-03-06,verified,Freedom Mortgage,2026-08-05
L-102569,108713.37,13.77,delinquent_90+,120,2026-01-13,verified,Rocket Servicing,2026-08-24
L-102570,444618.72,7.82,delinquent_30,95,2026-06-02,pending,ServPro,2026-08-26
L-102571,396443.50,4.53,forbearance,0,2026-05-05,missing,First National,2026-08-24
L-102572,380765.57,6.07,current,0,2026-03-16,missing,First National,2026-08-22
L-102573,211306.20,11.88,delinquent_60,95,2026-03-14,verified,ServPro,2026-08-05
L-102574,444851.77,12.60,delinquent_90+,45,2026-01-27,complete,Freedom Mortgage,2026-08-23
L-102575,387303.87,10.45,delinquent_60,120,2026-07-26,missing,ServPro,2026-08-24
L-102576,444522.96,5.71,forbearance,0,2026-08-21,pending,First National,2026-08-17
L-102577,337016.84,9.35,delinquent_90+,120,2026-05-27,complete,Rocket Servicing,2026-08-20
L-102578,245390.90,2.91,forbearance,0,2026-06-27,missing,First National,2026-08-10
L-102579,385206.96,4.99,delinquent_90+,75,2026-05-07,pending,Freedom Mortgage,2026-08-24
L-102580,346335.49,,forbearance,,,,Apex Loan Servicing,2026-08-26
L-102581,318753.12,13.42,delinquent_60,95,2026-05-18,missing,Freedom Mortgage,2026-08-09
L-102582,339019.53,4.69,delinquent_90+,75,2026-03-05,pending,Apex Loan Servicing,2026-08-17
L-102583,241411.16,4.57,delinquent_30,62,2026-07-23,verified,Apex Loan Servicing,2026-08-23
L-102584,407441.25,11.79,forbearance,0,2026-03-05,pending,ServPro,2026-08-17
L-102585,313242.48,3.19,forbearance,0,2026-05-03,verified,Apex Loan Servicing,2026-08-02
L-102586,41591.61,11.28,delinquent_60,95,2026-06-13,missing,ServPro,2026-08-24
L-102587,289742.74,14.17,delinquent_60,75,2026-01-25,missing,Apex Loan Servicing,2026-08-14
L-102588,301177.77,9.31,delinquent_90+,45,2026-04-01,verified,Freedom Mortgage,2026-08-07
L-102589,61681.84,12.57,current,0,2026-03-14,complete,ServPro,2026-08-13
L-102590,156361.55,7.90,forbearance,,,verified,Rocket Servicing,2026-08-11
L-102591,445224.80,13.86,delinquent_60,62,2026-06-16,missing,First National,2026-08-06
L-102592,253793.08,,delinquent_60,,2026-07-26,,Apex Loan Servicing,2026-08-05
L-102593,172627.61,,delinquent_60,,2026-02-05,pending,Rocket Servicing,2026-08-10
L-102594,,12.12,,0,,,,2026-08-27
L-102595,115856.07,,delinquent_60,75,,,,2026-08-02
L-102596,220001.77,14.00,delinquent_90+,45,2026-01-20,missing,Rocket Servicing,2026-08-05
L-102597,248529.91,7.43,delinquent_30,31,2026-06-24,complete,Apex Loan Servicing,2026-08-20
L-102598,111085.95,14.30,delinquent_60,120,2026-02-07,missing,Apex Loan Servicing,2026-08-01
L-102599,210797.72,3.29,forbearance,0,2026-08-20,verified,Apex Loan Servicing,2026-08-16
L-102600,177224.81,9.81,,,2026-01-10,missing,,2026-08-02
L-102601,173120.30,11.74,delinquent_90+,62,2026-01-19,missing,ServPro,2026-08-21
L-102602,110816.71,5.51,current,0,2026-06-19,complete,Freedom Mortgage,2026-08-22
L-102603,5517.64,11.11,delinquent_60,62,2026-03-21,complete,Freedom Mortgage,2026-08-03
L-102604,256961.93,14.20,delinquent_30,62,2026-05-20,complete,ServPro,2026-08-07
L-102605,77943.31,5.23,forbearance,0,2026-08-22,verified,ServPro,2026-08-10
L-102606,223631.04,9.82,current,0,2026-05-03,verified,Rocket Servicing,2026-08-22
L-102607,80509.28,2.54,forbearance,0,2026-03-27,missing,Apex Loan Servicing,2026-08-13
L-102608,387840.93,5.82,forbearance,0,2026-07-06,pending,Freedom Mortgage,2026-08-06
L-102609,208947.38,11.34,delinquent_60,120,2026-07-23,missing,Freedom Mortgage,2026-08-15
L-102610,233268.64,13.64,delinquent_30,31,2026-08-07,complete,ServPro,2026-08-13
L-102611,256574.75,,,,2026-02-15,,Apex Loan Servicing,2026-08-17
L-102612,272485.05,7.47,forbearance,,,complete,ServPro,2026-08-05
L-102613,61547.38,10.00,,0,2026-01-05,,,2026-08-06
L-102614,367382.37,,delinquent_90+,,2026-06-27,,,2026-08-09
L-102615,344372.00,10.03,delinquent_90+,31,2026-05-26,verified,ServPro,2026-08-19
L-102616,128257.79,10.03,delinquent_90+,75,2026-08-11,missing,Freedom Mortgage,2026-08-19
L-102617,474695.64,13.04,forbearance,0,2026-01-27,verified,Freedom Mortgage,2026-08-15
L-102618,172552.62,3.28,delinquent_90+,95,2026-01-18,missing,Rocket Servicing,2026-08-17
L-102619,367000.16,10.03,delinquent_30,75,2026-04-17,missing,Apex Loan Servicing,2026-08-17
L-102620,102547.44,2.77,delinquent_30,31,2026-08-13,complete,Freedom Mortgage,2026-08-08
L-102621,328597.91,4.66,forbearance,0,2026-01-21,missing,First National,2026-08-18
L-102622,264740.83,4.36,forbearance,0,2026-07-28,complete,Apex Loan Servicing,2026-08-25
L-102623,,7.32,forbearance,0,,complete,,2026-08-04
L-102624,435012.31,5.13,delinquent_30,95,2026-03-13,pending,Freedom Mortgage,2026-08-09
L-102625,446606.05,7.74,delinquent_60,95,2026-08-02,pending,Rocket Servicing,2026-08-02
L-102626,160754.23,8.63,delinquent_90+,95,2026-04-07,missing,Rocket Servicing,2026-08-23
L-102627,385173.85,7.81,current,0,2026-03-27,pending,First National,2026-08-11
L-102628,305259.67,10.68,delinquent_60,75,2026-01-12,pending,First National,2026-08-17
L-102629,291664.45,13.03,delinquent_30,95,2026-05-23,missing,Rocket Servicing,2026-08-02
L-102630,471381.41,8.95,current,0,2026-02-10,complete,Rocket Servicing,2026-08-16
L-102631,314415.34,10.92,delinquent_30,45,2026-06-28,complete,Freedom Mortgage,2026-08-13
L-102632,215885.55,6.39,delinquent_90+,95,2026-02-24,complete,Apex Loan Servicing,2026-08-21
L-102633,419537.97,9.91,forbearance,0,2026-01-28,pending,Freedom Mortgage,2026-08-21
L-102634,387040.87,10.03,delinquent_60,75,2026-05-09,verified,ServPro,2026-08-19
L-102635,16751.37,11.64,delinquent_30,75,2026-07-10,complete,First National,2026-08-14
L-102636,365231.69,8.57,delinquent_30,,2026-02-12,,Apex Loan Servicing,2026-08-16
L-102637,340548.78,4.42,delinquent_30,120,2026-08-08,complete,Apex Loan Servicing,2026-08-13
L-102638,372661.02,5.00,current,0,2026-03-19,complete,Rocket Servicing,2026-08-18
L-102639,339979.87,6.15,delinquent_30,45,2026-04-06,missing,First National,2026-08-13
L-102640,354784.30,3.33,delinquent_60,120,2026-05-18,pending,Apex Loan Servicing,2026-08-14
L-102641,16383.85,8.10,delinquent_30,62,2026-05-26,verified,ServPro,2026-08-23
L-102642,305290.02,,delinquent_60,95,2026-05-21,complete,,2026-08-21
L-102643,356843.75,13.58,forbearance,0,2026-02-14,complete,ServPro,2026-08-01
L-102644,455444.68,13.27,current,0,2026-02-13,complete,Rocket Servicing,2026-08-04
L-102645,32822.47,9.59,forbearance,,,,Freedom Mortgage,2026-08-23
L-102646,218630.53,2.81,delinquent_30,95,2026-03-18,verified,Rocket Servicing,2026-08-22
L-102647,119647.92,4.92,current,0,2026-03-14,missing,First National,2026-08-19
L-102648,282942.70,10.98,delinquent_30,31,2026-04-14,verified,ServPro,2026-08-15
L-102649,5710.44,14.47,,0,,,,2026-08-24
L-102650,119242.40,4.59,current,0,2026-03-26,pending,Freedom Mortgage,2026-08-22
L-102651,109585.61,9.86,forbearance,0,2026-01-03,pending,ServPro,2026-08-14
L-102652,428274.06,8.36,forbearance,0,2026-01-04,verified,ServPro,2026-08-20
L-102653,105362.16,6.15,delinquent_90+,31,2026-05-10,complete,Apex Loan Servicing,2026-08-06
L-102654,171469.38,8.00,delinquent_90+,62,2026-07-10,pending,ServPro,2026-08-27
L-102655,306010.20,5.46,delinquent_30,75,2026-04-03,missing,ServPro,2026-08-20
L-102656,365018.46,10.17,delinquent_90+,120,2026-08-13,missing,First National,2026-08-10
L-102657,17504.76,13.63,forbearance,0,2026-06-01,pending,Rocket Servicing,2026-08-11
L-102658,90769.77,5.00,delinquent_60,62,2026-05-18,verified,ServPro,2026-08-05
L-102659,113629.56,2.51,delinquent_90+,45,2026-04-03,missing,Rocket Servicing,2026-08-09
L-102660,355995.13,3.50,delinquent_90+,62,2026-04-05,missing,First National,2026-08-04
L-102661,106486.72,4.11,current,,,,,2026-08-10
L-102662,29589.57,5.43,delinquent_90+,120,2026-07-14,complete,Apex Loan Servicing,2026-08-07
L-102663,182638.57,3.12,current,0,2026-08-08,complete,Rocket Servicing,2026-08-07
L-102664,159171.93,13.76,delinquent_60,45,2026-07-16,verified,Freedom Mortgage,2026-08-21
L-102665,297191.24,8.33,forbearance,0,2026-02-18,verified,First National,2026-08-02
L-102666,254140.12,7.58,delinquent_30,62,2026-08-27,complete,ServPro,2026-08-21
L-102667,402979.97,4.21,delinquent_90+,95,2026-04-08,complete,Rocket Servicing,2026-08-09
L-102668,97737.90,,,0,,,Freedom Mortgage,2026-08-17
L-102669,164239.30,10.26,delinquent_60,120,2026-01-22,missing,Freedom Mortgage,2026-08-06
L-102670,17971.54,,delinquent_90+,,2026-08-02,complete,Rocket Servicing,2026-08-03
L-102671,413460.23,,,0,2026-07-08,,,2026-08-07
L-102672,251670.72,4.04,delinquent_30,62,2026-01-02,missing,Freedom Mortgage,2026-08-19
L-102673,18077.37,,,,2026-01-28,complete,,2026-08-04
L-102674,126612.34,6.18,delinquent_30,95,2026-02-07,pending,Freedom Mortgage,2026-08-12
L-102675,288909.81,,,0,2026-06-27,,ServPro,2026-08-22
L-102676,194870.71,11.77,,,2026-05-20,verified,ServPro,2026-08-26
L-102677,122570.68,8.64,delinquent_90+,45,2026-05-06,complete,Apex Loan Servicing,2026-08-12
L-102678,307412.26,8.18,delinquent_30,62,2026-06-06,verified,Freedom Mortgage,2026-08-12
L-102679,372838.59,6.52,delinquent_30,75,2026-07-12,missing,Apex Loan Servicing,2026-08-03
L-102680,247676.08,9.94,,,2026-07-14,missing,,2026-08-04
L-102681,336535.37,4.41,,0,,verified,,2026-08-25
L-102682,133627.59,11.68,delinquent_90+,120,2026-06-22,pending,Rocket Servicing,2026-08-07
L-102683,336902.50,10.90,delinquent_90+,45,2026-06-24,pending,Freedom Mortgage,2026-08-10
L-102684,230540.01,4.38,,0,,,,2026-08-15
L-102685,336475.02,7.52,delinquent_30,120,2026-04-11,missing,Freedom Mortgage,2026-08-22
L-102686,17413.75,,current,,,,ServPro,2026-08-24
L-102687,145616.67,8.14,delinquent_30,95,2026-02-14,complete,Rocket Servicing,2026-08-08
L-102688,242544.21,3.72,forbearance,0,2026-04-23,verified,First National,2026-08-01
L-102689,228976.92,4.49,,0,,complete,,2026-08-04
L-102690,188633.81,,delinquent_60,,,pending,,2026-08-04
L-102691,286272.80,6.07,delinquent_90+,,,verified,Freedom Mortgage,2026-08-11
L-102692,403206.10,11.48,delinquent_30,75,2026-05-12,verified,Freedom Mortgage,2026-08-27
L-102693,282912.69,12.18,,0,,missing,First National,2026-08-07
L-102694,277012.28,8.57,current,0,2026-02-06,verified,ServPro,2026-08-23
L-102695,324311.59,,delinquent_90+,120,,,Apex Loan Servicing,2026-08-08
L-102696,,,delinquent_90+,31,2026-03-12,,Apex Loan Servicing,2026-08-01
L-102697,112550.17,5.46,forbearance,0,2026-05-24,complete,First National,2026-08-07
L-102698,316975.94,4.96,,0,,,Rocket Servicing,2026-08-18
L-102699,138687.25,12.41,forbearance,0,2026-05-03,complete,First National,2026-08-14
L-102700,107842.31,3.39,delinquent_60,95,2026-02-04,verified,First National,2026-08-10
L-102701,342429.18,10.46,current,0,2026-01-02,missing,Freedom Mortgage,2026-08-02
L-102702,479644.60,,,0,,complete,,2026-08-20
L-102703,122062.71,4.23,delinquent_30,62,2026-06-10,missing,Freedom Mortgage,2026-08-02
L-102704,232076.30,,current,0,,verified,Apex Loan Servicing,2026-08-04
L-102705,51968.97,,,0,,,First National,2026-08-26
L-102706,101557.13,4.12,current,0,2026-05-28,complete,Freedom Mortgage,2026-08-10
L-102707,322778.28,2.55,forbearance,0,2026-02-10,complete,First National,2026-08-05
L-102708,223203.87,10.08,delinquent_60,45,2026-08-23,complete,Apex Loan Servicing,2026-08-07
L-102709,231307.51,8.62,delinquent_90+,75,2026-05-28,verified,Freedom Mortgage,2026-08-20
L-102710,376667.27,14.07,current,0,2026-08-10,complete,ServPro,2026-08-04
L-102711,85426.65,10.20,current,0,2026-06-10,complete,First National,2026-08-23
L-102712,320143.24,,,,2026-03-13,complete,ServPro,2026-08-18
L-102713,316594.32,11.38,,,2026-02-01,pending,,2026-08-21
L-102714,236115.43,12.20,delinquent_90+,95,2026-05-17,missing,ServPro,2026-08-13
L-102715,245674.70,14.28,forbearance,0,2026-04-02,complete,Rocket Servicing,2026-08-04
L-102716,303617.34,11.27,delinquent_90+,75,2026-06-22,verified,Freedom Mortgage,2026-08-12
L-102717,244811.24,13.14,delinquent_30,75,2026-02-15,pending,ServPro,2026-08-13
L-102718,420133.26,,delinquent_90+,,,complete,,2026-08-22
L-102719,458967.41,14.49,delinquent_60,31,2026-04-01,verified,Apex Loan Servicing,2026-08-21
L-102720,90515.49,2.99,forbearance,0,2026-08-25,complete,First National,2026-08-01
L-102721,470721.11,7.44,forbearance,0,2026-01-22,missing,First National,2026-08-16
L-102722,96282.64,,current,0,,complete,Rocket Servicing,2026-08-26
L-102723,71503.32,4.21,delinquent_30,45,2026-03-18,pending,Rocket Servicing,2026-08-01
L-102724,228745.17,12.90,forbearance,0,2026-04-12,missing,First National,2026-08-01
L-102725,292536.29,3.89,delinquent_60,31,2026-02-08,,,2026-08-12
L-102726,397370.27,13.85,delinquent_60,45,2026-06-25,verified,Freedom Mortgage,2026-08-06
L-102727,257040.99,4.08,current,0,2026-07-10,complete,Rocket Servicing,2026-08-16
L-102728,24444.06,11.61,forbearance,0,2026-04-01,pending,Apex Loan Servicing,2026-08-01
L-102729,16271.58,6.10,forbearance,0,2026-05-28,missing,Freedom Mortgage,2026-08-10
L-102730,268943.33,11.61,forbearance,0,2026-02-21,missing,Rocket Servicing,2026-08-16
L-102731,141722.59,13.11,delinquent_30,95,2026-01-06,complete,Apex Loan Servicing,2026-08-22
L-102732,294865.50,2.77,delinquent_30,62,2026-08-18,complete,Freedom Mortgage,2026-08-15
L-102733,372226.73,10.51,current,0,2026-04-27,verified,Rocket Servicing,2026-08-08
L-102734,196186.29,9.41,delinquent_60,62,2026-06-12,verified,Rocket Servicing,2026-08-19
L-102735,336489.55,2.75,delinquent_60,45,2026-01-27,verified,Apex Loan Servicing,2026-08-14
L-102736,28198.50,6.08,delinquent_30,95,2026-07-01,verified,First National,2026-08-24
L-102737,194559.77,8.02,delinquent_30,75,2026-05-12,verified,First National,2026-08-03
L-102738,37828.26,,,0,,complete,Freedom Mortgage,2026-08-12
L-102739,348370.83,9.89,delinquent_30,,2026-07-10,,Rocket Servicing,2026-08-10
L-102740,402747.77,12.82,delinquent_30,62,2026-01-18,missing,Freedom Mortgage,2026-08-08
L-102741,432953.21,4.59,delinquent_60,95,2026-01-25,complete,Rocket Servicing,2026-08-03
L-102742,64859.04,3.83,delinquent_60,62,2026-04-28,verified,Apex Loan Servicing,2026-08-04
L-102743,165567.37,8.00,forbearance,0,2026-01-13,pending,ServPro,2026-08-19
L-102744,12099.50,5.83,delinquent_60,75,2026-01-08,pending,Freedom Mortgage,2026-08-22
L-102745,447185.80,12.68,delinquent_60,,2026-03-17,,,2026-08-13
L-102746,434790.00,,,0,,complete,ServPro,2026-08-06
L-102747,262247.70,4.38,delinquent_30,45,2026-01-10,complete,ServPro,2026-08-15
L-102748,434956.95,6.81,delinquent_30,95,2026-03-13,verified,Apex Loan Servicing,2026-08-07
L-102749,475495.93,2.56,delinquent_30,45,2026-06-25,complete,Freedom Mortgage,2026-08-04
L-102750,283525.48,8.50,delinquent_60,95,2026-06-01,pending,Freedom Mortgage,2026-08-02
L-102751,323926.60,3.08,forbearance,0,2026-04-21,pending,Freedom Mortgage,2026-08-12
L-102752,237469.29,8.35,forbearance,0,2026-01-01,complete,First National,2026-08-06
L-102753,312814.76,7.66,delinquent_90+,45,2026-03-27,missing,ServPro,2026-08-23
L-102754,138367.16,8.41,forbearance,0,2026-06-12,missing,First National,2026-08-24
L-102755,478812.93,12.24,delinquent_30,45,2026-01-10,missing,Freedom Mortgage,2026-08-05
L-102756,44350.80,7.12,delinquent_90+,75,2026-02-10,missing,ServPro,2026-08-10
L-102757,141771.43,5.44,current,0,2026-02-20,missing,Rocket Servicing,2026-08-07
L-102758,337167.31,3.75,current,0,2026-08-16,verified,ServPro,2026-08-23
L-102759,32746.32,4.62,delinquent_90+,120,2026-07-03,pending,First National,2026-08-26
L-102760,268042.80,12.36,delinquent_60,75,2026-01-14,complete,Apex Loan Servicing,2026-08-02
L-102761,302380.20,,delinquent_90+,31,2026-07-21,verified,,2026-08-21
L-102762,164267.33,4.13,delinquent_30,120,2026-08-04,missing,Apex Loan Servicing,2026-08-05
L-102763,438017.05,12.32,forbearance,0,2026-05-21,missing,ServPro,2026-08-08
L-102764,399334.59,4.33,delinquent_60,45,2026-01-02,complete,Freedom Mortgage,2026-08-15
L-102765,121687.62,11.53,forbearance,0,2026-03-28,pending,First National,2026-08-07
L-102766,104128.59,14.15,forbearance,,,,Rocket Servicing,2026-08-04
L-102767,268028.50,12.12,delinquent_90+,75,2026-06-19,complete,Rocket Servicing,2026-08-07
L-102768,71243.99,3.63,delinquent_60,120,2026-01-27,verified,Rocket Servicing,2026-08-06
L-102769,191636.69,4.71,delinquent_90+,45,2026-06-03,pending,ServPro,2026-08-06
L-102770,155063.27,6.65,delinquent_30,75,2026-06-22,verified,Rocket Servicing,2026-08-25
L-102771,227899.29,7.43,forbearance,0,2026-08-17,missing,Apex Loan Servicing,2026-08-14
L-102772,15298.11,7.38,delinquent_30,,2026-06-01,,,2026-08-14
L-102773,466079.97,7.53,delinquent_90+,95,2026-06-28,complete,Freedom Mortgage,2026-08-27
L-102774,416524.81,11.69,delinquent_90+,75,2026-08-06,pending,Rocket Servicing,2026-08-23
L-102775,278375.81,11.83,delinquent_60,120,2026-05-28,pending,First National,2026-08-05
L-102776,417621.35,10.38,current,0,2026-03-05,pending,Rocket Servicing,2026-08-16
L-102777,472383.85,10.77,current,0,2026-05-12,verified,Apex Loan Servicing,2026-08-15
L-102778,70046.66,3.89,forbearance,0,2026-05-23,complete,ServPro,2026-08-01
L-102779,268862.77,,,0,2026-03-25,,,2026-08-08
L-102780,133119.94,,,,2026-02-23,verified,,2026-08-16
L-102781,351675.83,2.64,delinquent_30,75,2026-04-22,pending,Apex Loan Servicing,2026-08-14
L-102782,397084.63,,,0,2026-01-27,complete,Apex Loan Servicing,2026-08-10
L-102783,132500.34,7.15,delinquent_60,95,2026-04-07,pending,ServPro,2026-08-15
L-102784,185987.19,13.86,forbearance,0,2026-03-23,verified,ServPro,2026-08-24
L-102785,45752.14,4.98,current,0,2026-06-21,missing,Apex Loan Servicing,2026-08-10
L-102786,421436.34,9.69,current,0,2026-06-14,missing,Apex Loan Servicing,2026-08-23
L-102787,59019.20,4.75,delinquent_60,95,2026-06-25,complete,Apex Loan Servicing,2026-08-07
L-102788,396813.33,14.13,current,0,2026-02-04,missing,Rocket Servicing,2026-08-13
L-102789,308077.25,13.30,current,0,2026-01-07,complete,Rocket Servicing,2026-08-09
L-102790,106449.02,5.40,delinquent_60,75,2026-07-17,missing,First National,2026-08-22
L-102791,253159.32,10.35,delinquent_60,95,2026-04-16,missing,ServPro,2026-08-11
L-102792,28720.87,3.00,current,0,2026-02-13,missing,ServPro,2026-08-10
L-102793,236352.68,12.29,forbearance,0,2026-05-02,complete,Apex Loan Servicing,2026-08-02
L-102794,255379.76,,forbearance,0,,pending,,2026-08-16
L-102795,212067.44,3.78,forbearance,0,2026-07-14,verified,First National,2026-08-03
L-102796,228260.84,12.48,delinquent_90+,62,2026-04-22,pending,Freedom Mortgage,2026-08-14
L-102797,126402.12,11.13,current,0,2026-06-18,pending,Rocket Servicing,2026-08-07
L-102798,36812.58,6.67,delinquent_60,75,2026-03-18,missing,Freedom Mortgage,2026-08-12
L-102799,474009.72,9.44,forbearance,0,2026-03-10,pending,ServPro,2026-08-13
L-102800,49775.56,13.37,delinquent_90+,62,2026-01-03,missing,Apex Loan Servicing,2026-08-27
L-102801,103808.31,12.28,delinquent_30,31,,,,2026-08-05
L-102802,166961.88,4.39,delinquent_90+,45,2026-08-25,verified,ServPro,2026-08-19
L-102803,312490.77,5.56,current,0,2026-06-26,complete,Freedom Mortgage,2026-08-11
L-102804,7098.63,,forbearance,,,verified,,2026-08-27
L-102805,64404.28,11.16,current,0,2026-08-25,,,2026-08-27
L-102806,359775.35,11.57,,0,,,,2026-08-04
L-102807,243099.77,4.18,delinquent_30,120,2026-08-21,verified,Freedom Mortgage,2026-08-01
L-102808,34202.30,7.81,current,0,2026-03-03,complete,Freedom Mortgage,2026-08-23
L-102809,71885.84,6.04,delinquent_60,75,2026-04-22,complete,Rocket Servicing,2026-08-24
L-102810,408163.99,10.80,delinquent_90+,75,2026-02-25,verified,First National,2026-08-22
L-102811,304675.99,3.80,delinquent_60,120,2026-07-12,verified,ServPro,2026-08-25
L-102812,145597.92,9.79,delinquent_90+,95,2026-04-07,missing,Rocket Servicing,2026-08-01
L-102813,222974.19,4.33,delinquent_60,45,2026-07-22,missing,Freedom Mortgage,2026-08-25
L-102814,127727.04,,,,2026-01-15,complete,,2026-08-12
L-102815,232164.36,5.42,current,0,2026-02-11,verified,Apex Loan Servicing,2026-08-04
L-102816,9233.85,2.95,current,0,2026-01-03,verified,Freedom Mortgage,2026-08-14
L-102817,68911.40,6.68,forbearance,0,2026-04-22,missing,ServPro,2026-08-11
L-102818,415170.60,13.52,delinquent_30,45,2026-06-10,pending,Rocket Servicing,2026-08-16
L-102819,290058.43,3.79,forbearance,0,2026-07-16,complete,Rocket Servicing,2026-08-13
L-102820,119030.95,4.37,,0,,,,2026-08-07
L-102821,251262.65,8.44,delinquent_30,120,2026-07-14,missing,Freedom Mortgage,2026-08-25
L-102822,260894.87,5.67,forbearance,0,2026-03-24,verified,Freedom Mortgage,2026-08-10
L-102823,321606.36,10.77,delinquent_30,31,2026-07-22,complete,First National,2026-08-10
L-102824,13297.31,3.53,current,0,2026-06-09,pending,Freedom Mortgage,2026-08-16
L-102825,195306.09,10.32,current,0,2026-04-08,missing,ServPro,2026-08-21
L-102826,186159.98,11.05,delinquent_30,31,2026-02-02,complete,First National,2026-08-19
L-102827,451743.40,9.56,current,0,2026-08-17,complete,First National,2026-08-26
L-102828,257554.89,3.04,forbearance,0,2026-04-11,missing,First National,2026-08-11
L-102829,453079.44,11.57,forbearance,0,2026-01-20,pending,First National,2026-08-09
L-102830,305844.68,7.51,current,0,2026-04-25,verified,ServPro,2026-08-06
L-102831,310281.17,8.64,current,0,2026-03-05,verified,Apex Loan Servicing,2026-08-03
L-102832,472467.49,11.63,delinquent_60,75,2026-05-25,verified,First National,2026-08-12
L-102833,109636.79,14.42,current,0,2026-01-12,pending,Freedom Mortgage,2026-08-01
L-102834,210508.94,13.66,forbearance,0,2026-08-20,missing,Freedom Mortgage,2026-08-04
L-102835,474031.83,11.46,delinquent_30,120,2026-07-20,pending,ServPro,2026-08-14
L-102836,174089.67,2.85,current,0,2026-07-26,verified,ServPro,2026-08-16
L-102837,51689.47,8.44,delinquent_90+,45,2026-04-14,pending,ServPro,2026-08-18
L-102838,320780.63,6.79,current,0,2026-07-25,pending,ServPro,2026-08-13
L-102839,215830.28,12.47,,0,,complete,Apex Loan Servicing,2026-08-23
L-102840,217584.48,7.26,delinquent_90+,62,2026-03-06,complete,ServPro,2026-08-10
L-102841,119872.81,6.32,forbearance,0,2026-02-05,missing,Rocket Servicing,2026-08-20
L-102842,225805.26,7.71,forbearance,0,2026-08-13,missing,First National,2026-08-18
L-102843,438264.10,6.93,forbearance,0,2026-01-11,complete,First National,2026-08-23
L-102844,143181.68,11.78,current,0,2026-07-11,verified,Apex Loan Servicing,2026-08-19
L-102845,414911.81,12.91,,0,2026-06-26,,First National,2026-08-18
L-102846,43132.43,3.87,delinquent_60,95,2026-07-02,complete,Rocket Servicing,2026-08-25
L-102847,427271.97,4.70,delinquent_60,95,2026-03-17,verified,Apex Loan Servicing,2026-08-27
L-102848,224951.38,3.10,delinquent_30,120,2026-01-25,pending,Apex Loan Servicing,2026-08-07
L-102849,135737.60,13.03,delinquent_60,120,2026-01-03,verified,First National,2026-08-16
L-102850,465293.61,7.32,forbearance,0,2026-06-05,pending,Freedom Mortgage,2026-08-08
L-102851,198835.30,5.03,current,0,2026-01-13,pending,First National,2026-08-01
L-102852,241775.54,4.85,delinquent_30,62,2026-03-13,verified,Freedom Mortgage,2026-08-09
L-102853,277753.42,6.86,delinquent_90+,120,2026-05-01,missing,ServPro,2026-08-26
L-102854,388210.82,11.65,delinquent_60,75,2026-06-14,verified,Rocket Servicing,2026-08-02
L-102855,262806.32,8.42,delinquent_30,62,2026-05-09,missing,Freedom Mortgage,2026-08-09
L-102856,36152.15,7.07,delinquent_90+,95,2026-07-12,pending,Rocket Servicing,2026-08-17
L-102857,453732.49,10.06,,,2026-07-27,,ServPro,2026-08-07
L-102858,191027.59,6.10,delinquent_60,45,2026-03-01,verified,ServPro,2026-08-12
L-102859,7173.33,8.59,forbearance,0,2026-05-08,pending,ServPro,2026-08-25
L-102860,271405.02,10.38,delinquent_60,62,2026-04-28,verified,Apex Loan Servicing,2026-08-23
L-102861,259396.68,6.77,delinquent_60,62,2026-01-12,complete,Apex Loan Servicing,2026-08-06
L-102862,195424.19,4.48,current,0,2026-01-15,pending,Rocket Servicing,2026-08-06
L-102863,365125.19,11.60,forbearance,0,2026-01-23,verified,ServPro,2026-08-08
L-102864,237760.62,4.20,forbearance,0,2026-06-09,missing,First National,2026-08-08
L-102865,18574.24,7.56,delinquent_60,95,2026-06-04,missing,First National,2026-08-22
L-102866,,,,,2026-03-18,complete,,2026-08-10
L-102867,288396.90,,,0,2026-04-27,pending,ServPro,2026-08-20
L-102868,365255.41,4.76,current,0,2026-02-05,pending,Rocket Servicing,2026-08-19
L-102869,211212.29,4.50,delinquent_60,45,2026-08-27,missing,Freedom Mortgage,2026-08-18
L-102870,435402.58,12.17,delinquent_60,31,2026-01-17,missing,ServPro,2026-08-08
L-102871,268153.42,10.62,delinquent_60,62,2026-06-03,missing,ServPro,2026-08-02
L-102872,396303.65,10.01,forbearance,0,2026-04-11,complete,First National,2026-08-16
L-102873,443500.78,6.63,delinquent_60,62,2026-04-23,verified,First National,2026-08-25
L-102874,230105.49,9.03,current,0,2026-07-15,pending,Freedom Mortgage,2026-08-15
L-102875,399466.28,,,0,2026-06-14,pending,ServPro,2026-08-09
L-102876,87554.92,7.59,forbearance,0,2026-05-17,complete,Apex Loan Servicing,2026-08-26
L-102877,191321.12,2.67,forbearance,0,2026-01-14,pending,First National,2026-08-20
L-102878,119237.00,11.98,delinquent_30,95,2026-06-03,verified,ServPro,2026-08-02
L-102879,20430.90,6.46,forbearance,0,2026-03-27,pending,ServPro,2026-08-15
L-102880,113847.08,11.80,,0,2026-01-10,missing,,2026-08-03
L-102881,313851.12,3.19,delinquent_60,95,2026-04-13,missing,Rocket Servicing,2026-08-02
L-102882,73757.55,4.61,delinquent_30,31,2026-04-09,pending,ServPro,2026-08-12
L-102883,214742.62,8.10,forbearance,0,2026-02-04,missing,Rocket Servicing,2026-08-19
L-102884,424392.89,5.61,current,0,2026-04-21,missing,Freedom Mortgage,2026-08-14
L-102885,439791.97,3.51,current,0,2026-03-22,verified,ServPro,2026-08-04
L-102886,55921.45,2.69,delinquent_30,120,2026-02-22,verified,Apex Loan Servicing,2026-08-05
L-102887,376573.15,6.58,current,0,2026-08-07,pending,Apex Loan Servicing,2026-08-04
L-102888,72095.93,9.87,current,0,2026-08-08,pending,Freedom Mortgage,2026-08-04
L-102889,121938.16,9.31,current,0,2026-06-15,pending,ServPro,2026-08-14
L-102890,59106.47,2.82,delinquent_30,95,2026-08-16,complete,ServPro,2026-08-21
L-102891,31827.85,,,0,2026-05-11,,,2026-08-02
L-102892,21252.19,2.57,delinquent_90+,120,2026-04-18,verified,Apex Loan Servicing,2026-08-20
L-102893,155198.97,,delinquent_90+,,2026-08-25,verified,,2026-08-02
L-102894,346442.63,,delinquent_30,,2026-05-14,verified,Rocket Servicing,2026-08-10
L-102895,259823.00,11.18,delinquent_30,75,2026-02-02,complete,Freedom Mortgage,2026-08-27
L-102896,67777.17,4.57,current,0,2026-06-04,pending,Freedom Mortgage,2026-08-09
L-102897,52761.27,6.23,delinquent_30,31,2026-02-08,pending,Rocket Servicing,2026-08-26
L-102898,41478.75,11.53,,0,2026-07-17,,First National,2026-08-24
L-102899,200260.45,7.48,current,0,2026-04-18,complete,ServPro,2026-08-08
L-102900,290110.51,8.09,forbearance,0,2026-05-21,verified,ServPro,2026-08-16
L-102901,127065.10,,current,,2026-01-16,complete,ServPro,2026-08-04
L-102902,132772.27,6.88,current,0,2026-06-04,pending,Freedom Mortgage,2026-08-15
L-102903,128282.31,11.68,forbearance,0,2026-02-20,missing,Rocket Servicing,2026-08-12
L-102904,292616.26,4.20,delinquent_90+,62,2026-06-13,complete,Apex Loan Servicing,2026-08-06
L-102905,241795.24,5.34,delinquent_90+,120,2026-02-23,verified,Freedom Mortgage,2026-08-14
L-102906,368333.39,,,0,,verified,ServPro,2026-08-18
L-102907,222914.03,4.85,forbearance,,2026-08-24,missing,,2026-08-27
L-102908,83789.80,4.18,delinquent_60,120,2026-07-03,missing,Rocket Servicing,2026-08-26
L-102909,186100.04,8.43,delinquent_30,120,2026-04-01,missing,First National,2026-08-03
L-102910,202645.58,3.66,delinquent_60,45,2026-02-12,pending,Rocket Servicing,2026-08-17
L-102911,202437.64,,delinquent_90+,31,,,,2026-08-27
L-102912,433637.18,13.62,delinquent_30,75,,,,2026-08-18
L-102913,461613.31,2.54,delinquent_60,95,2026-04-16,pending,ServPro,2026-08-24
L-102914,359739.49,4.24,forbearance,,2026-02-22,,Freedom Mortgage,2026-08-16
L-102915,187068.34,9.68,delinquent_60,31,2026-01-09,complete,ServPro,2026-08-24
L-102916,73948.12,3.63,forbearance,0,2026-08-06,pending,Apex Loan Servicing,2026-08-06
L-102917,,8.94,,0,2026-08-23,,Apex Loan Servicing,2026-08-25
L-102918,195227.31,3.14,delinquent_90+,62,2026-08-17,missing,Apex Loan Servicing,2026-08-16
L-102919,281276.76,7.89,forbearance,0,2026-01-11,pending,Freedom Mortgage,2026-08-04
L-102920,57429.95,9.06,delinquent_90+,62,2026-07-12,complete,Apex Loan Servicing,2026-08-20
L-102921,53452.60,13.79,current,0,2026-07-03,verified,Freedom Mortgage,2026-08-21
L-102922,410724.08,12.88,delinquent_60,75,2026-04-04,verified,Freedom Mortgage,2026-08-27
L-102923,203812.40,14.27,delinquent_60,62,2026-08-27,pending,ServPro,2026-08-04
L-102924,199997.35,8.36,forbearance,0,2026-02-03,pending,Apex Loan Servicing,2026-08-23
L-102925,312928.37,13.14,current,0,2026-07-17,pending,First National,2026-08-04
L-102926,310425.92,2.66,current,0,2026-07-16,missing,Freedom Mortgage,2026-08-26
L-102927,86576.76,7.17,delinquent_30,75,2026-02-26,pending,First National,2026-08-16
L-102928,255269.62,5.71,current,0,2026-01-10,complete,Freedom Mortgage,2026-08-16
L-102929,290653.88,11.50,delinquent_60,95,2026-06-17,pending,Rocket Servicing,2026-08-23
L-102930,464650.80,12.91,forbearance,0,2026-02-05,verified,Rocket Servicing,2026-08-24
L-102931,389142.94,3.34,,,2026-03-11,,,2026-08-18
L-102932,36715.21,11.37,delinquent_60,75,2026-07-06,complete,Freedom Mortgage,2026-08-23
L-102933,276437.95,,delinquent_60,62,2026-05-04,,Freedom Mortgage,2026-08-24
L-102934,124552.33,5.31,delinquent_60,75,2026-04-25,complete,Apex Loan Servicing,2026-08-08
L-102935,335487.67,8.14,delinquent_90+,95,2026-06-25,complete,Apex Loan Servicing,2026-08-14
L-102936,423916.41,9.45,delinquent_90+,45,2026-05-24,complete,Apex Loan Servicing,2026-08-24
L-102937,416465.74,10.93,delinquent_90+,75,2026-04-11,complete,ServPro,2026-08-13
L-102938,36607.71,4.97,forbearance,0,2026-08-07,verified,ServPro,2026-08-01
L-102939,69640.58,8.25,delinquent_30,120,2026-05-01,pending,Rocket Servicing,2026-08-05
L-102940,312011.18,11.32,delinquent_60,31,2026-04-26,complete,ServPro,2026-08-22
L-102941,92793.06,5.32,delinquent_60,62,2026-01-04,complete,Rocket Servicing,2026-08-10
L-102942,322372.78,4.39,,,2026-05-08,,Rocket Servicing,2026-08-01
L-102943,151133.91,7.44,current,0,2026-02-22,verified,First National,2026-08-11
L-102944,135133.11,9.85,forbearance,0,2026-05-04,missing,ServPro,2026-08-12
L-102945,,,,0,,,Rocket Servicing,2026-08-27
L-102946,147538.92,6.40,current,0,2026-01-17,pending,ServPro,2026-08-03
L-102947,395359.34,3.35,delinquent_30,62,2026-07-11,missing,Freedom Mortgage,2026-08-24
L-102948,475286.37,2.92,delinquent_30,45,2026-08-13,verified,ServPro,2026-08-19
L-102949,479514.53,9.70,delinquent_30,95,2026-06-08,pending,Apex Loan Servicing,2026-08-13
L-102950,114485.27,12.52,forbearance,0,2026-04-20,complete,Apex Loan Servicing,2026-08-26
L-102951,65237.87,10.34,delinquent_30,62,2026-01-13,verified,Freedom Mortgage,2026-08-17
L-102952,133325.48,4.80,delinquent_60,120,2026-04-08,missing,Freedom Mortgage,2026-08-16
L-102953,451058.65,11.35,delinquent_90+,75,2026-05-24,complete,Apex Loan Servicing,2026-08-14
L-102954,176936.38,5.96,delinquent_60,45,2026-03-13,pending,Apex Loan Servicing,2026-08-11
L-102955,218639.23,4.95,current,0,2026-06-06,missing,Apex Loan Servicing,2026-08-09
L-102956,442552.54,12.62,current,0,2026-04-19,verified,Apex Loan Servicing,2026-08-14
L-102957,414396.37,7.36,current,,2026-05-15,,First National,2026-08-26
L-102958,100669.35,2.95,forbearance,0,2026-06-09,pending,Apex Loan Servicing,2026-08-17
L-102959,105826.60,5.80,delinquent_60,120,2026-07-22,verified,Apex Loan Servicing,2026-08-14
L-102960,284795.36,9.84,delinquent_60,75,2026-01-14,complete,ServPro,2026-08-23
L-102961,310176.94,12.97,delinquent_90+,95,2026-01-03,missing,Apex Loan Servicing,2026-08-15
L-102962,43376.95,14.06,delinquent_30,95,2026-05-26,verified,First National,2026-08-11
L-102963,398902.91,7.53,delinquent_60,31,2026-06-03,verified,First National,2026-08-22
L-102964,295080.72,6.01,forbearance,0,2026-03-07,missing,Freedom Mortgage,2026-08-12
L-102965,211595.23,8.71,current,0,2026-05-11,complete,Rocket Servicing,2026-08-26
L-102966,412014.26,9.42,delinquent_30,75,2026-06-10,complete,Freedom Mortgage,2026-08-27
L-102967,433070.41,13.31,forbearance,0,2026-07-03,verified,Apex Loan Servicing,2026-08-19
L-102968,406130.12,,delinquent_60,,,complete,Freedom Mortgage,2026-08-18
L-102969,340219.55,8.39,delinquent_30,75,2026-05-17,complete,ServPro,2026-08-25
L-102970,250718.36,5.95,delinquent_30,120,2026-07-28,complete,ServPro,2026-08-07
L-102971,171627.13,2.73,current,0,2026-01-25,complete,Freedom Mortgage,2026-08-15
L-102972,184251.94,6.50,forbearance,0,2026-04-01,missing,Apex Loan Servicing,2026-08-12
L-102973,230552.87,13.20,delinquent_90+,,,,,2026-08-11
L-102974,29512.61,4.83,delinquent_90+,45,2026-05-10,missing,Freedom Mortgage,2026-08-21
L-102975,196409.01,11.87,delinquent_90+,120,2026-04-08,complete,Apex Loan Servicing,2026-08-03
L-102976,76506.13,5.17,delinquent_90+,120,2026-07-03,verified,First National,2026-08-15
L-102977,403144.27,13.13,delinquent_60,62,2026-06-15,verified,ServPro,2026-08-06
L-102978,427841.29,7.16,delinquent_90+,75,2026-06-23,complete,Apex Loan Servicing,2026-08-20
L-102979,268277.30,13.14,delinquent_90+,75,2026-05-26,verified,Rocket Servicing,2026-08-20
L-102980,343609.51,4.16,,,2026-06-28,pending,,2026-08-15
L-102981,378925.46,13.04,current,0,2026-04-16,verified,ServPro,2026-08-14
L-102982,138661.46,5.68,delinquent_30,31,2026-08-14,verified,Rocket Servicing,2026-08-03
L-102983,216447.28,4.90,current,0,2026-02-11,verified,Freedom Mortgage,2026-08-21
L-102984,33212.61,9.56,current,0,2026-01-19,missing,First National,2026-08-26
L-102985,194253.30,11.21,delinquent_30,45,2026-05-24,missing,Rocket Servicing,2026-08-08
L-102986,460330.32,6.50,delinquent_90+,62,2026-04-11,pending,Freedom Mortgage,2026-08-22
L-102987,22489.10,,delinquent_90+,31,,,Apex Loan Servicing,2026-08-24
L-102988,290003.34,5.45,delinquent_60,95,2026-06-27,verified,First National,2026-08-03
L-102989,243385.50,9.60,delinquent_90+,62,2026-02-03,complete,Rocket Servicing,2026-08-17
L-102990,351828.96,8.14,delinquent_90+,,,,First National,2026-08-17
L-102991,312757.14,8.63,current,0,2026-05-24,verified,Apex Loan Servicing,2026-08-14
L-102992,314176.79,11.88,delinquent_90+,95,2026-03-23,complete,Rocket Servicing,2026-08-23
L-102993,,10.20,current,,2026-05-23,,,2026-08-06
L-102994,333536.33,2.54,delinquent_30,95,2026-03-16,verified,Rocket Servicing,2026-08-01
L-102995,403133.55,10.66,forbearance,0,2026-07-06,pending,First National,2026-08-09
L-102996,151075.96,13.01,forbearance,0,2026-07-13,complete,Rocket Servicing,2026-08-16
L-102997,106276.66,9.59,current,0,2026-05-15,missing,Freedom Mortgage,2026-08-09
L-102998,415753.40,12.43,current,0,2026-04-11,missing,Rocket Servicing,2026-08-04
L-102999,174740.67,12.99,delinquent_30,120,2026-04-26,verified,Freedom Mortgage,2026-08-27
L-103000,50368.22,10.68,delinquent_90+,75,2026-05-28,verified,ServPro,2026-08-10
L-103001,182596.82,6.90,forbearance,0,2026-04-01,pending,Rocket Servicing,2026-08-17
L-103002,456661.48,,forbearance,,2026-06-21,,Freedom Mortgage,2026-08-23
L-103003,466284.66,6.43,forbearance,0,2026-01-26,missing,First National,2026-08-06
L-103004,183176.36,6.83,forbearance,0,2026-02-13,verified,Rocket Servicing,2026-08-25
L-103005,107187.79,4.97,current,0,2026-04-10,complete,Apex Loan Servicing,2026-08-23
L-103006,352861.31,14.41,forbearance,0,2026-02-27,missing,ServPro,2026-08-07
L-103007,293926.43,,,,2026-06-19,,ServPro,2026-08-24
L-103008,469585.58,12.66,forbearance,0,2026-02-06,complete,Apex Loan Servicing,2026-08-11
L-103009,145468.40,,delinquent_90+,,2026-02-07,pending,First National,2026-08-11
L-DUP-1000,174270.27,4.85,current,0,2026-02-11,pending,First National,2026-08-07
L-103011,479912.80,2.62,delinquent_90+,95,2026-02-22,complete,First National,2026-08-20
L-103012,176267.22,9.09,delinquent_60,62,2026-08-14,verified,Freedom Mortgage,2026-08-24
L-103013,159629.75,13.14,current,0,2026-03-20,complete,Freedom Mortgage,2026-08-14
L-103014,412401.32,9.68,delinquent_60,45,2026-01-14,missing,First National,2026-08-20
L-103015,386753.42,2.77,current,0,2026-07-21,verified,Apex Loan Servicing,2026-08-03
L-103016,356525.37,13.16,forbearance,0,2026-03-06,missing,Freedom Mortgage,2026-08-26
L-103017,72162.79,12.39,delinquent_30,45,2026-02-21,verified,Rocket Servicing,2026-08-21
L-103018,313932.16,7.07,forbearance,0,2026-07-05,complete,Apex Loan Servicing,2026-08-07
L-103019,240870.44,12.10,current,0,2026-01-01,missing,Apex Loan Servicing,2026-08-08
L-DUP-1001,266852.40,,delinquent_90+,,,complete,,2026-08-23
L-103021,318978.88,,delinquent_60,95,2026-06-20,verified,,2026-08-24
L-103022,73755.32,6.70,delinquent_60,62,,,Freedom Mortgage,2026-08-23
L-103023,162311.77,14.45,current,0,2026-03-21,verified,First National,2026-08-26
L-103024,141817.16,2.84,delinquent_30,62,2026-01-14,missing,Rocket Servicing,2026-08-16
L-103025,,9.45,delinquent_60,,2026-02-21,,,2026-08-17
L-103026,282601.23,6.47,delinquent_90+,120,2026-05-07,complete,First National,2026-08-13
L-103027,404473.87,7.68,delinquent_30,45,2026-08-17,verified,ServPro,2026-08-12
L-103028,471704.66,14.22,forbearance,0,2026-04-03,pending,ServPro,2026-08-22
L-103029,202927.97,4.04,delinquent_30,95,2026-01-03,complete,Freedom Mortgage,2026-08-18
L-DUP-1002,442999.83,8.28,forbearance,0,2026-05-22,verified,First National,2026-08-25
L-103031,12326.30,8.61,delinquent_30,62,2026-02-25,missing,Apex Loan Servicing,2026-08-19
L-103032,368515.90,11.26,forbearance,0,2026-03-23,missing,Rocket Servicing,2026-08-03
L-103033,362905.66,5.62,forbearance,0,2026-01-12,pending,Rocket Servicing,2026-08-15
L-103034,459723.56,7.41,delinquent_30,,2026-01-27,,Apex Loan Servicing,2026-08-11
L-103035,64894.92,11.26,delinquent_90+,31,2026-05-28,verified,Apex Loan Servicing,2026-08-24
L-103036,401488.75,6.48,delinquent_30,95,2026-03-12,pending,Freedom Mortgage,2026-08-17
L-103037,345529.47,13.31,current,0,2026-04-05,pending,Rocket Servicing,2026-08-07
L-103038,308590.84,8.67,delinquent_90+,95,2026-05-22,verified,ServPro,2026-08-14
L-103039,295135.63,7.29,delinquent_60,95,2026-04-16,missing,Rocket Servicing,2026-08-19
L-DUP-1003,278049.70,6.52,current,0,2026-04-12,pending,First National,2026-08-16
L-103041,168691.14,11.95,delinquent_60,95,2026-03-17,verified,Rocket Servicing,2026-08-18
L-103042,463549.78,3.54,current,0,2026-05-17,verified,Freedom Mortgage,2026-08-14
L-103043,366291.15,12.57,current,0,2026-08-14,missing,Rocket Servicing,2026-08-08
L-103044,374858.62,,delinquent_90+,,2026-05-04,verified,,2026-08-15
L-103045,207714.76,13.72,current,0,2026-01-19,pending,Rocket Servicing,2026-08-24
L-103046,92250.60,12.52,delinquent_90+,45,2026-01-03,missing,Apex Loan Servicing,2026-08-16
L-103047,78736.04,13.56,delinquent_30,45,2026-05-25,pending,Rocket Servicing,2026-08-25
L-103048,84511.67,7.08,forbearance,0,2026-01-19,missing,ServPro,2026-08-21
L-103049,458585.87,12.15,forbearance,0,2026-01-09,complete,Freedom Mortgage,2026-08-07
L-DUP-1004,267935.67,3.36,delinquent_60,45,2026-08-24,pending,Rocket Servicing,2026-08-26
L-103051,194587.66,14.34,delinquent_90+,31,2026-06-11,missing,Rocket Servicing,2026-08-14
L-103052,168898.90,9.53,delinquent_90+,31,2026-07-16,missing,ServPro,2026-08-21
L-103053,240491.99,3.08,delinquent_60,120,2026-04-13,missing,Apex Loan Servicing,2026-08-19
L-103054,243122.98,4.34,forbearance,0,2026-06-14,verified,Freedom Mortgage,2026-08-26
L-103055,86088.43,3.53,delinquent_60,62,2026-04-18,pending,First National,2026-08-22
L-103056,166587.45,6.34,delinquent_30,31,2026-03-13,pending,ServPro,2026-08-09
L-103057,142071.40,7.25,delinquent_90+,,,,,2026-08-18
L-103058,400292.88,12.47,delinquent_60,31,2026-02-20,complete,ServPro,2026-08-16
L-103059,37547.80,9.37,delinquent_60,62,2026-02-26,missing,Apex Loan Servicing,2026-08-25
L-DUP-1005,135906.50,,forbearance,0,2026-03-17,pending,,2026-08-17
L-103061,164763.45,9.34,delinquent_60,75,2026-08-14,missing,ServPro,2026-08-25
L-103062,431497.96,8.28,delinquent_60,62,2026-05-24,missing,Freedom Mortgage,2026-08-21
L-103063,110761.18,11.69,forbearance,0,2026-08-22,verified,First National,2026-08-11
L-103064,385333.97,4.60,delinquent_30,120,2026-01-27,missing,Apex Loan Servicing,2026-08-02
L-103065,454639.26,10.83,delinquent_60,31,2026-06-07,missing,Apex Loan Servicing,2026-08-15
L-103066,477201.94,10.47,current,0,2026-02-11,missing,ServPro,2026-08-15
L-103067,369087.38,9.87,delinquent_60,45,2026-02-27,missing,Apex Loan Servicing,2026-08-16
L-103068,54334.64,6.61,delinquent_90+,,,missing,,2026-08-04
L-103069,161179.53,10.28,delinquent_90+,45,2026-06-05,pending,Freedom Mortgage,2026-08-18
L-DUP-1006,182117.66,9.13,forbearance,0,2026-06-16,missing,ServPro,2026-08-12
L-103071,51417.50,7.41,current,0,2026-03-26,missing,First National,2026-08-25
L-103072,316220.51,14.05,,0,2026-05-15,complete,,2026-08-10
L-103073,470059.45,7.31,forbearance,0,2026-08-21,complete,Rocket Servicing,2026-08-24
L-103074,237341.40,12.21,delinquent_30,62,2026-02-18,missing,Rocket Servicing,2026-08-19
L-103075,24826.56,11.05,delinquent_90+,62,2026-06-23,verified,First National,2026-08-04
L-103076,95707.66,12.40,current,0,2026-01-03,verified,Rocket Servicing,2026-08-20
L-103077,318050.41,2.97,current,0,2026-08-24,complete,ServPro,2026-08-15
L-103078,311947.74,9.40,delinquent_90+,95,2026-07-23,pending,Apex Loan Servicing,2026-08-11
L-103079,51486.73,13.35,delinquent_30,31,2026-06-19,pending,Apex Loan Servicing,2026-08-25
L-DUP-1007,283054.15,7.84,delinquent_30,62,2026-04-26,verified,ServPro,2026-08-08
L-103081,325058.20,6.77,forbearance,0,2026-07-02,verified,First National,2026-08-15
L-103082,114479.87,,,,2026-06-27,,First National,2026-08-25
L-103083,291710.48,,delinquent_60,,2026-03-16,missing,Apex Loan Servicing,2026-08-08
L-103084,409256.27,13.57,delinquent_60,75,2026-07-15,complete,Rocket Servicing,2026-08-17
L-103085,98108.18,11.71,current,0,2026-01-15,pending,Rocket Servicing,2026-08-25
L-103086,405653.43,9.23,delinquent_30,75,2026-01-17,pending,Rocket Servicing,2026-08-06
L-103087,322959.52,5.35,delinquent_90+,95,2026-05-23,complete,Freedom Mortgage,2026-08-17
L-103088,253467.73,7.65,forbearance,0,2026-02-03,pending,Freedom Mortgage,2026-08-07
L-103089,83967.32,5.67,delinquent_30,62,2026-03-26,verified,First National,2026-08-04
L-DUP-1008,380116.10,9.06,delinquent_30,62,2026-05-13,missing,ServPro,2026-08-09
L-103091,134602.98,13.48,delinquent_30,45,2026-06-22,missing,Rocket Servicing,2026-08-10
L-103092,56953.33,3.67,forbearance,0,2026-06-03,pending,ServPro,2026-08-15
L-103093,102886.83,12.41,forbearance,,2026-02-23,pending,,2026-08-15
L-103094,348081.59,8.66,current,0,2026-05-28,verified,First National,2026-08-09
L-103095,68925.07,2.83,current,0,2026-05-22,pending,Freedom Mortgage,2026-08-08
L-103096,468019.34,13.29,current,0,2026-03-15,pending,Apex Loan Servicing,2026-08-07
L-103097,10423.51,2.52,delinquent_90+,75,2026-05-15,verified,First National,2026-08-24
L-103098,475907.67,10.44,delinquent_90+,75,2026-02-18,pending,ServPro,2026-08-13
L-103099,332295.37,,,,,complete,ServPro,2026-08-06
L-DUP-1009,242019.14,3.00,forbearance,0,2026-07-18,complete,Rocket Servicing,2026-08-04
L-103101,391613.14,5.17,delinquent_30,120,2026-03-13,missing,Rocket Servicing,2026-08-26
L-103102,297010.18,8.11,current,0,2026-02-13,complete,Rocket Servicing,2026-08-23
L-103103,362547.46,9.81,current,0,2026-07-26,missing,Apex Loan Servicing,2026-08-02
L-103104,346676.11,11.51,current,0,2026-04-10,pending,Rocket Servicing,2026-08-27
L-103105,59384.02,14.04,delinquent_90+,120,2026-01-04,complete,Rocket Servicing,2026-08-18
L-103106,94218.40,14.42,delinquent_30,95,2026-07-15,complete,ServPro,2026-08-09
L-103107,194037.25,,,0,2026-03-25,missing,,2026-08-06
L-103108,6637.45,4.59,delinquent_90+,95,2026-01-18,verified,Rocket Servicing,2026-08-26
L-103109,372033.74,6.92,,0,2026-04-25,,Apex Loan Servicing,2026-08-27
L-DUP-1010,118673.72,,,0,2026-06-28,,,2026-08-03
L-103111,165584.17,5.54,forbearance,0,2026-04-25,missing,First National,2026-08-01
L-103112,353842.20,6.15,current,0,2026-03-18,pending,Freedom Mortgage,2026-08-03
L-103113,179630.59,13.92,forbearance,0,2026-08-19,complete,Freedom Mortgage,2026-08-11
L-103114,414603.36,7.95,delinquent_90+,75,2026-02-28,verified,First National,2026-08-07
L-103115,186443.75,7.92,current,0,2026-05-03,pending,Rocket Servicing,2026-08-23
L-103116,462508.77,5.54,delinquent_30,120,2026-06-07,pending,ServPro,2026-08-13
L-103117,59769.07,9.19,delinquent_90+,75,2026-08-28,verified,First National,2026-08-01
L-103118,111609.32,6.40,forbearance,0,2026-08-22,pending,First National,2026-08-21
L-103119,366144.52,3.04,delinquent_30,45,2026-05-19,verified,ServPro,2026-08-11
L-DUP-1011,472225.62,13.25,delinquent_60,62,2026-02-25,complete,Rocket Servicing,2026-08-18
L-103121,213424.84,,delinquent_30,,,,First National,2026-08-18
L-103122,375238.98,2.73,delinquent_60,62,2026-03-16,complete,ServPro,2026-08-20
L-103123,451166.17,12.31,delinquent_60,75,2026-07-27,complete,First National,2026-08-04
L-103124,167174.74,9.41,delinquent_90+,62,2026-08-12,missing,Rocket Servicing,2026-08-14
L-103125,104791.95,8.58,,0,,,,2026-08-09
L-103126,328142.61,11.60,forbearance,0,2026-01-20,missing,ServPro,2026-08-17
L-103127,357280.42,2.64,delinquent_90+,75,2026-03-28,verified,First National,2026-08-07
L-103128,447456.80,11.88,delinquent_90+,31,2026-08-15,verified,ServPro,2026-08-20
L-103129,24418.10,10.35,forbearance,0,2026-07-05,verified,Freedom Mortgage,2026-08-16
L-DUP-1012,92275.37,11.45,delinquent_90+,31,2026-02-02,verified,Freedom Mortgage,2026-08-12
L-103131,20428.96,,,0,,,Apex Loan Servicing,2026-08-21
L-103132,141524.32,4.47,delinquent_30,120,2026-04-02,pending,Freedom Mortgage,2026-08-20
L-103133,114147.99,5.86,current,0,2026-07-27,complete,ServPro,2026-08-19
L-103134,127830.27,5.22,current,0,2026-07-20,missing,Freedom Mortgage,2026-08-07
L-103135,260400.72,7.20,delinquent_30,95,2026-05-03,pending,Apex Loan Servicing,2026-08-11
L-103136,425746.09,,,0,,missing,,2026-08-10
L-103137,375439.38,6.59,current,0,2026-02-19,complete,Rocket Servicing,2026-08-06
L-103138,462465.63,13.35,forbearance,0,2026-01-11,pending,ServPro,2026-08-14
L-103139,148774.57,4.08,delinquent_60,31,2026-08-18,verified,Apex Loan Servicing,2026-08-17
L-DUP-1013,217149.31,7.26,delinquent_30,31,2026-04-24,pending,Freedom Mortgage,2026-08-04
L-103141,49189.27,,delinquent_60,95,,verified,ServPro,2026-08-07
L-103142,373450.78,10.44,forbearance,0,2026-08-19,verified,Freedom Mortgage,2026-08-17
L-103143,397524.02,10.90,delinquent_60,45,2026-05-19,missing,ServPro,2026-08-06
L-103144,58722.64,13.49,forbearance,0,2026-07-10,missing,First National,2026-08-14
L-103145,42325.92,4.69,forbearance,0,2026-01-16,complete,First National,2026-08-11
L-103146,339071.44,6.25,current,0,2026-03-01,pending,Freedom Mortgage,2026-08-24
L-103147,44077.80,13.15,delinquent_60,62,2026-06-09,complete,ServPro,2026-08-09
L-103148,299269.14,10.40,current,0,2026-01-28,missing,ServPro,2026-08-14
L-103149,197733.05,,forbearance,,2026-08-09,,Rocket Servicing,2026-08-06
L-DUP-1014,114160.60,11.16,current,0,2026-08-18,missing,Rocket Servicing,2026-08-24
L-103151,450954.33,4.76,current,0,2026-06-17,verified,Freedom Mortgage,2026-08-08
L-103152,107679.51,8.92,current,0,2026-07-02,complete,Rocket Servicing,2026-08-11
L-103153,287348.89,5.25,delinquent_90+,75,2026-02-09,missing,Apex Loan Servicing,2026-08-23
L-103154,471077.87,2.58,delinquent_60,31,2026-02-19,verified,ServPro,2026-08-20
L-103155,322921.98,2.83,delinquent_30,62,2026-02-19,pending,First National,2026-08-04
L-103156,78500.27,11.19,delinquent_60,45,2026-04-08,pending,Apex Loan Servicing,2026-08-15
L-103157,399886.84,9.40,delinquent_30,75,2026-06-17,pending,Apex Loan Servicing,2026-08-04
L-103158,463216.59,10.08,delinquent_60,62,2026-02-03,verified,Freedom Mortgage,2026-08-26
L-103159,215725.08,5.89,delinquent_30,31,2026-08-11,verified,Rocket Servicing,2026-08-23
L-DUP-1015,477586.54,14.06,delinquent_30,62,2026-08-27,pending,Apex Loan Servicing,2026-08-14
L-103161,444696.17,5.35,current,,2026-03-10,,Apex Loan Servicing,2026-08-26
L-103162,350618.19,5.33,delinquent_90+,120,2026-08-16,pending,Rocket Servicing,2026-08-10
L-103163,224658.92,8.44,,,2026-07-12,,ServPro,2026-08-04
L-103164,197897.79,11.03,delinquent_60,45,2026-01-27,pending,Apex Loan Servicing,2026-08-19
L-103165,228677.65,5.74,forbearance,0,2026-01-21,missing,Freedom Mortgage,2026-08-10
L-103166,461479.16,10.02,current,0,2026-05-01,complete,ServPro,2026-08-23
L-103167,113325.90,7.48,delinquent_60,45,2026-07-13,pending,Freedom Mortgage,2026-08-12
L-103168,289807.79,,,0,2026-01-20,complete,Rocket Servicing,2026-08-27
L-103169,32857.52,3.70,delinquent_60,45,2026-08-08,complete,First National,2026-08-25
L-DUP-1016,394306.32,7.25,current,0,2026-05-16,missing,ServPro,2026-08-19
L-103171,11055.41,2.64,current,0,2026-05-05,pending,Freedom Mortgage,2026-08-11
L-103172,472899.89,5.77,delinquent_60,45,2026-03-19,pending,Rocket Servicing,2026-08-20
L-103173,202333.29,10.82,delinquent_90+,31,2026-06-08,complete,Freedom Mortgage,2026-08-06
L-103174,438568.48,11.40,delinquent_90+,120,2026-04-13,missing,First National,2026-08-02
L-103175,73043.53,9.25,forbearance,0,2026-01-23,complete,ServPro,2026-08-10
L-103176,198125.14,12.88,delinquent_60,62,2026-03-15,verified,Freedom Mortgage,2026-08-27
L-103177,159320.87,5.62,current,0,2026-05-06,pending,First National,2026-08-13
L-103178,289378.23,11.19,current,0,2026-07-15,missing,Rocket Servicing,2026-08-19
L-103179,195116.62,2.73,,,2026-06-28,pending,Apex Loan Servicing,2026-08-06
L-DUP-1017,332222.58,4.59,delinquent_90+,95,2026-04-11,verified,Freedom Mortgage,2026-08-08
L-103181,397347.82,3.68,delinquent_30,45,2026-01-16,pending,Rocket Servicing,2026-08-11
L-103182,53198.66,,,0,2026-03-05,,,2026-08-10
L-103183,448367.21,2.76,forbearance,0,2026-06-07,verified,Freedom Mortgage,2026-08-02
L-103184,64618.91,,delinquent_30,,2026-06-04,complete,,2026-08-16
L-103185,178677.82,6.78,forbearance,0,2026-08-02,missing,First National,2026-08-09
L-103186,42380.71,9.95,,,2026-06-27,,,2026-08-12
L-103187,67508.05,5.29,current,0,2026-08-25,complete,Apex Loan Servicing,2026-08-03
L-103188,395590.38,11.29,delinquent_60,31,2026-06-23,pending,Rocket Servicing,2026-08-20
L-103189,447510.28,14.19,forbearance,0,2026-08-04,missing,ServPro,2026-08-25
L-DUP-1018,240684.38,3.96,delinquent_90+,75,2026-04-06,pending,Rocket Servicing,2026-08-14
L-103191,40355.90,,,0,,missing,ServPro,2026-08-08
L-103192,9397.61,11.85,delinquent_90+,75,2026-02-11,complete,Rocket Servicing,2026-08-05
L-103193,223775.09,10.41,forbearance,0,2026-06-22,verified,Apex Loan Servicing,2026-08-15
L-103194,42357.44,5.09,delinquent_90+,31,2026-01-24,complete,First National,2026-08-02
L-103195,289950.47,,delinquent_90+,95,2026-02-18,,,2026-08-20
L-103196,268559.73,,current,0,,verified,,2026-08-17
L-103197,259436.97,6.73,forbearance,0,2026-06-14,complete,Rocket Servicing,2026-08-21
L-103198,21280.55,6.51,delinquent_90+,95,2026-03-13,verified,Freedom Mortgage,2026-08-17
L-103199,79139.14,8.36,current,0,2026-02-22,missing,ServPro,2026-08-05
L-DUP-1019,222598.16,6.72,delinquent_60,31,2026-08-17,pending,First National,2026-08-18
L-103201,126269.04,14.22,forbearance,,,,Apex Loan Servicing,2026-08-07
L-103202,428556.91,5.62,delinquent_90+,62,2026-01-14,verified,Apex Loan Servicing,2026-08-17
L-103203,218484.18,3.32,forbearance,0,2026-06-25,verified,First National,2026-08-03
L-103204,173303.62,3.05,forbearance,0,2026-06-27,verified,Freedom Mortgage,2026-08-10
L-103205,316515.03,,delinquent_30,95,2026-03-01,,First National,2026-08-05
L-103206,401574.87,6.65,delinquent_60,45,2026-04-25,verified,ServPro,2026-08-16
L-103207,13753.55,4.90,delinquent_90+,75,2026-08-04,pending,ServPro,2026-08-04
L-103208,265065.31,10.58,current,0,2026-02-05,missing,First National,2026-08-05
L-103209,458769.84,5.98,delinquent_60,31,2026-01-11,missing,Apex Loan Servicing,2026-08-02
L-103210,358578.51,2.94,forbearance,0,2026-04-19,verified,ServPro,2026-08-21
L-103211,252203.49,8.24,delinquent_60,75,2026-02-13,pending,First National,2026-08-07
L-103212,371671.08,5.48,delinquent_30,120,2026-01-01,complete,Apex Loan Servicing,2026-08-03
L-103213,112362.07,2.71,,,2026-05-04,,ServPro,2026-08-19
L-103214,310813.55,6.27,delinquent_60,75,2026-07-05,verified,Freedom Mortgage,2026-08-12
L-103215,6984.35,7.03,delinquent_30,62,2026-03-15,missing,ServPro,2026-08-02
L-103216,141310.73,6.97,,0,2026-08-15,complete,,2026-08-06
L-103217,318165.20,8.72,current,0,2026-05-04,pending,Apex Loan Servicing,2026-08-01
L-103218,201088.43,7.68,forbearance,0,2026-02-28,pending,Freedom Mortgage,2026-08-19
L-103219,20981.60,9.18,,,2026-04-14,,,2026-08-03
L-103220,229976.79,9.84,forbearance,0,2026-05-10,missing,Freedom Mortgage,2026-08-01
L-103221,263504.42,7.21,,0,2026-02-08,,,2026-08-15
L-103222,,13.82,current,,2026-01-23,pending,,2026-08-13
L-103223,304866.76,12.25,delinquent_60,31,2026-04-22,verified,First National,2026-08-13
L-103224,384807.50,13.67,current,0,2026-02-27,complete,Apex Loan Servicing,2026-08-26
L-103225,349983.52,7.41,,0,,,Apex Loan Servicing,2026-08-22
L-103226,142496.36,14.13,delinquent_30,62,2026-02-09,complete,Freedom Mortgage,2026-08-25
L-103227,336268.60,13.83,forbearance,0,2026-02-10,complete,Rocket Servicing,2026-08-03
L-103228,322545.32,,delinquent_60,62,,verified,,2026-08-02
L-103229,201683.49,9.37,delinquent_60,31,2026-07-15,complete,Rocket Servicing,2026-08-22
L-103230,222916.37,5.05,current,0,2026-04-04,missing,Rocket Servicing,2026-08-25
L-103231,134088.98,8.19,delinquent_30,75,2026-06-22,verified,Apex Loan Servicing,2026-08-09
L-103232,221122.12,5.71,delinquent_30,45,2026-08-09,missing,Apex Loan Servicing,2026-08-21
L-103233,442525.90,8.80,current,0,2026-04-08,complete,Freedom Mortgage,2026-08-13
L-103234,479467.47,5.97,delinquent_30,120,2026-07-10,complete,First National,2026-08-27
L-103235,111470.00,7.62,delinquent_90+,62,2026-04-03,complete,Rocket Servicing,2026-08-16
L-103236,193374.28,3.55,current,0,2026-02-01,verified,Rocket Servicing,2026-08-10
L-103237,49945.02,6.37,delinquent_90+,31,2026-07-10,complete,First National,2026-08-09
L-103238,456527.03,7.30,forbearance,0,2026-05-18,verified,Apex Loan Servicing,2026-08-27
L-103239,134021.34,5.53,current,0,2026-08-01,pending,ServPro,2026-08-26
L-103240,456099.99,13.56,delinquent_90+,75,2026-01-25,complete,ServPro,2026-08-16
L-103241,110413.68,8.27,forbearance,0,2026-05-20,pending,Freedom Mortgage,2026-08-27
L-103242,22561.83,8.83,current,0,2026-02-15,complete,Apex Loan Servicing,2026-08-23
L-103243,400270.01,14.41,delinquent_60,95,2026-01-06,complete,Rocket Servicing,2026-08-10
L-103244,113038.57,5.30,forbearance,,,,Rocket Servicing,2026-08-22
L-103245,198399.62,10.92,delinquent_60,62,2026-03-08,complete,ServPro,2026-08-25
L-103246,393808.17,11.22,delinquent_60,45,2026-01-25,complete,Rocket Servicing,2026-08-20
L-103247,283191.63,4.66,delinquent_90+,62,2026-04-24,verified,First National,2026-08-24
L-103248,312607.38,7.98,current,0,2026-08-07,missing,ServPro,2026-08-23
L-103249,134696.99,8.44,delinquent_30,45,2026-06-28,verified,Rocket Servicing,2026-08-22
L-103250,48932.17,10.92,,,,,Freedom Mortgage,2026-08-09
L-103251,380739.67,13.23,delinquent_90+,95,2026-07-15,complete,ServPro,2026-08-01
L-103252,270627.15,3.72,delinquent_30,62,2026-08-20,pending,First National,2026-08-23
L-103253,390446.82,,forbearance,,2026-04-12,missing,ServPro,2026-08-10
L-103254,394314.89,8.92,forbearance,0,2026-08-01,complete,Rocket Servicing,2026-08-22
L-103255,311796.89,6.83,current,0,2026-04-20,pending,Rocket Servicing,2026-08-22
L-103256,282015.83,,,0,,,Freedom Mortgage,2026-08-12
L-103257,292059.95,12.73,current,0,2026-06-01,pending,ServPro,2026-08-02
L-103258,202257.12,11.91,current,0,2026-01-03,missing,ServPro,2026-08-03
L-103259,223344.73,9.24,delinquent_60,120,2026-02-05,complete,Freedom Mortgage,2026-08-01
L-103260,29336.14,8.64,delinquent_30,95,2026-05-22,verified,Apex Loan Servicing,2026-08-20
L-103261,456303.10,13.46,forbearance,0,2026-07-16,pending,Freedom Mortgage,2026-08-22
L-103262,39948.78,5.66,delinquent_60,95,2026-02-16,verified,Freedom Mortgage,2026-08-21
L-103263,411637.19,13.76,delinquent_60,120,2026-07-03,pending,Freedom Mortgage,2026-08-03
L-103264,256895.49,4.13,delinquent_30,31,2026-07-07,complete,Apex Loan Servicing,2026-08-24
L-103265,395425.01,3.96,delinquent_90+,31,2026-04-27,complete,Freedom Mortgage,2026-08-07
L-103266,368174.10,10.78,delinquent_90+,95,2026-04-14,pending,Rocket Servicing,2026-08-21
L-103267,36405.86,12.67,delinquent_90+,62,2026-01-27,pending,Freedom Mortgage,2026-08-08
L-103268,321551.95,11.06,delinquent_30,120,2026-03-11,pending,Apex Loan Servicing,2026-08-05
L-103269,306655.68,7.33,delinquent_90+,31,2026-03-13,pending,ServPro,2026-08-19
L-103270,435823.79,,,,2026-07-25,,Rocket Servicing,2026-08-09
L-103271,252112.17,11.62,delinquent_30,120,2026-07-25,verified,Apex Loan Servicing,2026-08-04
L-103272,424802.02,3.39,delinquent_30,45,2026-01-14,missing,First National,2026-08-20
L-103273,16647.86,9.24,delinquent_90+,31,2026-06-11,missing,Apex Loan Servicing,2026-08-22
L-103274,334769.66,11.75,delinquent_90+,120,2026-03-25,verified,Apex Loan Servicing,2026-08-16
L-103275,29761.98,13.57,forbearance,0,2026-02-23,pending,First National,2026-08-23
L-103276,458401.61,13.94,delinquent_90+,45,2026-02-14,pending,ServPro,2026-08-13
L-103277,107772.96,4.78,forbearance,0,2026-05-03,complete,Freedom Mortgage,2026-08-20
L-103278,317499.62,9.57,delinquent_90+,75,2026-04-24,verified,Apex Loan Servicing,2026-08-07
L-103279,175526.42,8.37,forbearance,0,2026-06-25,missing,First National,2026-08-19
L-103280,392658.77,5.56,delinquent_90+,62,2026-02-03,complete,ServPro,2026-08-22
L-103281,207205.85,,,0,,missing,ServPro,2026-08-21
L-103282,209767.12,3.74,delinquent_60,95,2026-05-24,pending,Freedom Mortgage,2026-08-07
L-103283,303432.34,3.02,delinquent_90+,45,2026-01-24,pending,Apex Loan Servicing,2026-08-06
L-103284,270344.25,8.64,delinquent_30,45,2026-02-02,verified,Apex Loan Servicing,2026-08-17
L-103285,207710.61,6.74,delinquent_60,95,,missing,,2026-08-05
L-103286,406353.06,,,0,2026-05-05,,Apex Loan Servicing,2026-08-16
L-103287,209193.93,,,0,,,Freedom Mortgage,2026-08-21
L-103288,36455.64,10.00,delinquent_60,62,2026-06-03,complete,First National,2026-08-12
L-103289,20371.52,3.88,delinquent_60,120,2026-05-23,pending,Freedom Mortgage,2026-08-14
L-103290,103795.84,3.07,delinquent_30,75,2026-01-15,pending,Freedom Mortgage,2026-08-08
L-103291,77931.85,10.35,delinquent_30,31,2026-04-22,missing,Freedom Mortgage,2026-08-27
L-103292,98808.41,7.98,delinquent_30,95,2026-02-14,pending,Apex Loan Servicing,2026-08-01
L-103293,58132.18,7.49,delinquent_90+,45,2026-02-14,verified,Apex Loan Servicing,2026-08-13
L-103294,228841.59,10.61,current,0,2026-04-07,complete,Rocket Servicing,2026-08-12
L-103295,190707.76,,forbearance,0,,verified,,2026-08-01
L-103296,198427.98,5.98,delinquent_60,95,2026-01-04,missing,First National,2026-08-16
L-103297,145466.12,,,0,2026-02-12,complete,,2026-08-11
L-103298,315743.55,14.07,delinquent_90+,95,2026-07-04,pending,First National,2026-08-11
L-103299,341465.43,6.97,delinquent_30,120,2026-03-05,complete,Rocket Servicing,2026-08-17
L-103300,96725.61,7.97,delinquent_90+,120,2026-05-08,missing,Rocket Servicing,2026-08-24
L-103301,27193.36,11.06,delinquent_90+,75,2026-03-11,pending,Apex Loan Servicing,2026-08-12
L-103302,216527.66,6.46,delinquent_30,62,2026-06-17,verified,Freedom Mortgage,2026-08-15
L-103303,260693.88,7.32,delinquent_30,31,2026-08-09,complete,Freedom Mortgage,2026-08-01
L-103304,286679.23,,current,0,2026-07-03,,,2026-08-26
L-103305,405612.46,12.42,delinquent_30,45,2026-04-12,missing,Rocket Servicing,2026-08-22
L-103306,288222.20,4.67,delinquent_60,120,2026-06-19,verified,ServPro,2026-08-11
L-103307,289802.57,14.29,current,0,2026-02-22,pending,ServPro,2026-08-19
L-103308,111162.35,11.00,delinquent_60,75,2026-07-05,verified,Rocket Servicing,2026-08-11
L-103309,329343.64,3.55,delinquent_90+,31,2026-06-17,verified,First National,2026-08-26
L-103310,422142.40,10.41,delinquent_30,45,2026-02-25,pending,Freedom Mortgage,2026-08-13
L-103311,287678.53,7.01,current,0,2026-04-09,verified,ServPro,2026-08-22
L-103312,66704.74,8.59,forbearance,0,2026-04-01,verified,Rocket Servicing,2026-08-13
L-103313,356724.95,11.47,forbearance,0,2026-08-19,pending,ServPro,2026-08-04
L-103314,446284.65,10.85,current,0,2026-04-07,verified,Apex Loan Servicing,2026-08-17
L-103315,424194.54,4.25,delinquent_60,120,2026-07-17,complete,Apex Loan Servicing,2026-08-25
L-103316,373572.61,14.13,delinquent_90+,75,2026-04-02,complete,First National,2026-08-16
L-103317,329895.74,10.21,,,2026-05-28,,,2026-08-26
L-103318,57401.68,14.06,delinquent_90+,75,2026-03-24,verified,Freedom Mortgage,2026-08-13
L-103319,444969.66,5.92,delinquent_30,62,2026-08-27,missing,Apex Loan Servicing,2026-08-04
L-103320,19721.47,12.10,delinquent_60,45,2026-06-19,pending,Apex Loan Servicing,2026-08-17
L-103321,302670.46,11.03,forbearance,0,2026-01-15,verified,Rocket Servicing,2026-08-17
L-103322,218958.75,11.58,delinquent_90+,62,2026-07-22,complete,ServPro,2026-08-16
L-103323,478098.81,5.12,delinquent_60,120,2026-01-16,pending,First National,2026-08-15
L-103324,51484.30,10.74,delinquent_90+,75,2026-07-04,pending,Rocket Servicing,2026-08-22
L-103325,98751.35,8.40,forbearance,0,2026-04-13,pending,Freedom Mortgage,2026-08-07
L-103326,157734.75,2.66,delinquent_30,75,2026-06-05,missing,First National,2026-08-24
L-103327,80345.46,5.35,,0,,missing,First National,2026-08-10
L-103328,79040.71,9.63,current,0,2026-04-05,pending,Freedom Mortgage,2026-08-09
L-103329,40547.37,7.59,forbearance,0,2026-06-02,pending,Rocket Servicing,2026-08-11
L-103330,335058.83,14.34,current,0,2026-03-02,complete,ServPro,2026-08-04
L-103331,39980.38,7.52,delinquent_60,62,2026-06-19,missing,ServPro,2026-08-26
L-103332,368836.38,3.79,forbearance,0,2026-04-22,complete,Freedom Mortgage,2026-08-16
L-103333,364016.78,2.67,delinquent_90+,62,2026-01-15,verified,First National,2026-08-05
L-103334,305352.20,6.88,,0,2026-05-10,,ServPro,2026-08-18
L-103335,122957.88,2.55,delinquent_60,62,2026-06-11,missing,Apex Loan Servicing,2026-08-11
L-103336,260993.45,5.05,delinquent_60,75,2026-01-16,verified,ServPro,2026-08-25
L-103337,153016.38,12.02,delinquent_30,120,2026-03-16,verified,Freedom Mortgage,2026-08-19
L-103338,34315.30,10.64,delinquent_90+,31,2026-01-17,pending,Freedom Mortgage,2026-08-13
L-103339,347414.54,14.30,delinquent_30,75,2026-01-06,pending,Freedom Mortgage,2026-08-02
L-103340,182899.25,6.55,current,0,2026-07-04,verified,Apex Loan Servicing,2026-08-02
L-103341,450811.75,8.05,current,0,2026-06-22,complete,Freedom Mortgage,2026-08-02
L-103342,429672.22,5.01,delinquent_60,95,2026-01-15,verified,Apex Loan Servicing,2026-08-16
L-103343,186636.46,11.24,forbearance,0,2026-04-22,pending,Freedom Mortgage,2026-08-19
L-103344,411204.96,3.37,forbearance,0,2026-03-19,verified,Apex Loan Servicing,2026-08-05
L-103345,431414.87,5.19,delinquent_90+,31,2026-03-06,verified,First National,2026-08-02
L-103346,216123.93,5.86,,0,2026-08-25,,First National,2026-08-11
L-103347,448427.86,,current,,,,ServPro,2026-08-07
L-103348,84520.24,,forbearance,0,,,,2026-08-18
L-103349,11241.95,7.49,delinquent_90+,62,2026-06-05,missing,ServPro,2026-08-14
L-103350,393774.94,12.36,delinquent_90+,62,2026-08-05,missing,Rocket Servicing,2026-08-06
L-103351,108321.48,9.10,delinquent_60,75,2026-08-18,missing,First National,2026-08-15
L-103352,46045.04,9.77,delinquent_90+,62,2026-08-15,verified,First National,2026-08-14
L-103353,249125.82,9.78,delinquent_30,95,2026-05-05,verified,Apex Loan Servicing,2026-08-02
L-103354,69757.16,12.06,delinquent_30,75,2026-02-23,verified,Rocket Servicing,2026-08-04
L-103355,5622.16,4.85,delinquent_90+,31,2026-07-02,missing,ServPro,2026-08-24
L-103356,262805.65,2.63,delinquent_30,31,2026-07-13,missing,ServPro,2026-08-19
L-103357,307089.27,4.23,forbearance,0,2026-04-04,pending,Rocket Servicing,2026-08-05
L-103358,176457.77,14.30,delinquent_60,31,2026-07-26,complete,First National,2026-08-19
L-103359,469124.46,9.18,delinquent_60,95,2026-01-17,verified,First National,2026-08-23
L-103360,226986.16,8.67,delinquent_90+,75,2026-02-12,pending,First National,2026-08-16
L-103361,280016.05,8.16,delinquent_60,31,2026-05-08,pending,ServPro,2026-08-18
L-103362,288623.73,7.94,delinquent_30,120,2026-05-14,complete,First National,2026-08-11
L-103363,48505.61,13.62,forbearance,0,2026-01-02,verified,First National,2026-08-27
L-103364,142303.44,6.85,delinquent_30,31,2026-06-02,pending,Rocket Servicing,2026-08-22
L-103365,330886.84,13.66,delinquent_30,120,2026-03-02,complete,First National,2026-08-22
L-103366,223838.39,10.81,delinquent_60,,,,Freedom Mortgage,2026-08-20
L-103367,287626.44,11.48,delinquent_90+,120,2026-05-09,pending,Rocket Servicing,2026-08-05
L-103368,327145.63,9.89,delinquent_60,120,2026-03-02,missing,First National,2026-08-13
L-103369,452049.94,11.94,,0,,missing,,2026-08-03
L-103370,477798.61,5.36,forbearance,0,2026-04-28,verified,ServPro,2026-08-26
L-103371,357240.34,11.76,forbearance,0,2026-08-13,complete,ServPro,2026-08-25
L-103372,402804.27,6.34,delinquent_90+,31,2026-08-10,complete,Rocket Servicing,2026-08-17
L-103373,295830.37,,,0,,,Apex Loan Servicing,2026-08-02
L-103374,26438.06,6.77,,0,,,Rocket Servicing,2026-08-09
L-103375,273345.28,9.43,delinquent_90+,45,2026-03-09,missing,Freedom Mortgage,2026-08-11
L-103376,60366.00,,current,0,2026-06-26,,,2026-08-23
L-103377,462025.93,5.50,delinquent_90+,95,2026-06-20,pending,Freedom Mortgage,2026-08-03
L-103378,220630.90,,,0,,,Freedom Mortgage,2026-08-21
L-103379,203830.77,,,0,2026-03-12,,,2026-08-20
L-103380,240286.54,13.69,current,0,2026-06-28,missing,Rocket Servicing,2026-08-18
L-103381,395752.08,8.70,delinquent_90+,95,2026-02-23,pending,First National,2026-08-25
L-103382,228478.17,10.70,forbearance,0,2026-05-15,missing,ServPro,2026-08-01
L-103383,441454.18,,,0,,verified,,2026-08-26
L-103384,43286.93,7.66,delinquent_90+,45,2026-08-11,complete,Rocket Servicing,2026-08-12
L-103385,300210.01,13.26,delinquent_90+,75,2026-07-20,verified,Apex Loan Servicing,2026-08-18
L-103386,451836.43,6.47,delinquent_60,62,2026-05-15,missing,First National,2026-08-08
L-103387,281091.21,10.80,,0,2026-04-14,,First National,2026-08-23
L-103388,290981.79,4.68,delinquent_90+,62,2026-02-23,pending,Rocket Servicing,2026-08-13
L-103389,250067.93,2.83,delinquent_30,62,2026-05-26,missing,ServPro,2026-08-20
L-103390,38205.11,,delinquent_60,,,verified,,2026-08-18
L-103391,69648.99,4.09,delinquent_30,31,2026-08-01,verified,Rocket Servicing,2026-08-20
L-103392,21683.53,10.98,,,2026-08-21,missing,Freedom Mortgage,2026-08-08
L-103393,146669.45,14.02,delinquent_30,120,2026-08-03,verified,Freedom Mortgage,2026-08-10
L-103394,172268.36,4.76,current,0,2026-02-05,complete,Freedom Mortgage,2026-08-18
L-103395,238482.80,12.67,forbearance,0,2026-08-18,complete,ServPro,2026-08-14
L-103396,172978.72,6.09,forbearance,0,2026-06-17,verified,ServPro,2026-08-08
L-103397,400855.83,3.46,current,0,2026-03-21,pending,Rocket Servicing,2026-08-05
L-103398,457335.72,10.45,forbearance,0,2026-07-14,complete,Rocket Servicing,2026-08-27
L-103399,428016.62,,forbearance,,2026-05-15,,,2026-08-02
L-103400,26116.61,3.45,delinquent_30,120,2026-03-27,verified,First National,2026-08-26
L-103401,415815.08,5.02,delinquent_30,31,2026-04-28,verified,ServPro,2026-08-17
L-103402,144165.45,11.95,delinquent_90+,95,2026-07-05,verified,Apex Loan Servicing,2026-08-23
L-103403,165513.98,8.15,forbearance,0,2026-08-24,verified,First National,2026-08-24
L-103404,112585.93,5.72,current,0,,,First National,2026-08-14
L-103405,391301.27,11.55,,,,missing,,2026-08-16
L-103406,409400.50,7.93,,0,2026-01-02,,,2026-08-09
L-103407,166337.02,6.78,forbearance,0,2026-08-07,complete,Freedom Mortgage,2026-08-25
L-103408,359095.43,10.53,delinquent_30,45,2026-06-27,verified,First National,2026-08-10
L-103409,379613.19,3.00,delinquent_30,62,2026-06-11,missing,ServPro,2026-08-17
L-103410,380129.92,10.71,forbearance,0,2026-08-15,complete,Rocket Servicing,2026-08-04
L-103411,417986.39,9.20,current,0,2026-06-26,verified,Rocket Servicing,2026-08-13
L-103412,255630.63,12.60,delinquent_60,75,2026-01-10,missing,Apex Loan Servicing,2026-08-22
L-103413,130664.43,10.55,delinquent_90+,120,2026-04-07,pending,Freedom Mortgage,2026-08-20
L-103414,463300.31,4.46,forbearance,0,2026-06-12,verified,ServPro,2026-08-01
L-103415,135428.78,13.19,delinquent_30,120,2026-05-11,missing,Freedom Mortgage,2026-08-14
L-103416,16413.99,9.16,delinquent_60,45,2026-01-03,pending,First National,2026-08-08
L-103417,121346.05,8.64,current,0,2026-04-24,verified,First National,2026-08-25
L-103418,263543.33,5.47,delinquent_90+,95,2026-01-11,complete,First National,2026-08-18
L-103419,454656.74,6.89,delinquent_30,45,2026-08-09,pending,Rocket Servicing,2026-08-13
L-103420,66417.70,10.37,delinquent_90+,45,2026-08-03,missing,ServPro,2026-08-12
L-103421,318523.87,6.92,forbearance,0,2026-05-12,verified,Rocket Servicing,2026-08-19
L-103422,275770.12,14.22,current,0,2026-06-11,pending,ServPro,2026-08-05
L-103423,304982.10,7.82,delinquent_60,95,2026-06-27,missing,First National,2026-08-18
L-103424,319831.98,6.90,,,2026-01-15,pending,,2026-08-25
L-103425,192319.85,6.26,current,0,2026-03-03,missing,Rocket Servicing,2026-08-16
L-103426,24171.09,,,,2026-03-16,verified,Apex Loan Servicing,2026-08-09
L-103427,17217.30,11.27,forbearance,0,2026-03-10,complete,Freedom Mortgage,2026-08-27
L-103428,329520.95,5.40,current,0,2026-03-24,missing,Rocket Servicing,2026-08-01
L-103429,87114.44,4.90,delinquent_90+,45,2026-05-21,complete,Apex Loan Servicing,2026-08-09
L-103430,276545.21,3.56,forbearance,0,2026-01-12,pending,Rocket Servicing,2026-08-16
L-103431,34037.04,2.82,delinquent_90+,95,2026-05-03,pending,Freedom Mortgage,2026-08-05
L-103432,198152.24,3.54,forbearance,0,2026-02-26,complete,Freedom Mortgage,2026-08-26
L-103433,462535.50,14.23,delinquent_60,95,2026-06-16,complete,Freedom Mortgage,2026-08-07
L-103434,330668.68,7.69,delinquent_30,75,2026-07-18,verified,First National,2026-08-06
L-103435,142918.21,4.04,current,0,2026-03-01,pending,Apex Loan Servicing,2026-08-03
L-103436,341180.98,8.53,delinquent_30,31,2026-02-10,missing,Apex Loan Servicing,2026-08-02
L-103437,200780.08,,delinquent_60,,2026-03-07,,,2026-08-04
L-103438,56153.89,9.41,forbearance,0,2026-01-17,pending,First National,2026-08-22
L-103439,460572.97,5.30,,0,,,ServPro,2026-08-21
L-103440,30571.40,6.10,current,0,2026-08-03,complete,Freedom Mortgage,2026-08-23
L-103441,272512.80,9.92,forbearance,0,2026-08-10,complete,Rocket Servicing,2026-08-27
L-103442,58206.89,11.17,delinquent_30,31,2026-04-09,missing,Apex Loan Servicing,2026-08-12
L-103443,460121.07,3.42,forbearance,0,2026-08-25,verified,Rocket Servicing,2026-08-02
L-103444,240567.46,6.66,delinquent_30,62,2026-08-05,pending,First National,2026-08-27
L-103445,359533.41,3.91,current,0,2026-04-22,verified,Apex Loan Servicing,2026-08-24
L-103446,365853.77,12.73,current,0,2026-06-25,verified,First National,2026-08-07
L-103447,185079.96,11.76,current,0,2026-07-13,verified,First National,2026-08-01
L-103448,293579.35,7.33,forbearance,0,2026-07-13,pending,Freedom Mortgage,2026-08-25
L-103449,328563.94,,,0,,,Apex Loan Servicing,2026-08-27
L-103450,99002.85,8.45,current,0,2026-05-21,complete,Apex Loan Servicing,2026-08-14
L-103451,258895.46,,,0,,verified,Rocket Servicing,2026-08-10
L-103452,262312.89,8.81,delinquent_30,95,2026-03-08,verified,Rocket Servicing,2026-08-20
L-103453,404346.56,8.41,delinquent_30,95,2026-06-18,pending,Rocket Servicing,2026-08-18
L-103454,357779.90,6.77,current,0,2026-04-20,complete,Apex Loan Servicing,2026-08-14
L-103455,462831.25,13.53,forbearance,0,2026-03-25,pending,ServPro,2026-08-16
L-103456,436715.94,9.07,delinquent_90+,45,2026-07-19,pending,Freedom Mortgage,2026-08-08
L-103457,20457.24,10.84,delinquent_90+,62,2026-08-12,missing,ServPro,2026-08-14
L-103458,134898.26,7.67,delinquent_90+,120,2026-05-04,verified,Freedom Mortgage,2026-08-16
L-103459,66877.97,7.30,current,0,2026-08-11,missing,Freedom Mortgage,2026-08-19
L-103460,194827.03,3.96,delinquent_60,95,2026-05-01,complete,First National,2026-08-24
L-103461,125204.12,3.45,delinquent_90+,45,2026-02-23,missing,Freedom Mortgage,2026-08-23
L-103462,37509.93,7.47,delinquent_90+,31,2026-02-10,verified,First National,2026-08-07
L-103463,41160.80,8.70,delinquent_30,75,2026-01-26,missing,Rocket Servicing,2026-08-11
L-103464,133066.36,14.16,delinquent_60,45,2026-07-17,pending,ServPro,2026-08-17
L-103465,444327.19,13.82,delinquent_30,75,2026-08-03,missing,First National,2026-08-07
L-103466,173231.85,7.42,,,2026-07-01,,,2026-08-01
L-103467,201489.63,,delinquent_30,45,2026-08-25,pending,,2026-08-08
L-103468,183793.45,9.54,delinquent_60,120,2026-03-23,complete,ServPro,2026-08-24
L-103469,103638.20,12.07,delinquent_30,95,2026-06-22,complete,Apex Loan Servicing,2026-08-11
L-103470,304715.93,2.76,forbearance,0,2026-04-09,complete,Apex Loan Servicing,2026-08-19
L-103471,334257.36,13.38,current,0,2026-02-03,pending,ServPro,2026-08-26
L-103472,303473.21,9.24,,,2026-04-28,verified,ServPro,2026-08-02
L-103473,390368.00,12.23,forbearance,0,2026-06-23,missing,First National,2026-08-10
L-103474,173814.74,5.92,delinquent_90+,75,2026-06-10,pending,First National,2026-08-24
L-103475,231090.09,10.84,delinquent_60,75,2026-03-16,missing,Freedom Mortgage,2026-08-17
L-103476,280480.19,7.48,current,0,2026-08-07,missing,Rocket Servicing,2026-08-15
L-103477,336130.89,6.33,delinquent_30,45,2026-06-22,complete,ServPro,2026-08-23
L-103478,352834.38,9.77,,0,,complete,First National,2026-08-02
L-103479,197391.96,9.17,current,0,2026-03-22,missing,Rocket Servicing,2026-08-15
L-103480,442475.80,2.99,delinquent_60,95,2026-05-18,missing,First National,2026-08-23
L-103481,76132.04,14.46,,,,pending,,2026-08-21
L-103482,343647.35,12.81,delinquent_90+,95,2026-02-22,,,2026-08-07
L-103483,44324.11,13.12,delinquent_90+,62,2026-08-23,verified,First National,2026-08-27
L-103484,66699.96,11.25,current,0,2026-08-02,missing,First National,2026-08-24
L-103485,236629.59,9.42,current,0,2026-07-04,complete,Rocket Servicing,2026-08-13
L-103486,411722.86,,delinquent_30,31,2026-08-12,,,2026-08-26
L-103487,352440.88,6.12,delinquent_90+,45,2026-06-23,pending,Freedom Mortgage,2026-08-16
L-103488,322825.05,14.15,forbearance,0,2026-08-15,complete,First National,2026-08-16
L-103489,426494.15,10.09,delinquent_60,45,2026-03-11,complete,Freedom Mortgage,2026-08-03
L-103490,350360.05,9.16,current,0,2026-03-25,pending,ServPro,2026-08-16
L-103491,283139.07,9.87,delinquent_90+,75,2026-01-05,verified,Rocket Servicing,2026-08-24
L-103492,265924.06,5.08,forbearance,0,2026-06-15,complete,ServPro,2026-08-10
L-103493,397005.26,8.86,current,0,2026-01-27,complete,Freedom Mortgage,2026-08-22
L-103494,229383.61,12.48,forbearance,0,2026-01-15,complete,Freedom Mortgage,2026-08-16
L-103495,33866.10,10.08,delinquent_90+,120,2026-07-25,pending,Freedom Mortgage,2026-08-02
L-103496,404309.95,11.53,current,0,2026-04-09,missing,Apex Loan Servicing,2026-08-05
L-103497,333493.15,8.40,delinquent_60,95,2026-08-28,verified,Freedom Mortgage,2026-08-20
L-103498,33150.96,8.20,delinquent_60,120,2026-05-26,missing,ServPro,2026-08-11
L-103499,207858.49,7.24,delinquent_60,31,2026-03-17,complete,ServPro,2026-08-19
L-103500,388071.02,,delinquent_30,,2026-05-11,,Freedom Mortgage,2026-08-25
L-103501,476055.32,5.21,,0,,pending,Freedom Mortgage,2026-08-24
L-103502,457216.75,5.57,delinquent_30,62,2026-08-08,pending,First National,2026-08-20
L-103503,365494.85,14.49,delinquent_90+,62,2026-01-24,verified,Freedom Mortgage,2026-08-11
L-103504,64443.58,4.26,delinquent_30,62,2026-08-13,verified,Rocket Servicing,2026-08-04
L-103505,100050.19,11.62,forbearance,0,2026-01-02,missing,Freedom Mortgage,2026-08-13
L-103506,369357.86,9.71,delinquent_30,45,2026-03-16,verified,Freedom Mortgage,2026-08-07
L-103507,66521.27,8.89,delinquent_60,120,2026-07-06,pending,ServPro,2026-08-05
L-103508,400627.30,12.26,delinquent_90+,120,2026-03-06,missing,Apex Loan Servicing,2026-08-07
L-103509,103617.75,5.25,delinquent_90+,120,2026-01-01,missing,Freedom Mortgage,2026-08-21
L-103510,21163.94,11.42,current,0,2026-05-07,pending,Freedom Mortgage,2026-08-25
L-103511,249453.26,8.90,delinquent_60,75,2026-02-05,,,2026-08-12
L-103512,428154.69,10.01,current,0,2026-05-15,pending,ServPro,2026-08-04
L-103513,385449.73,10.20,delinquent_60,120,2026-02-16,verified,Apex Loan Servicing,2026-08-22
L-103514,12867.20,14.23,delinquent_90+,62,2026-06-28,missing,Rocket Servicing,2026-08-10
L-103515,333301.39,3.65,delinquent_90+,120,2026-04-15,pending,ServPro,2026-08-10
L-103516,129960.13,4.25,delinquent_90+,45,2026-07-17,missing,Apex Loan Servicing,2026-08-07
L-103517,254932.19,9.17,forbearance,0,2026-01-08,verified,Apex Loan Servicing,2026-08-20
L-103518,440237.73,10.57,delinquent_30,120,2026-04-03,missing,First National,2026-08-08
L-103519,375204.27,10.67,,,,,First National,2026-08-05
L-103520,193158.22,7.71,forbearance,0,2026-07-21,complete,ServPro,2026-08-21
L-103521,475471.82,8.43,delinquent_90+,31,2026-05-27,verified,Freedom Mortgage,2026-08-05
L-103522,175228.07,9.89,current,0,2026-04-17,missing,Freedom Mortgage,2026-08-10
L-103523,172423.09,11.61,,0,,,Freedom Mortgage,2026-08-22
L-103524,102801.66,10.62,delinquent_90+,45,2026-05-20,missing,Apex Loan Servicing,2026-08-10
L-103525,228216.82,6.67,delinquent_60,75,2026-06-14,missing,Freedom Mortgage,2026-08-03
L-103526,108170.20,3.14,current,0,2026-01-22,pending,ServPro,2026-08-07
L-103527,183620.48,10.69,delinquent_30,62,2026-07-22,verified,Freedom Mortgage,2026-08-24
L-103528,93296.57,13.86,delinquent_30,62,2026-08-09,pending,Apex Loan Servicing,2026-08-03
L-103529,190932.56,12.06,forbearance,0,2026-02-02,complete,Rocket Servicing,2026-08-18
L-103530,193256.94,14.14,current,0,2026-08-07,pending,ServPro,2026-08-10
L-103531,363841.03,11.78,forbearance,0,2026-04-22,verified,Apex Loan Servicing,2026-08-12
L-103532,304297.94,5.85,delinquent_90+,75,2026-01-26,complete,Apex Loan Servicing,2026-08-07
L-103533,441267.15,6.01,delinquent_60,120,2026-02-01,missing,Rocket Servicing,2026-08-25
L-103534,122289.28,5.76,delinquent_90+,95,2026-05-09,verified,Freedom Mortgage,2026-08-23
L-103535,116059.40,7.79,forbearance,0,2026-01-24,missing,Freedom Mortgage,2026-08-17
L-103536,19247.36,6.48,delinquent_90+,62,2026-02-18,pending,ServPro,2026-08-18
L-103537,148897.88,7.89,current,0,2026-04-15,missing,Freedom Mortgage,2026-08-27
L-103538,299010.58,8.54,delinquent_90+,45,,,Rocket Servicing,2026-08-02
L-103539,398631.64,7.18,delinquent_90+,95,2026-03-09,,,2026-08-08
L-103540,287560.70,4.62,current,,2026-03-27,complete,,2026-08-22
L-103541,20291.96,5.32,delinquent_90+,31,2026-01-17,complete,Freedom Mortgage,2026-08-11
L-103542,204313.58,5.99,delinquent_90+,31,2026-05-19,complete,Freedom Mortgage,2026-08-16
L-103543,214615.65,8.01,forbearance,0,2026-02-22,complete,ServPro,2026-08-03
L-103544,117926.38,,forbearance,,2026-07-23,missing,Rocket Servicing,2026-08-18
L-103545,342326.31,11.03,current,0,2026-01-02,missing,First National,2026-08-11
L-103546,110265.18,5.10,delinquent_30,95,2026-07-23,verified,First National,2026-08-04
L-103547,249921.84,6.29,current,0,2026-01-06,missing,ServPro,2026-08-07
L-103548,10491.81,14.40,current,0,2026-02-06,missing,Rocket Servicing,2026-08-15
L-103549,293603.10,13.43,forbearance,0,2026-01-13,complete,Apex Loan Servicing,2026-08-10
L-103550,60069.49,13.46,delinquent_60,31,2026-06-11,complete,Apex Loan Servicing,2026-08-04
L-103551,356355.13,9.62,forbearance,0,2026-07-18,verified,First National,2026-08-17
L-103552,318625.54,3.42,current,0,2026-01-21,missing,Apex Loan Servicing,2026-08-05
L-103553,101903.55,4.46,forbearance,0,2026-06-01,verified,First National,2026-08-20
L-103554,78006.67,9.59,delinquent_30,45,2026-02-25,pending,Rocket Servicing,2026-08-19
L-103555,461817.23,3.01,delinquent_60,31,2026-01-27,pending,ServPro,2026-08-22
L-103556,261928.12,8.45,forbearance,0,2026-06-13,pending,ServPro,2026-08-09
L-103557,55452.98,10.79,delinquent_30,75,2026-03-24,complete,Freedom Mortgage,2026-08-02
L-103558,286156.77,12.46,current,0,2026-07-11,verified,First National,2026-08-06
L-103559,296926.05,3.08,current,0,2026-02-04,pending,Freedom Mortgage,2026-08-22
L-103560,110284.70,3.21,delinquent_60,62,2026-08-19,pending,First National,2026-08-14
L-103561,110051.82,11.99,delinquent_60,95,2026-07-18,complete,First National,2026-08-19
L-103562,305801.28,9.35,delinquent_90+,95,2026-01-10,missing,First National,2026-08-12
L-103563,381488.10,,,0,2026-01-17,complete,ServPro,2026-08-26
L-103564,125256.98,11.47,delinquent_90+,31,2026-02-23,,,2026-08-20
L-103565,53548.26,2.96,forbearance,0,2026-04-09,verified,Apex Loan Servicing,2026-08-11
L-103566,390488.64,,delinquent_60,,,,Apex Loan Servicing,2026-08-02
L-103567,67558.89,13.84,delinquent_60,62,2026-07-14,pending,Apex Loan Servicing,2026-08-21
L-103568,400717.96,9.36,current,0,2026-08-09,pending,Apex Loan Servicing,2026-08-09
L-103569,215454.73,9.92,current,0,2026-05-20,missing,ServPro,2026-08-21
L-103570,155193.13,4.79,forbearance,0,2026-05-15,verified,ServPro,2026-08-20
L-103571,254107.29,6.64,current,0,2026-02-13,missing,ServPro,2026-08-05
L-103572,63644.82,14.37,delinquent_90+,95,2026-06-19,complete,Freedom Mortgage,2026-08-26
L-103573,189024.74,9.81,delinquent_90+,75,2026-02-04,verified,ServPro,2026-08-05
L-103574,261568.06,7.72,delinquent_30,62,2026-03-09,verified,Apex Loan Servicing,2026-08-20
L-103575,479012.90,10.60,delinquent_90+,120,2026-01-04,verified,Rocket Servicing,2026-08-13
L-103576,,3.25,delinquent_60,,,verified,,2026-08-05
L-103577,101462.56,4.32,,,,verified,,2026-08-27
L-103578,90382.58,11.44,forbearance,0,2026-05-20,verified,First National,2026-08-15
L-103579,408381.82,6.57,delinquent_30,31,2026-06-24,pending,Rocket Servicing,2026-08-07
L-103580,94498.46,3.93,delinquent_60,62,2026-07-01,missing,Apex Loan Servicing,2026-08-27
L-103581,141873.62,4.29,delinquent_30,45,2026-02-01,complete,Freedom Mortgage,2026-08-19
L-103582,136652.77,,,0,2026-02-09,complete,,2026-08-26
L-103583,444963.02,8.33,delinquent_30,62,2026-04-22,verified,ServPro,2026-08-19
L-103584,76786.95,12.99,current,0,2026-03-04,complete,ServPro,2026-08-17
L-103585,273778.53,10.68,,0,,complete,Apex Loan Servicing,2026-08-04
L-103586,461054.21,12.15,forbearance,0,2026-07-05,missing,Freedom Mortgage,2026-08-14
L-103587,225002.95,11.77,delinquent_90+,45,2026-06-12,verified,ServPro,2026-08-10
L-103588,418698.02,12.90,delinquent_90+,45,2026-05-17,pending,Freedom Mortgage,2026-08-24
L-103589,239645.44,10.02,delinquent_60,62,2026-05-24,pending,Freedom Mortgage,2026-08-21
L-103590,160294.41,3.31,delinquent_90+,95,2026-03-18,complete,Rocket Servicing,2026-08-02
L-103591,124588.53,6.89,forbearance,0,2026-03-17,verified,Freedom Mortgage,2026-08-01
L-103592,214655.86,8.17,delinquent_90+,75,2026-01-18,pending,Apex Loan Servicing,2026-08-18
L-103593,147133.34,10.98,forbearance,0,2026-08-03,pending,First National,2026-08-21
L-103594,103613.42,10.71,delinquent_30,120,2026-07-18,missing,Apex Loan Servicing,2026-08-07
L-103595,145378.77,11.01,delinquent_90+,45,2026-02-22,complete,ServPro,2026-08-27
L-103596,44044.77,11.98,delinquent_60,45,2026-01-21,complete,First National,2026-08-26
L-103597,136747.40,5.93,delinquent_30,95,2026-07-10,missing,ServPro,2026-08-10
L-103598,295856.89,,,0,2026-08-04,complete,Rocket Servicing,2026-08-08
L-103599,83198.14,7.69,forbearance,,2026-08-01,,First National,2026-08-01
L-103600,359498.06,12.00,delinquent_60,45,2026-05-10,verified,Rocket Servicing,2026-08-24
L-103601,337982.57,12.26,delinquent_90+,120,2026-02-24,complete,ServPro,2026-08-17
L-103602,455314.30,14.45,delinquent_30,31,2026-06-19,pending,ServPro,2026-08-20
L-103603,142021.37,12.91,,0,,,Freedom Mortgage,2026-08-07
L-103604,142672.92,5.25,forbearance,0,2026-06-09,complete,ServPro,2026-08-01
L-103605,193262.85,8.06,delinquent_90+,,2026-08-24,,ServPro,2026-08-09
L-103606,462118.64,7.33,delinquent_90+,62,2026-07-01,complete,ServPro,2026-08-13
L-103607,65353.07,,,,2026-04-28,verified,,2026-08-18
L-103608,380460.93,9.68,,,,,Freedom Mortgage,2026-08-01
L-103609,347913.21,6.82,forbearance,0,2026-07-19,pending,First National,2026-08-13
L-103610,464145.61,2.89,delinquent_60,95,2026-06-08,complete,Freedom Mortgage,2026-08-07
L-103611,479841.42,3.60,,,2026-05-28,,ServPro,2026-08-12
L-103612,329049.43,4.68,current,0,2026-07-24,pending,ServPro,2026-08-18
L-103613,341072.30,6.18,delinquent_30,75,2026-05-21,complete,First National,2026-08-23
L-103614,165574.02,6.70,delinquent_60,120,2026-06-19,missing,Freedom Mortgage,2026-08-03
L-103615,242329.31,11.56,current,0,2026-04-25,verified,Freedom Mortgage,2026-08-23
L-103616,278695.27,4.63,delinquent_90+,75,2026-07-17,verified,ServPro,2026-08-16
L-103617,104559.86,11.96,delinquent_90+,31,2026-04-27,missing,First National,2026-08-16
L-103618,478041.31,,current,,2026-05-06,,,2026-08-14
L-103619,411108.52,4.80,forbearance,0,2026-01-22,verified,ServPro,2026-08-04
L-103620,18094.99,3.63,current,0,2026-04-20,complete,Rocket Servicing,2026-08-10
L-103621,5105.74,5.90,delinquent_30,75,2026-05-16,pending,First National,2026-08-09
L-103622,291761.72,3.54,forbearance,0,2026-07-04,verified,Rocket Servicing,2026-08-27
L-103623,292660.05,6.24,forbearance,0,2026-02-11,verified,Freedom Mortgage,2026-08-17
L-103624,17711.58,7.95,forbearance,0,2026-07-15,pending,ServPro,2026-08-15
L-103625,385457.66,11.64,delinquent_90+,45,,,ServPro,2026-08-10
L-103626,188803.11,,forbearance,,2026-08-06,missing,Rocket Servicing,2026-08-20
L-103627,54190.20,12.63,delinquent_60,62,2026-08-20,pending,Freedom Mortgage,2026-08-25
L-103628,226779.92,3.92,delinquent_60,62,2026-02-27,verified,ServPro,2026-08-07
L-103629,91871.46,12.54,delinquent_90+,31,2026-07-17,missing,ServPro,2026-08-17
L-103630,259619.35,10.19,forbearance,0,2026-07-25,complete,First National,2026-08-25
L-103631,324936.38,8.19,delinquent_60,95,2026-07-16,missing,Freedom Mortgage,2026-08-23
L-103632,476608.20,7.43,delinquent_60,75,2026-01-06,verified,Freedom Mortgage,2026-08-05
L-103633,403837.13,10.39,delinquent_60,95,2026-07-26,missing,Rocket Servicing,2026-08-17
L-103634,357172.87,7.12,delinquent_60,95,2026-05-15,complete,Rocket Servicing,2026-08-12
L-103635,389345.55,5.36,delinquent_90+,62,2026-06-21,complete,Freedom Mortgage,2026-08-09
L-103636,194222.79,7.81,delinquent_30,95,2026-01-18,missing,Apex Loan Servicing,2026-08-20
L-103637,309799.31,5.60,current,0,2026-04-15,missing,Rocket Servicing,2026-08-18
L-103638,20455.61,14.11,forbearance,0,2026-01-12,pending,Apex Loan Servicing,2026-08-07
L-103639,62411.17,,,,,verified,Apex Loan Servicing,2026-08-13
L-103640,356658.14,3.01,delinquent_60,31,2026-08-08,verified,Freedom Mortgage,2026-08-02
L-103641,420849.94,3.55,current,0,2026-07-07,pending,Rocket Servicing,2026-08-27
L-103642,305028.87,12.13,delinquent_30,75,2026-06-17,pending,Apex Loan Servicing,2026-08-15
L-103643,100993.22,6.00,delinquent_90+,75,2026-05-21,verified,Rocket Servicing,2026-08-23
L-103644,379624.25,13.31,delinquent_90+,120,2026-01-08,pending,Freedom Mortgage,2026-08-16
L-103645,74652.39,,current,,,,Apex Loan Servicing,2026-08-10
L-103646,38162.50,13.03,current,0,2026-03-21,verified,ServPro,2026-08-02
L-103647,258326.96,10.68,forbearance,0,2026-06-04,verified,Rocket Servicing,2026-08-17
L-103648,98248.34,5.33,current,0,,,,2026-08-14
L-103649,104927.40,13.17,delinquent_90+,120,2026-06-09,verified,Apex Loan Servicing,2026-08-19
L-103650,454272.62,13.44,delinquent_30,75,2026-01-06,verified,First National,2026-08-24
L-103651,255732.24,6.51,delinquent_90+,31,2026-08-03,complete,Freedom Mortgage,2026-08-20
L-103652,94111.54,,,,,verified,Rocket Servicing,2026-08-12
L-103653,284418.60,14.08,current,0,2026-04-08,verified,ServPro,2026-08-17
L-103654,163871.40,10.82,current,0,2026-08-19,complete,First National,2026-08-21
L-103655,197119.67,10.19,current,0,2026-01-27,verified,Rocket Servicing,2026-08-02
L-103656,463668.52,8.83,forbearance,0,2026-05-15,missing,Apex Loan Servicing,2026-08-07
L-103657,113299.06,8.71,delinquent_60,75,2026-04-14,missing,Rocket Servicing,2026-08-23
L-103658,417288.92,13.03,forbearance,0,2026-03-16,pending,Apex Loan Servicing,2026-08-02
L-103659,94842.55,12.90,forbearance,0,2026-04-26,verified,Rocket Servicing,2026-08-08
L-103660,44285.87,8.41,forbearance,0,2026-06-24,missing,Rocket Servicing,2026-08-09
L-103661,266642.30,10.41,delinquent_60,120,2026-04-01,pending,Freedom Mortgage,2026-08-21
L-103662,376088.01,6.96,current,0,2026-06-05,verified,Apex Loan Servicing,2026-08-20
L-103663,293349.56,,,0,2026-07-13,pending,,2026-08-08
L-103664,18942.01,13.20,delinquent_30,62,2026-07-12,missing,First National,2026-08-08
L-103665,286755.09,12.14,delinquent_60,31,2026-03-22,verified,Freedom Mortgage,2026-08-06
L-103666,7080.10,14.20,forbearance,0,2026-06-07,complete,Apex Loan Servicing,2026-08-11
L-103667,23516.47,,delinquent_90+,95,2026-03-26,,First National,2026-08-10
L-103668,64111.79,10.82,forbearance,0,2026-04-02,missing,Rocket Servicing,2026-08-17
L-103669,396663.44,9.70,,,2026-04-19,,Apex Loan Servicing,2026-08-24
L-103670,183005.18,3.52,,,2026-03-16,,,2026-08-05
L-103671,94202.11,8.68,delinquent_30,75,2026-05-28,pending,Apex Loan Servicing,2026-08-12
L-103672,51771.64,6.62,delinquent_60,62,2026-08-22,verified,Apex Loan Servicing,2026-08-26
L-103673,348813.29,6.54,delinquent_60,95,2026-01-08,complete,Apex Loan Servicing,2026-08-04
L-103674,350767.14,12.73,forbearance,0,2026-06-28,missing,Rocket Servicing,2026-08-24
L-103675,189148.29,10.60,delinquent_60,31,2026-05-17,missing,Apex Loan Servicing,2026-08-24
L-103676,343126.56,6.40,current,0,2026-03-21,missing,Rocket Servicing,2026-08-14
L-103677,384963.59,2.82,delinquent_90+,95,2026-06-12,missing,Apex Loan Servicing,2026-08-23
L-103678,179926.97,6.49,forbearance,0,2026-02-28,complete,Apex Loan Servicing,2026-08-25
L-103679,320422.40,7.86,delinquent_60,62,2026-08-25,verified,ServPro,2026-08-16
L-103680,107991.93,7.87,,,,,Rocket Servicing,2026-08-24
L-103681,390424.66,8.29,delinquent_90+,95,2026-01-01,verified,First National,2026-08-23
L-103682,152506.30,10.76,delinquent_90+,,2026-08-09,,,2026-08-24
L-103683,55123.33,7.62,delinquent_30,120,2026-06-26,verified,ServPro,2026-08-04
L-103684,446811.38,11.82,,,2026-07-15,,Rocket Servicing,2026-08-20
L-103685,14890.25,6.11,delinquent_30,45,2026-08-05,verified,ServPro,2026-08-12
L-103686,334379.62,4.92,current,,2026-08-21,complete,,2026-08-02
L-103687,461181.58,6.54,delinquent_30,62,2026-06-12,missing,Rocket Servicing,2026-08-14
L-103688,460154.16,7.59,forbearance,0,2026-04-07,missing,ServPro,2026-08-23
L-103689,368037.68,7.48,current,0,2026-06-25,complete,Rocket Servicing,2026-08-26
L-103690,48537.46,8.53,current,0,2026-05-07,complete,ServPro,2026-08-03
L-103691,161573.76,8.16,delinquent_60,45,2026-02-21,verified,Apex Loan Servicing,2026-08-08
L-103692,204611.13,,,0,,,Apex Loan Servicing,2026-08-19
L-103693,424592.72,14.30,forbearance,0,2026-06-21,complete,First National,2026-08-02
L-103694,380276.26,9.12,forbearance,0,2026-02-03,complete,Rocket Servicing,2026-08-27
L-103695,20664.70,11.00,,0,,pending,Freedom Mortgage,2026-08-19
L-103696,242392.76,3.01,current,0,2026-04-18,verified,Apex Loan Servicing,2026-08-06
L-103697,477284.40,3.25,forbearance,0,2026-04-17,missing,Rocket Servicing,2026-08-15
L-103698,362528.02,7.45,delinquent_90+,75,2026-07-08,missing,Freedom Mortgage,2026-08-24
L-103699,143748.46,8.65,current,0,2026-03-10,pending,ServPro,2026-08-14
L-103700,312915.97,,delinquent_30,,,,Freedom Mortgage,2026-08-25
L-103701,394704.71,7.38,delinquent_90+,95,2026-06-17,complete,Apex Loan Servicing,2026-08-16
L-103702,411000.33,5.77,forbearance,0,2026-03-10,verified,Apex Loan Servicing,2026-08-15
L-103703,150328.81,13.90,delinquent_90+,95,2026-04-26,missing,Freedom Mortgage,2026-08-03
L-103704,161883.57,7.75,delinquent_60,120,2026-03-07,missing,First National,2026-08-05
L-103705,381313.41,9.50,current,0,2026-07-09,verified,ServPro,2026-08-14
L-103706,388714.99,3.27,current,0,2026-03-27,pending,Apex Loan Servicing,2026-08-26
L-103707,120421.79,11.77,delinquent_30,62,2026-07-18,verified,Freedom Mortgage,2026-08-06
L-103708,112614.30,4.99,delinquent_90+,120,2026-05-02,verified,First National,2026-08-07
L-103709,238671.41,6.11,forbearance,0,2026-06-16,pending,First National,2026-08-09
L-103710,160732.55,7.12,delinquent_60,120,2026-08-22,verified,Rocket Servicing,2026-08-27
L-103711,243647.45,9.24,current,0,2026-01-12,missing,First National,2026-08-24
L-103712,126337.92,9.72,delinquent_30,75,,,,2026-08-08
L-103713,462011.19,6.76,delinquent_60,,,missing,Freedom Mortgage,2026-08-02
L-103714,52382.20,14.27,forbearance,0,2026-07-15,missing,ServPro,2026-08-23
L-103715,29086.86,6.41,forbearance,0,2026-02-19,missing,First National,2026-08-26
L-103716,182681.44,3.72,delinquent_30,62,2026-06-02,complete,Rocket Servicing,2026-08-07
L-103717,400653.94,11.01,forbearance,0,2026-08-14,verified,Freedom Mortgage,2026-08-06
L-103718,324018.64,10.80,current,0,2026-05-05,pending,Freedom Mortgage,2026-08-18
L-103719,177724.43,13.54,forbearance,0,2026-02-24,verified,First National,2026-08-02
L-103720,432585.73,10.35,delinquent_60,,2026-07-12,,Apex Loan Servicing,2026-08-20
L-103721,155351.76,8.18,delinquent_30,62,2026-07-04,complete,Rocket Servicing,2026-08-07
L-103722,395274.76,3.04,current,0,2026-08-16,missing,First National,2026-08-08
L-103723,386698.73,9.64,delinquent_30,45,2026-02-13,verified,Rocket Servicing,2026-08-11
L-103724,401327.09,,current,,,missing,Freedom Mortgage,2026-08-03
L-103725,215648.11,5.49,current,0,2026-03-14,verified,ServPro,2026-08-12
L-103726,25536.98,5.16,delinquent_90+,31,2026-07-12,missing,Apex Loan Servicing,2026-08-01
L-103727,74134.25,7.94,delinquent_60,62,2026-03-14,verified,Freedom Mortgage,2026-08-02
L-103728,197461.69,13.20,current,0,2026-03-15,missing,First National,2026-08-01
L-103729,156623.23,13.34,delinquent_90+,95,2026-08-02,verified,Apex Loan Servicing,2026-08-01
L-103730,371985.66,14.16,current,0,2026-02-28,verified,ServPro,2026-08-23
L-103731,389841.64,14.16,delinquent_60,45,2026-04-25,pending,First National,2026-08-21
L-103732,134505.59,5.88,forbearance,0,2026-06-03,verified,Rocket Servicing,2026-08-16
L-103733,430782.63,9.48,delinquent_30,45,2026-02-23,pending,First National,2026-08-05
L-103734,377457.62,10.04,delinquent_60,,,complete,,2026-08-19
L-103735,20569.15,6.16,current,0,2026-06-23,missing,Apex Loan Servicing,2026-08-17
L-103736,28704.20,5.16,delinquent_60,75,2026-06-24,pending,Freedom Mortgage,2026-08-14
L-103737,371816.87,,delinquent_60,,2026-04-15,complete,First National,2026-08-19
L-103738,432361.42,3.93,delinquent_60,45,2026-08-15,complete,Freedom Mortgage,2026-08-04
L-103739,10093.90,14.10,delinquent_60,75,2026-01-04,pending,Rocket Servicing,2026-08-23
L-103740,300639.56,9.12,delinquent_30,45,2026-08-03,verified,Apex Loan Servicing,2026-08-12
L-103741,56509.34,7.04,delinquent_90+,62,2026-01-12,complete,ServPro,2026-08-24
L-103742,32172.51,,,,2026-06-24,,Rocket Servicing,2026-08-27
L-103743,372864.67,9.78,forbearance,0,2026-04-08,complete,ServPro,2026-08-19
L-103744,343859.18,,delinquent_60,,,missing,First National,2026-08-13
L-103745,345753.35,10.05,delinquent_60,45,2026-06-19,pending,Rocket Servicing,2026-08-15
L-103746,417940.53,13.79,delinquent_90+,62,2026-01-19,missing,ServPro,2026-08-06
L-103747,423349.71,6.34,delinquent_30,120,2026-03-15,complete,Apex Loan Servicing,2026-08-22
L-103748,200068.21,11.62,delinquent_90+,120,2026-02-04,verified,Apex Loan Servicing,2026-08-01
L-103749,17535.04,9.78,delinquent_30,75,2026-01-19,complete,Apex Loan Servicing,2026-08-09
L-103750,6656.88,9.17,delinquent_90+,31,2026-01-28,pending,Freedom Mortgage,2026-08-16
L-103751,321716.60,8.83,delinquent_60,120,2026-08-15,verified,ServPro,2026-08-26
L-103752,272504.87,9.56,delinquent_30,120,2026-07-17,pending,First National,2026-08-04
L-103753,316618.02,11.32,delinquent_90+,62,2026-07-01,verified,ServPro,2026-08-07
L-103754,461833.66,6.84,forbearance,0,2026-02-19,pending,Freedom Mortgage,2026-08-02
L-103755,392578.42,12.63,delinquent_30,62,2026-07-08,verified,Rocket Servicing,2026-08-24
L-103756,323354.05,4.60,current,0,2026-01-16,missing,First National,2026-08-14
L-103757,131199.82,12.23,forbearance,0,2026-07-21,verified,Freedom Mortgage,2026-08-12
L-103758,266723.45,11.27,delinquent_90+,120,2026-08-09,verified,Rocket Servicing,2026-08-16
L-103759,118410.08,12.86,forbearance,0,2026-06-21,missing,Freedom Mortgage,2026-08-18
L-103760,89285.78,4.24,current,0,,,,2026-08-27
L-103761,279232.07,10.86,delinquent_60,75,2026-02-05,verified,ServPro,2026-08-04
L-103762,462028.09,9.40,delinquent_30,62,2026-04-22,complete,Freedom Mortgage,2026-08-21
L-103763,249909.81,8.24,delinquent_30,31,2026-06-21,verified,Apex Loan Servicing,2026-08-05
L-103764,376890.47,6.99,delinquent_30,62,2026-06-06,verified,Freedom Mortgage,2026-08-02
L-103765,63847.79,4.74,,,,,Freedom Mortgage,2026-08-13
L-103766,320615.33,4.86,delinquent_60,31,2026-08-08,pending,Freedom Mortgage,2026-08-05
L-103767,44284.43,10.24,forbearance,0,2026-07-11,complete,Freedom Mortgage,2026-08-19
L-103768,330688.54,12.23,delinquent_90+,62,2026-01-11,missing,ServPro,2026-08-23
L-103769,349266.01,11.87,forbearance,0,2026-02-15,missing,Freedom Mortgage,2026-08-03
L-103770,322925.73,5.04,delinquent_60,45,2026-06-08,complete,First National,2026-08-23
L-103771,172066.24,12.78,delinquent_30,75,2026-03-02,missing,Apex Loan Servicing,2026-08-02
L-103772,94345.21,9.60,delinquent_60,75,2026-06-14,pending,Apex Loan Servicing,2026-08-09
L-103773,388128.63,,,0,,,Apex Loan Servicing,2026-08-11
L-103774,194874.47,11.61,delinquent_30,95,2026-05-09,complete,First National,2026-08-26
L-103775,12429.70,4.25,delinquent_90+,120,2026-08-09,pending,Rocket Servicing,2026-08-09
L-103776,76370.50,13.55,current,0,2026-02-28,complete,Apex Loan Servicing,2026-08-18
L-103777,297102.51,9.84,forbearance,0,2026-02-07,pending,Apex Loan Servicing,2026-08-08
L-103778,466287.04,6.35,forbearance,0,2026-05-26,complete,First National,2026-08-03
L-103779,242255.14,12.76,delinquent_60,75,2026-06-13,complete,First National,2026-08-27
L-103780,404742.28,13.05,delinquent_30,75,2026-03-10,missing,Rocket Servicing,2026-08-10
L-103781,82266.53,13.44,current,0,2026-04-11,missing,ServPro,2026-08-20
L-103782,85568.15,10.46,forbearance,0,2026-05-01,verified,First National,2026-08-25
L-103783,321543.79,5.25,delinquent_90+,75,2026-01-26,missing,Rocket Servicing,2026-08-16
L-103784,347352.60,3.11,current,0,2026-04-19,complete,First National,2026-08-15
L-103785,372550.53,3.80,delinquent_30,62,2026-03-03,missing,First National,2026-08-24
L-103786,236612.14,7.29,,,2026-07-17,complete,Apex Loan Servicing,2026-08-11
L-103787,320617.34,3.53,delinquent_60,62,2026-02-07,pending,Freedom Mortgage,2026-08-14
L-103788,352139.14,2.65,forbearance,0,2026-06-20,complete,Rocket Servicing,2026-08-14
L-103789,422652.53,9.12,delinquent_90+,120,2026-02-22,missing,ServPro,2026-08-18
L-103790,386422.10,9.61,delinquent_30,,2026-02-27,complete,,2026-08-21
L-103791,313944.68,4.42,forbearance,0,2026-05-17,complete,Rocket Servicing,2026-08-04
L-103792,334349.52,7.26,,0,2026-04-19,,First National,2026-08-10
L-103793,200789.31,4.35,current,0,2026-03-27,complete,First National,2026-08-15
L-103794,25405.28,3.12,forbearance,0,2026-05-23,missing,ServPro,2026-08-20
L-103795,248907.64,8.75,delinquent_90+,62,2026-05-18,complete,Apex Loan Servicing,2026-08-05
L-103796,451260.41,9.70,delinquent_30,120,2026-07-15,missing,Apex Loan Servicing,2026-08-04
L-103797,153281.32,5.78,forbearance,0,2026-02-11,pending,Freedom Mortgage,2026-08-24
L-103798,53611.98,13.21,current,0,2026-04-02,missing,Freedom Mortgage,2026-08-07
L-103799,421965.58,11.71,delinquent_30,62,2026-03-18,missing,First National,2026-08-24
L-103800,231391.45,,current,,,pending,,2026-08-25
L-103801,464574.43,13.07,,,2026-03-08,verified,ServPro,2026-08-26
L-103802,192691.05,7.12,delinquent_60,45,2026-04-21,verified,ServPro,2026-08-23
L-103803,29609.27,8.97,delinquent_90+,75,2026-03-03,complete,ServPro,2026-08-21
L-103804,381908.56,12.61,current,0,2026-01-08,pending,First National,2026-08-26
L-103805,39695.22,10.76,forbearance,0,2026-08-05,missing,ServPro,2026-08-26
L-103806,168716.02,4.69,delinquent_60,62,2026-02-14,pending,Apex Loan Servicing,2026-08-06
L-103807,405901.53,11.53,delinquent_30,95,2026-06-23,pending,Freedom Mortgage,2026-08-18
L-103808,387345.49,4.53,forbearance,0,2026-04-13,pending,Freedom Mortgage,2026-08-25
L-103809,265908.31,7.62,current,0,2026-08-24,complete,Rocket Servicing,2026-08-06
L-103810,115318.34,13.35,delinquent_90+,120,2026-04-03,missing,Apex Loan Servicing,2026-08-08
L-103811,123487.04,7.62,forbearance,0,2026-03-22,complete,Freedom Mortgage,2026-08-11
L-103812,346959.56,6.65,delinquent_90+,120,2026-01-16,verified,Rocket Servicing,2026-08-01
L-103813,266999.84,11.79,delinquent_60,95,2026-05-22,verified,Freedom Mortgage,2026-08-26
L-103814,184495.27,7.49,delinquent_90+,45,2026-02-08,complete,Rocket Servicing,2026-08-19
L-103815,295171.53,12.38,forbearance,0,2026-05-24,missing,Rocket Servicing,2026-08-24
L-103816,393137.56,12.39,current,,2026-06-20,,,2026-08-03
L-103817,50727.03,7.46,delinquent_60,31,2026-02-01,verified,ServPro,2026-08-10
L-103818,324449.08,14.23,delinquent_90+,45,2026-07-25,missing,Apex Loan Servicing,2026-08-01
L-103819,164207.95,2.87,current,0,2026-08-08,verified,Freedom Mortgage,2026-08-05
L-103820,378751.83,8.09,current,0,,pending,,2026-08-27
L-103821,107827.68,12.41,current,0,2026-03-17,complete,ServPro,2026-08-03
L-103822,419771.58,12.29,forbearance,0,2026-04-12,missing,ServPro,2026-08-24
L-103823,360835.49,13.03,current,0,2026-02-06,verified,Rocket Servicing,2026-08-19
L-103824,364774.52,8.48,delinquent_30,31,2026-02-10,pending,Freedom Mortgage,2026-08-04
L-103825,478248.01,8.55,delinquent_30,45,2026-01-27,verified,Rocket Servicing,2026-08-26
L-103826,427094.57,10.58,current,0,2026-01-08,complete,Apex Loan Servicing,2026-08-26
L-103827,37168.08,6.07,delinquent_60,120,2026-02-22,complete,First National,2026-08-05
L-103828,,3.55,current,,2026-03-17,missing,,2026-08-14
L-103829,293126.62,8.15,delinquent_90+,120,2026-04-06,complete,Rocket Servicing,2026-08-19
L-103830,439511.36,2.63,delinquent_30,31,2026-05-07,missing,ServPro,2026-08-09
L-103831,25609.16,6.83,current,,2026-01-10,verified,,2026-08-01
L-103832,221227.12,3.83,current,0,2026-04-11,missing,Rocket Servicing,2026-08-24
L-103833,27479.43,8.17,delinquent_30,120,2026-03-22,pending,Apex Loan Servicing,2026-08-12
L-103834,413796.96,10.81,delinquent_30,120,2026-02-16,verified,First National,2026-08-23
L-103835,368029.53,13.19,forbearance,0,2026-08-23,verified,ServPro,2026-08-14
L-103836,213028.34,6.95,current,0,2026-04-17,verified,ServPro,2026-08-22
L-103837,136924.12,9.78,current,0,2026-04-20,verified,Freedom Mortgage,2026-08-02
L-103838,23446.56,6.83,forbearance,0,2026-05-11,missing,Apex Loan Servicing,2026-08-14
L-103839,389031.71,3.51,delinquent_90+,120,2026-04-09,complete,Apex Loan Servicing,2026-08-18
L-103840,19545.01,14.04,forbearance,0,2026-07-25,missing,First National,2026-08-08
L-103841,382795.60,6.67,delinquent_90+,62,2026-06-20,pending,Apex Loan Servicing,2026-08-04
L-103842,261183.19,6.40,delinquent_90+,120,2026-03-02,missing,Rocket Servicing,2026-08-27
L-103843,95826.40,5.33,delinquent_30,75,2026-02-22,missing,Rocket Servicing,2026-08-01
L-103844,113254.30,6.27,delinquent_90+,75,2026-01-05,complete,ServPro,2026-08-21
L-103845,313218.42,8.00,delinquent_60,45,2026-01-22,missing,Rocket Servicing,2026-08-22
L-103846,363986.77,10.59,delinquent_60,62,2026-01-15,verified,ServPro,2026-08-15
L-103847,244084.35,8.81,forbearance,0,2026-03-21,pending,First National,2026-08-25
L-103848,356626.92,7.97,delinquent_30,120,2026-01-09,complete,Apex Loan Servicing,2026-08-10
L-103849,465703.64,14.35,delinquent_30,62,2026-07-04,verified,Rocket Servicing,2026-08-22
L-103850,334104.01,13.21,delinquent_60,31,2026-01-23,missing,Apex Loan Servicing,2026-08-14
L-103851,43863.89,7.52,delinquent_60,45,2026-07-05,missing,Rocket Servicing,2026-08-27
L-103852,241343.43,10.85,forbearance,0,2026-07-16,complete,First National,2026-08-26
L-103853,373865.09,8.06,current,0,2026-04-08,pending,Rocket Servicing,2026-08-15
L-103854,318316.40,5.19,current,0,2026-08-08,pending,Rocket Servicing,2026-08-27
L-103855,205993.68,8.86,forbearance,0,2026-08-22,missing,Apex Loan Servicing,2026-08-26
L-103856,33424.90,5.07,current,0,2026-05-26,pending,Apex Loan Servicing,2026-08-04
L-103857,215097.48,9.64,forbearance,0,2026-03-09,verified,Apex Loan Servicing,2026-08-06
L-103858,446318.36,10.66,current,,2026-02-17,,ServPro,2026-08-25
L-103859,121403.98,5.47,delinquent_60,62,2026-07-27,missing,First National,2026-08-17
L-103860,83874.28,6.91,current,0,2026-08-02,complete,Freedom Mortgage,2026-08-09
L-103861,186133.18,10.69,,,2026-05-01,,Rocket Servicing,2026-08-07
L-103862,154721.15,13.00,delinquent_30,45,2026-02-03,missing,Rocket Servicing,2026-08-04
L-103863,58932.76,12.53,current,0,2026-03-01,verified,First National,2026-08-16
L-103864,469441.13,10.30,delinquent_30,31,2026-01-12,pending,Freedom Mortgage,2026-08-03
L-103865,82876.34,12.88,delinquent_90+,120,2026-04-24,missing,Freedom Mortgage,2026-08-18
L-103866,400446.66,3.80,delinquent_60,,,missing,Rocket Servicing,2026-08-24
L-103867,213329.46,,,,2026-06-18,,Freedom Mortgage,2026-08-13
L-103868,346922.41,10.00,current,0,2026-02-09,missing,First National,2026-08-06
L-103869,68444.05,6.67,delinquent_60,95,2026-04-27,missing,Apex Loan Servicing,2026-08-02
L-103870,455777.93,11.34,delinquent_60,120,2026-03-17,complete,Rocket Servicing,2026-08-01
L-103871,240522.74,3.05,delinquent_90+,120,2026-02-19,verified,Freedom Mortgage,2026-08-12
L-103872,338085.15,8.41,,,2026-08-09,missing,,2026-08-25
L-103873,273609.53,5.67,forbearance,0,2026-04-02,missing,ServPro,2026-08-10
L-103874,28184.20,2.60,forbearance,0,2026-03-13,missing,Apex Loan Servicing,2026-08-14
L-103875,240998.57,9.62,,,,missing,,2026-08-21
L-103876,315281.72,7.06,forbearance,0,2026-02-05,complete,First National,2026-08-09
L-103877,363941.39,6.83,delinquent_60,120,2026-04-20,verified,First National,2026-08-03
L-103878,73078.87,9.87,delinquent_30,45,2026-05-15,complete,ServPro,2026-08-19
L-103879,176270.25,13.76,current,0,2026-08-10,pending,First National,2026-08-22
L-103880,31966.56,4.08,current,0,2026-04-24,missing,Freedom Mortgage,2026-08-22
L-103881,246544.88,8.87,delinquent_60,45,2026-08-18,missing,Freedom Mortgage,2026-08-22
L-103882,208005.37,11.94,delinquent_90+,95,2026-05-19,verified,Rocket Servicing,2026-08-11
L-103883,150489.75,10.88,delinquent_60,120,2026-06-27,verified,Apex Loan Servicing,2026-08-04
L-103884,328500.64,,,,,pending,ServPro,2026-08-24
L-103885,439257.44,12.70,delinquent_60,31,2026-03-07,pending,ServPro,2026-08-22
L-103886,53621.97,7.40,delinquent_60,120,2026-01-25,missing,First National,2026-08-09
L-103887,189983.38,10.47,current,0,2026-02-06,verified,Freedom Mortgage,2026-08-17
L-103888,291472.99,2.69,current,0,2026-03-23,pending,Apex Loan Servicing,2026-08-23
L-103889,447345.02,6.00,delinquent_60,95,2026-06-06,pending,ServPro,2026-08-25
L-103890,233721.61,5.77,delinquent_30,95,2026-04-11,missing,Freedom Mortgage,2026-08-25
L-103891,462610.23,9.79,,,,,Apex Loan Servicing,2026-08-06
L-103892,364380.41,3.94,current,0,2026-03-13,complete,ServPro,2026-08-15
L-103893,420428.52,10.04,delinquent_60,120,2026-07-19,verified,Rocket Servicing,2026-08-07
L-103894,274702.52,8.22,current,0,2026-01-12,pending,First National,2026-08-18
L-103895,474368.17,,,,,complete,ServPro,2026-08-20
L-103896,434665.49,3.77,delinquent_30,95,,verified,,2026-08-07
L-103897,135699.62,3.53,delinquent_60,95,2026-06-02,pending,ServPro,2026-08-22
L-103898,182231.19,10.17,current,0,2026-03-14,complete,First National,2026-08-20
L-103899,406503.15,2.83,delinquent_90+,31,2026-03-25,complete,Apex Loan Servicing,2026-08-19
L-103900,169905.56,5.44,delinquent_60,95,2026-07-25,complete,Freedom Mortgage,2026-08-08
L-103901,59619.21,6.83,forbearance,0,,,,2026-08-01
L-103902,31926.38,,delinquent_90+,31,2026-05-03,,ServPro,2026-08-11
L-103903,302004.89,11.31,current,0,2026-04-01,complete,ServPro,2026-08-17
L-103904,313572.32,8.69,delinquent_90+,62,2026-06-22,missing,First National,2026-08-19
L-103905,362702.02,6.14,current,0,2026-05-20,verified,Freedom Mortgage,2026-08-08
L-103906,300461.67,10.63,delinquent_30,75,2026-03-17,verified,Rocket Servicing,2026-08-04
L-103907,64298.99,11.71,delinquent_30,31,2026-05-26,pending,Apex Loan Servicing,2026-08-09
L-103908,158877.53,3.05,delinquent_60,75,2026-03-04,verified,ServPro,2026-08-09
L-103909,446306.77,9.76,delinquent_30,95,2026-05-04,verified,ServPro,2026-08-15
L-103910,270878.50,13.02,delinquent_90+,95,,,Apex Loan Servicing,2026-08-24
L-103911,449600.38,13.28,delinquent_60,95,2026-06-15,missing,Apex Loan Servicing,2026-08-03
L-103912,45870.47,7.24,delinquent_90+,75,2026-03-14,missing,First National,2026-08-17
L-103913,117171.28,9.45,forbearance,0,2026-06-07,verified,ServPro,2026-08-02
L-103914,323247.50,9.40,current,0,2026-07-24,missing,Rocket Servicing,2026-08-22
L-103915,74929.41,13.23,delinquent_30,75,2026-01-09,verified,First National,2026-08-10
L-103916,473231.38,4.91,delinquent_60,31,2026-08-12,verified,Apex Loan Servicing,2026-08-06
L-103917,433814.12,4.17,current,0,2026-04-22,pending,ServPro,2026-08-07
L-103918,373749.36,3.91,delinquent_60,75,2026-08-06,complete,Freedom Mortgage,2026-08-08
L-103919,72384.21,6.60,forbearance,0,2026-06-26,complete,Rocket Servicing,2026-08-08
L-103920,166699.13,7.16,current,0,2026-01-19,complete,Rocket Servicing,2026-08-16
L-103921,106107.26,10.34,current,0,2026-04-01,pending,Rocket Servicing,2026-08-03
L-103922,468380.23,12.36,delinquent_90+,62,2026-04-05,missing,ServPro,2026-08-24
L-103923,131809.61,13.18,forbearance,0,2026-08-28,verified,First National,2026-08-24
L-103924,25667.01,3.03,delinquent_90+,62,2026-07-04,missing,Freedom Mortgage,2026-08-08
L-103925,19908.74,3.11,delinquent_60,120,2026-02-24,verified,Rocket Servicing,2026-08-10
L-103926,338703.76,,delinquent_90+,45,,,,2026-08-03
L-103927,428716.68,10.99,delinquent_60,31,2026-06-09,missing,Apex Loan Servicing,2026-08-14
L-103928,253673.43,5.99,forbearance,0,2026-08-10,complete,Rocket Servicing,2026-08-06
L-103929,176735.14,5.31,current,0,2026-05-04,verified,Freedom Mortgage,2026-08-14
L-103930,81490.78,4.96,,0,2026-04-19,,,2026-08-19
L-103931,253972.62,12.59,delinquent_30,31,2026-06-19,complete,First National,2026-08-15
L-103932,63388.72,12.83,delinquent_30,120,2026-01-10,missing,Apex Loan Servicing,2026-08-09
L-103933,171775.55,7.94,delinquent_90+,31,2026-06-27,missing,First National,2026-08-24
L-103934,313704.17,7.06,current,0,2026-05-11,verified,Apex Loan Servicing,2026-08-19
L-103935,278946.87,13.20,delinquent_90+,120,2026-05-12,verified,ServPro,2026-08-16
L-103936,394137.92,13.85,delinquent_90+,62,2026-08-24,verified,ServPro,2026-08-13
L-103937,233312.52,7.23,forbearance,0,2026-06-05,complete,Apex Loan Servicing,2026-08-22
L-103938,167460.89,10.19,forbearance,0,2026-07-10,missing,Rocket Servicing,2026-08-06
L-103939,243107.64,5.95,forbearance,0,2026-08-17,pending,Apex Loan Servicing,2026-08-18
L-103940,227309.34,6.09,delinquent_60,45,2026-03-01,verified,First National,2026-08-22
L-103941,176862.30,2.99,forbearance,0,2026-03-20,verified,Freedom Mortgage,2026-08-21
L-103942,377932.99,5.81,current,0,2026-07-26,verified,Freedom Mortgage,2026-08-10
L-103943,461044.01,4.93,current,0,2026-04-06,complete,Rocket Servicing,2026-08-08
L-103944,442845.56,10.86,forbearance,0,2026-04-08,complete,First National,2026-08-04
L-103945,246447.36,10.52,delinquent_90+,62,2026-05-17,missing,Rocket Servicing,2026-08-17
L-103946,181477.07,10.86,delinquent_60,45,2026-07-04,missing,First National,2026-08-09
L-103947,253559.16,6.31,,,,,ServPro,2026-08-19
L-103948,99866.46,8.52,current,0,2026-04-11,missing,ServPro,2026-08-14
L-103949,210212.43,13.02,delinquent_30,95,2026-06-23,verified,Rocket Servicing,2026-08-03
L-103950,258595.21,4.19,delinquent_90+,31,2026-02-20,complete,ServPro,2026-08-05
L-103951,455764.50,9.60,delinquent_90+,,,,Apex Loan Servicing,2026-08-10
L-103952,211200.88,,forbearance,,,complete,,2026-08-03
L-103953,6864.19,10.36,delinquent_90+,31,2026-01-22,missing,Freedom Mortgage,2026-08-27
L-103954,24696.20,10.42,delinquent_30,31,2026-03-04,missing,First National,2026-08-19
L-103955,392366.94,11.18,,0,,verified,,2026-08-23
L-103956,198816.30,,delinquent_30,95,,pending,Rocket Servicing,2026-08-02
L-103957,141775.71,11.28,delinquent_90+,45,2026-06-08,complete,Rocket Servicing,2026-08-01
L-103958,403137.47,3.29,delinquent_60,,,,,2026-08-06
L-103959,365984.27,8.85,delinquent_30,62,2026-01-16,missing,Rocket Servicing,2026-08-01
L-103960,105870.16,12.91,delinquent_30,95,2026-01-28,verified,First National,2026-08-05
L-103961,435966.88,2.64,,,2026-08-04,pending,Freedom Mortgage,2026-08-22
L-103962,332493.34,13.76,delinquent_30,75,2026-08-21,pending,ServPro,2026-08-14
L-103963,127196.17,7.27,delinquent_90+,45,2026-08-12,verified,Freedom Mortgage,2026-08-11
L-103964,269772.73,3.78,delinquent_90+,31,2026-03-13,verified,ServPro,2026-08-04
L-103965,329587.12,9.46,forbearance,0,2026-03-20,missing,Freedom Mortgage,2026-08-15
L-103966,400327.66,14.04,delinquent_60,31,2026-02-07,missing,Freedom Mortgage,2026-08-21
L-103967,410972.04,8.98,,0,,missing,Apex Loan Servicing,2026-08-06
L-103968,390869.17,8.18,delinquent_30,120,2026-02-27,pending,Apex Loan Servicing,2026-08-20
L-103969,109997.46,13.53,forbearance,0,2026-02-05,verified,Rocket Servicing,2026-08-20
L-103970,455744.12,12.12,current,,,,,2026-08-26
L-103971,205175.65,10.58,delinquent_30,31,2026-07-28,missing,Apex Loan Servicing,2026-08-03
L-103972,124215.53,12.51,delinquent_30,75,2026-05-07,verified,Rocket Servicing,2026-08-10
L-103973,360655.63,9.26,delinquent_90+,95,2026-02-09,pending,Freedom Mortgage,2026-08-23
L-103974,443554.42,2.59,current,0,2026-08-21,pending,Freedom Mortgage,2026-08-15
L-103975,242607.29,6.33,delinquent_90+,95,2026-01-28,verified,Apex Loan Servicing,2026-08-11
L-103976,55551.20,9.72,delinquent_30,45,2026-06-07,complete,First National,2026-08-02
L-103977,432268.38,10.49,delinquent_30,120,2026-03-11,verified,ServPro,2026-08-15
L-103978,139750.99,6.94,delinquent_90+,31,2026-08-06,missing,ServPro,2026-08-21
L-103979,313040.93,12.14,delinquent_30,45,2026-03-23,missing,ServPro,2026-08-12
L-103980,323322.58,12.77,forbearance,0,2026-05-27,complete,Rocket Servicing,2026-08-10
L-103981,354052.30,6.49,delinquent_90+,62,2026-08-07,missing,First National,2026-08-27
L-103982,179064.18,11.95,delinquent_90+,75,2026-07-12,missing,Apex Loan Servicing,2026-08-14
L-103983,200624.50,3.00,delinquent_30,120,2026-04-15,missing,Freedom Mortgage,2026-08-06
L-103984,192701.73,5.76,delinquent_60,120,2026-03-03,complete,Apex Loan Servicing,2026-08-06
L-103985,165792.95,,delinquent_90+,,2026-06-27,pending,ServPro,2026-08-21
L-103986,140251.59,,delinquent_90+,62,,pending,,2026-08-02
L-103987,236177.65,,delinquent_30,95,2026-03-04,,,2026-08-01
L-103988,100150.14,10.16,delinquent_30,62,2026-04-20,pending,Freedom Mortgage,2026-08-20
L-103989,20645.23,11.10,delinquent_60,95,2026-07-05,missing,First National,2026-08-15
L-103990,326513.76,10.51,delinquent_60,45,2026-01-18,verified,Apex Loan Servicing,2026-08-07
L-103991,316728.74,11.52,delinquent_90+,75,2026-01-02,verified,Apex Loan Servicing,2026-08-05
L-103992,194638.33,14.27,delinquent_90+,95,2026-05-23,pending,ServPro,2026-08-22
L-103993,328003.46,9.28,delinquent_60,45,2026-07-17,pending,Rocket Servicing,2026-08-24
L-103994,185653.31,9.45,delinquent_60,120,2026-07-06,verified,Freedom Mortgage,2026-08-13
L-103995,74512.86,12.19,delinquent_30,62,2026-08-24,pending,ServPro,2026-08-08
L-103996,149480.83,12.43,delinquent_90+,95,2026-03-16,complete,Rocket Servicing,2026-08-15
L-103997,421955.83,7.67,,,,verified,,2026-08-04
L-103998,193031.41,13.98,forbearance,0,2026-07-03,complete,ServPro,2026-08-17
L-103999,265726.30,11.59,forbearance,0,2026-08-20,pending,Rocket Servicing,2026-08-09
L-104000,472865.44,13.17,delinquent_30,120,2026-06-03,verified,Apex Loan Servicing,2026-08-23
L-104001,385000.98,5.25,delinquent_60,62,2026-01-28,pending,Freedom Mortgage,2026-08-04
L-104002,263616.37,3.96,forbearance,0,2026-04-09,verified,ServPro,2026-08-19
L-104003,388350.16,12.49,delinquent_30,75,2026-08-20,pending,Apex Loan Servicing,2026-08-18
L-104004,368081.53,4.39,current,0,2026-02-13,pending,First National,2026-08-17
L-104005,52217.93,4.32,,0,2026-02-07,pending,,2026-08-27
L-104006,307650.87,10.73,current,0,2026-05-25,complete,Apex Loan Servicing,2026-08-18
L-104007,63041.77,,forbearance,0,,verified,ServPro,2026-08-06
L-104008,372309.55,9.97,forbearance,0,2026-01-28,pending,First National,2026-08-22
L-104009,157095.06,13.35,current,0,2026-01-23,complete,First National,2026-08-21
L-104010,478900.24,11.48,delinquent_90+,75,2026-06-27,pending,Freedom Mortgage,2026-08-10
L-104011,256559.61,5.59,delinquent_30,95,2026-08-04,missing,First National,2026-08-11
L-104012,468775.13,,current,,,verified,First National,2026-08-05
L-104013,258193.38,4.74,current,0,2026-05-02,complete,Apex Loan Servicing,2026-08-08
L-104014,353068.62,8.74,forbearance,0,2026-04-10,complete,Freedom Mortgage,2026-08-27
L-104015,,,forbearance,0,,pending,Freedom Mortgage,2026-08-09
L-104016,264532.62,4.17,delinquent_60,45,2026-08-13,pending,Rocket Servicing,2026-08-05
L-104017,25392.26,4.47,delinquent_30,31,2026-02-14,verified,Apex Loan Servicing,2026-08-12
L-104018,83671.55,13.95,delinquent_30,45,2026-07-16,complete,First National,2026-08-24
L-104019,195423.39,8.57,current,0,2026-07-15,verified,Freedom Mortgage,2026-08-20
L-104020,215151.15,6.50,forbearance,0,2026-07-28,missing,Freedom Mortgage,2026-08-14
L-104021,86050.24,2.99,forbearance,0,2026-05-03,verified,Rocket Servicing,2026-08-07
L-104022,15999.08,13.85,current,0,2026-06-26,pending,First National,2026-08-20
L-104023,375170.50,3.23,delinquent_60,31,2026-08-11,missing,First National,2026-08-17
L-104024,237459.44,3.25,,,2026-08-17,,Rocket Servicing,2026-08-14
L-104025,238765.31,11.31,forbearance,0,2026-04-01,verified,ServPro,2026-08-09
L-104026,399619.48,6.58,forbearance,0,2026-04-11,missing,First National,2026-08-03
L-104027,82624.77,4.50,forbearance,0,2026-08-08,pending,Apex Loan Servicing,2026-08-06
L-104028,60957.30,10.78,delinquent_30,45,2026-01-12,complete,First National,2026-08-25
L-104029,97837.29,,delinquent_90+,,2026-01-03,complete,Rocket Servicing,2026-08-01
L-104030,325343.83,10.16,delinquent_60,,,verified,First National,2026-08-24
L-104031,438370.61,7.21,forbearance,0,2026-06-26,verified,Apex Loan Servicing,2026-08-14
L-104032,457261.07,10.07,current,0,2026-03-26,missing,First National,2026-08-15
L-104033,291978.36,6.19,delinquent_60,95,2026-02-08,complete,Apex Loan Servicing,2026-08-02
L-104034,52404.26,11.54,delinquent_60,62,2026-07-16,verified,ServPro,2026-08-15
L-104035,38832.67,12.83,delinquent_30,62,2026-07-24,complete,First National,2026-08-16
L-104036,384303.65,3.63,delinquent_90+,62,2026-06-03,verified,ServPro,2026-08-25
L-104037,124501.72,14.32,,0,2026-04-10,verified,,2026-08-17
L-104038,214203.24,10.39,delinquent_60,45,2026-03-02,missing,Apex Loan Servicing,2026-08-21
L-104039,257754.79,8.79,forbearance,0,2026-08-26,pending,Rocket Servicing,2026-08-23
L-104040,87959.53,8.00,delinquent_30,95,2026-04-07,missing,ServPro,2026-08-22
L-104041,82619.31,13.31,current,0,2026-04-19,verified,ServPro,2026-08-07
L-104042,384957.29,6.20,delinquent_90+,62,2026-05-09,pending,ServPro,2026-08-08
L-104043,115446.37,11.17,delinquent_90+,120,2026-06-05,pending,Apex Loan Servicing,2026-08-03
L-104044,267607.09,10.44,delinquent_90+,45,2026-03-16,pending,Rocket Servicing,2026-08-08
L-104045,412021.61,13.24,delinquent_90+,120,2026-03-02,complete,ServPro,2026-08-14
L-104046,68266.46,,delinquent_60,,2026-07-23,pending,,2026-08-09
L-104047,472850.86,4.62,delinquent_90+,45,2026-07-06,verified,Freedom Mortgage,2026-08-07
L-104048,177458.14,,current,,2026-05-07,,Rocket Servicing,2026-08-10
L-104049,44925.04,3.76,delinquent_60,62,2026-05-10,missing,ServPro,2026-08-21
L-104050,147159.24,12.78,delinquent_60,75,2026-04-17,,,2026-08-04
L-104051,40432.32,9.99,current,0,2026-07-09,verified,Apex Loan Servicing,2026-08-06
L-104052,318798.08,5.96,forbearance,0,2026-08-06,missing,ServPro,2026-08-24
L-104053,424022.41,7.00,forbearance,0,2026-02-12,,,2026-08-08
L-104054,34048.76,6.29,current,0,2026-05-12,complete,Apex Loan Servicing,2026-08-08
L-104055,233050.83,9.33,delinquent_30,31,2026-06-15,pending,Rocket Servicing,2026-08-11
L-104056,478880.03,2.81,forbearance,0,2026-02-05,missing,ServPro,2026-08-10
L-104057,118340.68,8.24,delinquent_90+,45,2026-05-07,complete,First National,2026-08-09
L-104058,11291.99,7.55,forbearance,0,2026-07-04,complete,ServPro,2026-08-26
L-104059,302661.39,5.41,delinquent_90+,62,2026-02-26,pending,First National,2026-08-17
L-104060,288917.61,10.90,current,0,2026-07-11,complete,ServPro,2026-08-03
L-104061,131473.56,3.50,forbearance,0,2026-01-04,complete,Freedom Mortgage,2026-08-11
L-104062,83402.31,4.79,delinquent_90+,31,2026-01-09,complete,Freedom Mortgage,2026-08-16
L-104063,299967.41,7.49,forbearance,0,2026-04-21,pending,First National,2026-08-06
L-104064,298776.67,3.46,forbearance,0,2026-05-05,missing,First National,2026-08-15
L-104065,298496.08,12.27,delinquent_90+,95,2026-05-06,complete,First National,2026-08-21
L-104066,236960.36,12.56,delinquent_30,62,2026-07-01,verified,Freedom Mortgage,2026-08-27
L-104067,251439.04,,delinquent_60,,,missing,,2026-08-15
L-104068,318356.60,10.87,delinquent_30,75,2026-03-19,pending,First National,2026-08-11
L-104069,231983.71,8.13,forbearance,0,2026-04-13,verified,ServPro,2026-08-01
L-104070,346948.13,3.70,delinquent_60,95,2026-04-20,missing,Apex Loan Servicing,2026-08-04
L-104071,371643.36,12.31,delinquent_30,95,2026-01-08,missing,ServPro,2026-08-24
L-104072,12162.22,6.77,forbearance,0,2026-07-20,verified,ServPro,2026-08-23
L-104073,105452.54,6.19,delinquent_90+,75,2026-01-16,missing,First National,2026-08-26
L-104074,189974.45,,delinquent_30,75,2026-05-27,,Rocket Servicing,2026-08-04
L-104075,421313.34,4.07,delinquent_60,62,2026-05-02,missing,Apex Loan Servicing,2026-08-21
L-104076,136299.41,5.43,,,2026-08-25,missing,,2026-08-02
L-104077,348299.55,7.51,delinquent_60,62,2026-08-08,verified,Rocket Servicing,2026-08-18
L-104078,384478.81,6.73,delinquent_30,62,2026-02-06,pending,Rocket Servicing,2026-08-27
L-104079,398988.64,7.53,forbearance,0,2026-01-03,verified,Rocket Servicing,2026-08-25
L-104080,436194.97,9.95,forbearance,0,,,ServPro,2026-08-11
L-104081,104287.15,9.99,delinquent_90+,62,2026-01-05,complete,Freedom Mortgage,2026-08-22
L-104082,132872.35,7.75,current,0,2026-05-25,complete,Rocket Servicing,2026-08-19
L-104083,452138.80,5.89,delinquent_90+,95,2026-06-16,missing,Freedom Mortgage,2026-08-27
L-104084,166836.64,10.99,delinquent_30,120,2026-08-13,pending,Rocket Servicing,2026-08-06
L-104085,203184.53,6.25,delinquent_90+,120,2026-03-01,missing,First National,2026-08-17
L-104086,15650.46,11.99,delinquent_30,62,2026-07-03,complete,Apex Loan Servicing,2026-08-20
L-104087,240612.48,7.89,forbearance,0,2026-03-21,verified,Rocket Servicing,2026-08-20
L-104088,94582.07,5.12,forbearance,0,2026-01-10,complete,Apex Loan Servicing,2026-08-03
L-104089,387112.95,12.16,current,0,2026-04-07,pending,First National,2026-08-17
L-104090,143640.85,3.54,delinquent_60,45,2026-07-21,verified,First National,2026-08-22
L-104091,46401.86,8.15,forbearance,0,2026-01-24,,,2026-08-06
L-104092,36736.68,9.46,delinquent_90+,75,2026-07-16,verified,ServPro,2026-08-15
L-104093,170582.11,6.47,current,,,,Freedom Mortgage,2026-08-09
L-104094,244525.52,9.86,delinquent_60,45,2026-06-25,complete,First National,2026-08-02
L-104095,395728.00,8.95,,,2026-03-07,,,2026-08-23
L-104096,38170.69,,,,,missing,Rocket Servicing,2026-08-24
L-104097,225642.28,4.22,delinquent_60,31,2026-07-05,verified,First National,2026-08-13
L-104098,345718.14,6.34,current,0,2026-05-10,verified,ServPro,2026-08-06
L-104099,336200.05,14.24,delinquent_60,95,2026-04-24,missing,Freedom Mortgage,2026-08-15
L-104100,279976.98,5.49,delinquent_30,95,2026-05-02,verified,Apex Loan Servicing,2026-08-11
L-104101,441157.68,6.64,current,0,2026-03-08,missing,Apex Loan Servicing,2026-08-20
L-104102,260081.15,,,,2026-02-19,missing,Apex Loan Servicing,2026-08-12
L-104103,187444.21,11.20,forbearance,0,2026-02-24,missing,Rocket Servicing,2026-08-27
L-104104,316985.39,6.02,delinquent_60,75,2026-05-25,missing,Freedom Mortgage,2026-08-08
L-104105,7804.90,5.59,delinquent_60,45,2026-05-28,pending,Apex Loan Servicing,2026-08-13
L-104106,178602.15,5.57,current,0,2026-02-17,verified,ServPro,2026-08-20
L-104107,368136.82,4.00,delinquent_60,75,2026-08-02,pending,ServPro,2026-08-16
L-104108,32215.48,,,,2026-05-22,complete,,2026-08-15
L-104109,342765.56,12.44,delinquent_90+,45,2026-05-23,verified,First National,2026-08-22
L-104110,,,,,2026-08-19,pending,First National,2026-08-13
L-104111,171273.86,6.38,delinquent_30,75,2026-06-10,pending,Apex Loan Servicing,2026-08-23
L-104112,420137.48,12.93,forbearance,0,2026-07-16,missing,First National,2026-08-12
L-104113,205879.86,13.11,forbearance,0,2026-02-12,missing,ServPro,2026-08-04
L-104114,178282.69,7.49,delinquent_90+,31,2026-07-14,missing,First National,2026-08-19
L-104115,167276.68,13.09,,,,missing,,2026-08-04
L-104116,60369.37,13.38,delinquent_30,45,2026-06-14,pending,Freedom Mortgage,2026-08-05
L-104117,293320.96,,,0,2026-02-19,,Freedom Mortgage,2026-08-03
L-104118,309588.57,7.66,forbearance,0,2026-08-28,missing,Apex Loan Servicing,2026-08-27
L-104119,421743.84,9.46,forbearance,0,2026-05-17,verified,Apex Loan Servicing,2026-08-25
L-104120,303049.69,14.38,delinquent_30,31,2026-07-08,complete,Rocket Servicing,2026-08-06
L-104121,29201.37,11.00,delinquent_90+,95,2026-03-06,missing,Apex Loan Servicing,2026-08-24
L-104122,440439.31,5.32,current,0,2026-03-16,missing,ServPro,2026-08-19
L-104123,57533.22,7.19,current,0,2026-02-19,verified,Freedom Mortgage,2026-08-15
L-104124,314503.16,12.54,delinquent_60,120,2026-06-08,verified,First National,2026-08-14
L-104125,87543.96,2.64,delinquent_30,62,2026-07-16,pending,Rocket Servicing,2026-08-16
L-104126,191006.62,11.28,delinquent_30,95,2026-05-26,complete,First National,2026-08-26
L-104127,358633.98,,delinquent_90+,45,2026-01-07,pending,,2026-08-10
L-104128,87704.49,7.83,delinquent_90+,45,2026-06-05,pending,Rocket Servicing,2026-08-27
L-104129,60069.55,8.68,delinquent_30,31,2026-04-27,complete,ServPro,2026-08-27
L-104130,346940.25,6.45,delinquent_90+,45,2026-02-18,missing,Freedom Mortgage,2026-08-21
L-104131,420445.08,11.02,current,0,2026-03-17,complete,ServPro,2026-08-16
L-104132,19259.51,13.77,delinquent_90+,75,2026-07-13,pending,ServPro,2026-08-21
L-104133,297921.36,8.26,forbearance,0,2026-02-21,pending,Freedom Mortgage,2026-08-14
L-104134,160025.39,8.69,delinquent_60,31,2026-04-07,verified,Apex Loan Servicing,2026-08-02
L-104135,322225.44,9.71,current,0,2026-04-16,missing,Freedom Mortgage,2026-08-12
L-104136,99019.31,11.41,delinquent_30,45,2026-05-24,missing,Freedom Mortgage,2026-08-23
L-104137,332114.83,7.47,current,0,2026-06-02,pending,First National,2026-08-12
L-104138,221018.03,3.24,current,0,2026-03-23,verified,Rocket Servicing,2026-08-05
L-104139,384678.13,,forbearance,,2026-04-17,,,2026-08-17
L-104140,436928.39,13.38,current,0,2026-06-04,missing,Apex Loan Servicing,2026-08-15
L-104141,201486.56,9.39,delinquent_30,75,2026-02-14,missing,ServPro,2026-08-14
L-104142,70391.39,13.33,delinquent_30,45,2026-07-04,missing,Rocket Servicing,2026-08-23
L-104143,321544.70,2.78,delinquent_30,95,2026-05-18,missing,Apex Loan Servicing,2026-08-25
L-104144,389174.13,7.41,,,2026-07-03,,,2026-08-24
L-104145,441314.56,8.93,delinquent_90+,62,2026-06-01,complete,Apex Loan Servicing,2026-08-03
L-104146,287310.51,11.14,delinquent_90+,95,2026-04-05,pending,Apex Loan Servicing,2026-08-23
L-104147,357092.46,11.67,forbearance,0,2026-04-13,complete,First National,2026-08-19
L-104148,46306.15,10.15,current,0,2026-07-13,complete,Apex Loan Servicing,2026-08-25
L-104149,114126.80,2.91,forbearance,0,2026-08-18,complete,ServPro,2026-08-05
L-104150,10418.12,13.33,delinquent_30,120,2026-04-18,complete,First National,2026-08-06
L-104151,298457.59,7.25,delinquent_90+,75,2026-04-15,pending,First National,2026-08-07
L-104152,111183.97,11.79,forbearance,0,2026-04-13,missing,ServPro,2026-08-16
L-104153,141326.13,9.45,current,0,2026-06-13,missing,ServPro,2026-08-26
L-104154,97048.69,7.40,delinquent_90+,31,2026-06-09,verified,ServPro,2026-08-07
L-104155,41049.96,5.52,forbearance,0,2026-01-19,missing,Rocket Servicing,2026-08-14
L-104156,315556.16,8.44,delinquent_30,120,2026-01-25,missing,Apex Loan Servicing,2026-08-17
L-104157,64143.18,12.70,delinquent_60,45,2026-02-05,pending,ServPro,2026-08-27
L-104158,65695.45,5.77,delinquent_90+,95,2026-01-22,complete,Apex Loan Servicing,2026-08-11
L-104159,150281.15,12.69,delinquent_60,75,2026-02-27,missing,Apex Loan Servicing,2026-08-26
L-104160,353324.91,2.99,current,0,2026-01-02,verified,Freedom Mortgage,2026-08-17
L-104161,157107.35,7.21,delinquent_30,120,2026-05-24,verified,Rocket Servicing,2026-08-08
L-104162,362787.80,5.28,forbearance,0,2026-01-18,missing,First National,2026-08-07
L-104163,100535.72,13.86,delinquent_90+,75,2026-02-17,pending,Freedom Mortgage,2026-08-04
L-104164,37187.89,13.69,forbearance,0,2026-05-21,pending,Rocket Servicing,2026-08-21
L-104165,83874.76,10.37,delinquent_30,62,2026-05-28,complete,Apex Loan Servicing,2026-08-10
L-104166,34950.35,4.68,forbearance,0,2026-08-20,complete,Freedom Mortgage,2026-08-25
L-104167,122278.71,9.01,delinquent_90+,120,2026-07-15,verified,ServPro,2026-08-02
L-104168,188940.20,4.48,forbearance,0,2026-06-27,complete,Freedom Mortgage,2026-08-25
L-104169,152127.62,10.27,forbearance,0,2026-08-18,pending,Apex Loan Servicing,2026-08-15
L-104170,98362.62,,,,2026-04-06,pending,,2026-08-21
L-104171,329939.73,7.87,current,0,2026-03-13,verified,Freedom Mortgage,2026-08-17
L-104172,151735.72,,current,0,,missing,First National,2026-08-08
L-104173,31828.18,,delinquent_90+,75,,verified,ServPro,2026-08-16
L-104174,442887.00,10.95,forbearance,0,2026-03-25,complete,Freedom Mortgage,2026-08-02
L-104175,471718.81,7.83,delinquent_90+,62,2026-01-12,pending,Freedom Mortgage,2026-08-22
L-104176,104376.74,2.66,delinquent_90+,75,2026-08-04,pending,Rocket Servicing,2026-08-25
L-104177,319635.36,4.60,delinquent_60,62,2026-08-03,pending,ServPro,2026-08-10
L-104178,201748.40,13.88,delinquent_60,31,2026-05-11,pending,ServPro,2026-08-12
L-104179,173835.94,11.13,delinquent_60,120,2026-03-28,missing,Freedom Mortgage,2026-08-24
L-104180,405726.02,9.74,current,0,2026-02-27,missing,First National,2026-08-25
L-104181,393993.93,6.28,delinquent_90+,75,2026-04-26,pending,Apex Loan Servicing,2026-08-12
L-104182,201511.22,5.94,delinquent_90+,75,2026-01-21,missing,First National,2026-08-22
L-104183,475204.75,2.61,forbearance,0,2026-04-17,pending,First National,2026-08-19
L-104184,157018.18,,,,2026-07-02,pending,Rocket Servicing,2026-08-24
L-104185,168448.72,4.93,delinquent_30,45,2026-03-08,missing,Apex Loan Servicing,2026-08-12
L-104186,415198.32,,delinquent_60,,,verified,Apex Loan Servicing,2026-08-21
L-104187,,10.18,delinquent_30,62,2026-03-15,,,2026-08-03
L-104188,320918.96,11.47,delinquent_90+,45,2026-07-19,verified,Rocket Servicing,2026-08-16
L-104189,387580.56,13.93,delinquent_30,120,2026-08-01,pending,Apex Loan Servicing,2026-08-12
L-104190,137576.87,9.22,delinquent_90+,120,2026-03-14,complete,Apex Loan Servicing,2026-08-07
L-104191,383349.61,4.36,forbearance,0,2026-05-03,pending,Freedom Mortgage,2026-08-05
L-104192,336173.13,12.90,delinquent_90+,45,2026-06-08,missing,First National,2026-08-17
L-104193,167319.84,5.84,forbearance,0,2026-03-11,pending,First National,2026-08-09
L-104194,29303.83,5.29,delinquent_90+,45,2026-01-07,pending,Apex Loan Servicing,2026-08-05
L-104195,95622.41,10.51,forbearance,0,2026-01-10,verified,Apex Loan Servicing,2026-08-27
L-104196,456830.86,6.82,current,0,2026-07-27,verified,Freedom Mortgage,2026-08-03
L-104197,198696.93,,forbearance,,,,Rocket Servicing,2026-08-13
L-104198,328039.59,12.39,,,,pending,,2026-08-07
L-104199,104435.16,6.84,delinquent_90+,45,2026-05-13,verified,Freedom Mortgage,2026-08-13
L-104200,120941.32,12.72,delinquent_60,75,2026-01-04,verified,Freedom Mortgage,2026-08-24
L-104201,428776.34,8.67,current,0,2026-04-07,verified,Rocket Servicing,2026-08-20
L-104202,479401.41,5.91,delinquent_90+,62,2026-02-21,complete,ServPro,2026-08-26
L-104203,34004.97,,,0,,complete,,2026-08-13
L-104204,370086.63,7.68,delinquent_30,95,2026-05-12,missing,Rocket Servicing,2026-08-03
L-104205,439049.34,12.74,delinquent_90+,,2026-03-06,,Apex Loan Servicing,2026-08-12
L-104206,186758.63,10.11,forbearance,0,2026-05-17,verified,First National,2026-08-02
L-104207,201921.71,3.03,current,0,2026-03-28,verified,First National,2026-08-10
L-104208,13354.05,3.75,delinquent_60,95,2026-06-07,complete,ServPro,2026-08-27
L-104209,302581.08,,forbearance,,2026-05-11,,ServPro,2026-08-08
L-104210,75063.13,3.41,delinquent_60,31,2026-03-22,missing,Freedom Mortgage,2026-08-07
L-104211,276811.85,6.66,delinquent_60,31,2026-08-03,complete,First National,2026-08-22
L-104212,86479.79,8.69,current,0,2026-03-08,complete,Rocket Servicing,2026-08-21
L-104213,19454.88,7.61,delinquent_90+,31,2026-05-18,missing,Freedom Mortgage,2026-08-08
L-104214,373696.53,8.50,current,0,2026-05-15,missing,Rocket Servicing,2026-08-09
L-104215,36344.16,9.25,forbearance,0,2026-03-10,pending,Freedom Mortgage,2026-08-01
L-104216,90453.78,14.00,forbearance,0,2026-02-12,pending,First National,2026-08-17
L-104217,479718.73,6.75,current,0,2026-08-28,verified,Apex Loan Servicing,2026-08-01
L-104218,163728.10,3.05,delinquent_60,31,,,ServPro,2026-08-24
L-104219,145289.52,,,,,complete,Freedom Mortgage,2026-08-27
L-104220,361440.73,6.88,delinquent_30,75,2026-05-20,verified,Freedom Mortgage,2026-08-26
L-104221,271548.06,8.57,delinquent_60,62,2026-01-25,pending,ServPro,2026-08-21
L-104222,127023.08,9.65,forbearance,0,2026-05-05,missing,Apex Loan Servicing,2026-08-01
L-104223,395037.25,5.95,delinquent_90+,120,,,Freedom Mortgage,2026-08-27
L-104224,32182.41,,delinquent_60,,2026-08-22,,,2026-08-04
L-104225,18172.59,6.28,forbearance,0,2026-03-07,verified,ServPro,2026-08-06
L-104226,333612.13,8.30,delinquent_60,62,2026-08-19,pending,Apex Loan Servicing,2026-08-04
L-104227,235101.92,5.52,current,0,2026-01-07,missing,Rocket Servicing,2026-08-13
L-104228,427590.63,10.75,forbearance,0,2026-07-11,verified,Freedom Mortgage,2026-08-16
L-104229,7333.24,4.12,delinquent_90+,75,,,,2026-08-24
L-104230,263034.83,13.08,delinquent_90+,62,2026-02-05,complete,Apex Loan Servicing,2026-08-04
L-104231,68060.40,8.90,,0,,,,2026-08-19
L-104232,7254.89,5.09,delinquent_30,62,2026-02-13,complete,Freedom Mortgage,2026-08-13
L-104233,341562.01,8.30,delinquent_90+,62,2026-03-23,verified,ServPro,2026-08-18
L-104234,228193.18,,,0,2026-02-15,,,2026-08-11
L-104235,188100.00,,,0,,,Rocket Servicing,2026-08-06
L-104236,422614.00,8.68,forbearance,0,2026-04-01,pending,Apex Loan Servicing,2026-08-25
L-104237,119156.46,6.90,delinquent_90+,31,2026-06-07,pending,Apex Loan Servicing,2026-08-26
L-104238,227294.61,5.34,current,0,2026-02-03,missing,Apex Loan Servicing,2026-08-26
L-104239,401989.57,6.15,delinquent_60,62,2026-08-07,verified,ServPro,2026-08-02
L-104240,291498.46,,,0,,,Rocket Servicing,2026-08-27
L-104241,468914.64,6.54,delinquent_90+,75,2026-04-20,verified,First National,2026-08-25
L-104242,320078.69,11.78,delinquent_60,31,2026-06-16,pending,ServPro,2026-08-18
L-104243,351418.04,3.66,current,0,2026-01-10,complete,ServPro,2026-08-11
L-104244,308585.42,13.18,current,0,2026-08-28,pending,First National,2026-08-22
L-104245,381671.10,7.98,delinquent_90+,31,2026-07-19,complete,ServPro,2026-08-11
L-104246,90993.12,7.42,delinquent_60,31,2026-02-02,missing,Apex Loan Servicing,2026-08-11
L-104247,269067.56,11.07,delinquent_90+,31,2026-03-13,missing,ServPro,2026-08-23
L-104248,283752.11,3.91,,0,2026-08-25,,Apex Loan Servicing,2026-08-20
L-104249,258663.30,6.90,delinquent_30,62,2026-02-20,verified,First National,2026-08-21
L-104250,52462.28,10.85,forbearance,0,2026-06-12,pending,ServPro,2026-08-23
L-104251,256565.84,6.92,,,,,ServPro,2026-08-16
L-104252,150077.23,7.72,forbearance,0,2026-05-09,complete,Rocket Servicing,2026-08-24
L-104253,414189.67,5.76,delinquent_90+,62,2026-07-02,pending,Freedom Mortgage,2026-08-25
L-104254,293451.90,,,,,pending,Apex Loan Servicing,2026-08-14
L-104255,81631.06,11.30,forbearance,0,2026-06-24,missing,Freedom Mortgage,2026-08-15
L-104256,357754.33,5.60,forbearance,0,2026-08-19,pending,Rocket Servicing,2026-08-04
L-104257,309986.35,9.66,delinquent_30,75,2026-07-21,missing,Rocket Servicing,2026-08-15
L-104258,178956.98,13.32,delinquent_90+,95,2026-04-22,verified,First National,2026-08-02
L-104259,158241.89,14.19,delinquent_30,62,2026-01-26,verified,ServPro,2026-08-15
L-104260,55738.71,,,0,,missing,Freedom Mortgage,2026-08-23
L-104261,432680.45,13.60,delinquent_60,75,2026-01-02,missing,First National,2026-08-07
L-104262,193501.75,8.43,delinquent_60,45,2026-08-25,complete,ServPro,2026-08-04
L-104263,423639.58,9.41,delinquent_90+,31,2026-08-14,pending,Rocket Servicing,2026-08-01
L-104264,383459.66,6.05,delinquent_90+,45,2026-01-23,missing,Freedom Mortgage,2026-08-17
L-104265,52828.59,13.40,delinquent_90+,75,2026-07-05,pending,ServPro,2026-08-02
L-104266,472409.06,,,,2026-04-19,complete,Rocket Servicing,2026-08-17
L-104267,204978.69,13.13,delinquent_30,62,2026-07-02,missing,ServPro,2026-08-26
L-104268,428381.75,4.39,current,0,2026-04-14,complete,ServPro,2026-08-23
L-104269,157129.42,12.05,delinquent_60,31,2026-03-13,complete,Freedom Mortgage,2026-08-09
L-104270,213549.98,14.39,delinquent_30,31,2026-03-05,complete,ServPro,2026-08-13
L-104271,158411.53,10.37,delinquent_60,45,2026-03-09,pending,First National,2026-08-23
L-104272,469472.47,5.83,delinquent_60,45,2026-03-17,verified,First National,2026-08-15
L-104273,10712.62,9.15,current,0,2026-04-17,complete,Rocket Servicing,2026-08-15
L-104274,215701.32,9.20,,0,,verified,Rocket Servicing,2026-08-12
L-104275,181837.63,7.41,delinquent_60,31,2026-01-15,complete,Rocket Servicing,2026-08-22
L-104276,241419.83,6.87,delinquent_30,95,2026-06-02,verified,Apex Loan Servicing,2026-08-16
L-104277,131794.85,3.61,delinquent_30,62,2026-07-21,pending,Rocket Servicing,2026-08-18
L-104278,76472.83,7.29,delinquent_60,75,2026-01-02,verified,Freedom Mortgage,2026-08-11
L-104279,34881.59,3.55,forbearance,0,2026-08-23,missing,First National,2026-08-19
L-104280,470147.31,,delinquent_90+,,2026-04-09,,,2026-08-25
L-104281,388436.48,6.51,current,0,2026-02-20,verified,ServPro,2026-08-23
L-104282,193437.76,10.70,current,,,missing,Freedom Mortgage,2026-08-23
L-104283,209977.05,6.52,delinquent_30,45,2026-03-28,missing,ServPro,2026-08-02
L-104284,247277.53,14.26,current,0,2026-02-09,complete,Freedom Mortgage,2026-08-19
L-104285,39343.31,9.20,delinquent_60,31,2026-05-08,verified,Rocket Servicing,2026-08-18
L-104286,440724.23,10.27,current,0,2026-03-13,complete,ServPro,2026-08-25
L-104287,123626.05,11.23,forbearance,0,2026-01-11,complete,Rocket Servicing,2026-08-21
L-104288,246237.28,9.06,delinquent_60,31,2026-04-07,missing,First National,2026-08-11
L-104289,267611.44,11.39,current,0,2026-06-13,pending,Rocket Servicing,2026-08-21
L-104290,396210.88,7.69,forbearance,0,2026-01-21,pending,First National,2026-08-25
L-104291,274987.93,,delinquent_90+,31,,pending,First National,2026-08-06
L-104292,423046.54,13.37,delinquent_90+,75,2026-05-05,complete,Freedom Mortgage,2026-08-23
L-104293,350434.45,9.29,delinquent_30,75,2026-03-02,verified,Rocket Servicing,2026-08-20
L-104294,270999.77,12.57,forbearance,0,2026-06-20,complete,Freedom Mortgage,2026-08-13
L-104295,465093.71,2.51,delinquent_30,31,2026-05-24,verified,Rocket Servicing,2026-08-14
L-104296,344831.11,12.96,delinquent_90+,75,2026-06-16,complete,Freedom Mortgage,2026-08-01
L-104297,243121.98,,,,2026-07-10,,First National,2026-08-13
L-104298,348952.25,13.68,delinquent_60,45,,,Freedom Mortgage,2026-08-25
L-104299,476778.35,,forbearance,0,,verified,ServPro,2026-08-09
L-104300,157282.57,3.68,delinquent_30,120,2026-06-27,missing,ServPro,2026-08-09
L-104301,244393.05,2.66,delinquent_60,95,2026-04-19,pending,Rocket Servicing,2026-08-02
L-104302,180271.70,10.10,delinquent_60,45,2026-08-17,missing,Apex Loan Servicing,2026-08-18
L-104303,64367.57,4.56,delinquent_90+,95,2026-07-12,verified,Apex Loan Servicing,2026-08-07
L-104304,82535.48,5.38,,0,,,,2026-08-18
L-104305,125800.50,8.89,forbearance,,,missing,Rocket Servicing,2026-08-21
L-104306,401638.14,12.35,current,0,2026-03-26,pending,Apex Loan Servicing,2026-08-01
L-104307,68421.79,3.47,current,0,2026-07-05,missing,Rocket Servicing,2026-08-01
L-104308,365240.24,5.94,delinquent_90+,45,2026-06-22,pending,Rocket Servicing,2026-08-04
L-104309,403496.27,5.88,delinquent_30,95,2026-02-01,pending,Freedom Mortgage,2026-08-08
L-104310,63755.73,8.84,delinquent_90+,75,2026-01-14,verified,ServPro,2026-08-24
L-104311,51356.61,,,0,2026-01-10,complete,,2026-08-18
L-104312,381368.80,10.21,,0,,verified,,2026-08-16
L-104313,378277.84,11.54,delinquent_30,45,2026-05-05,pending,Rocket Servicing,2026-08-07
L-104314,452058.50,4.06,delinquent_60,45,2026-06-25,verified,ServPro,2026-08-15
L-104315,221594.30,5.53,delinquent_90+,120,2026-06-02,pending,First National,2026-08-22
L-104316,254631.62,6.63,current,0,2026-02-10,missing,ServPro,2026-08-02
L-104317,193212.13,11.69,,0,2026-08-18,,,2026-08-27
L-104318,146422.93,12.24,current,0,2026-05-15,missing,Apex Loan Servicing,2026-08-25
L-104319,180040.45,8.54,forbearance,0,2026-05-15,verified,First National,2026-08-13
L-104320,457285.28,12.45,forbearance,0,2026-03-17,missing,Freedom Mortgage,2026-08-05
L-104321,30920.97,14.39,delinquent_60,62,2026-07-03,verified,ServPro,2026-08-19
L-104322,200466.96,14.35,delinquent_90+,95,2026-02-17,verified,Freedom Mortgage,2026-08-23
L-104323,441766.32,12.98,forbearance,0,2026-06-20,missing,Rocket Servicing,2026-08-26
L-104324,339524.99,3.28,forbearance,0,2026-06-24,verified,Freedom Mortgage,2026-08-08
L-104325,162789.53,10.06,current,0,2026-05-15,pending,ServPro,2026-08-16
L-104326,70378.70,10.60,forbearance,0,2026-07-27,missing,Rocket Servicing,2026-08-25
L-104327,453236.20,13.03,delinquent_90+,95,2026-02-23,verified,Apex Loan Servicing,2026-08-21
L-104328,389793.12,12.03,current,0,2026-01-18,complete,First National,2026-08-26
L-104329,156874.98,4.63,delinquent_90+,120,2026-07-20,complete,ServPro,2026-08-06
L-104330,158597.44,6.58,delinquent_60,95,2026-01-19,verified,ServPro,2026-08-04
L-104331,377638.63,14.39,current,0,2026-01-01,missing,Rocket Servicing,2026-08-17
L-104332,432600.17,5.77,delinquent_30,75,2026-05-24,verified,ServPro,2026-08-12
L-104333,66041.61,6.07,forbearance,0,2026-04-28,complete,Rocket Servicing,2026-08-04
L-104334,283503.77,4.36,delinquent_60,31,2026-03-21,pending,Rocket Servicing,2026-08-07
L-104335,116632.37,5.28,delinquent_90+,75,2026-06-22,verified,ServPro,2026-08-16
L-104336,124078.12,11.17,delinquent_30,75,2026-06-18,verified,Rocket Servicing,2026-08-02
L-104337,285387.26,,forbearance,,2026-02-09,complete,ServPro,2026-08-16
L-104338,475860.15,10.03,forbearance,0,2026-01-26,verified,First National,2026-08-22
L-104339,233650.40,5.67,delinquent_90+,75,2026-07-20,verified,Rocket Servicing,2026-08-16
L-104340,114375.11,,delinquent_90+,75,,,,2026-08-17
L-104341,121365.44,14.37,current,0,2026-04-05,missing,Freedom Mortgage,2026-08-13
L-104342,407594.14,9.37,delinquent_30,62,2026-06-18,verified,ServPro,2026-08-16
L-104343,242129.09,,forbearance,,,pending,,2026-08-21
L-104344,390553.82,12.59,delinquent_60,120,2026-07-24,complete,Freedom Mortgage,2026-08-22
L-104345,128646.34,10.87,forbearance,0,2026-04-22,verified,Freedom Mortgage,2026-08-04
L-104346,192558.62,12.83,delinquent_90+,62,2026-07-23,missing,Rocket Servicing,2026-08-08
L-104347,366975.42,9.50,current,0,2026-06-13,verified,Freedom Mortgage,2026-08-01
L-104348,31831.04,7.18,current,0,2026-01-12,complete,ServPro,2026-08-09
L-104349,418310.32,14.08,current,0,2026-05-27,complete,First National,2026-08-07
L-104350,177874.21,12.86,delinquent_30,120,2026-08-24,pending,Apex Loan Servicing,2026-08-14
L-104351,81043.49,13.56,delinquent_30,95,2026-06-19,verified,ServPro,2026-08-15
L-104352,34064.86,6.83,forbearance,0,2026-01-16,complete,Freedom Mortgage,2026-08-23
L-104353,292448.90,9.81,forbearance,0,2026-02-11,missing,Apex Loan Servicing,2026-08-06
L-104354,451870.51,2.61,delinquent_30,95,2026-04-07,complete,Freedom Mortgage,2026-08-05
L-104355,276666.01,8.15,delinquent_60,75,2026-01-06,complete,Freedom Mortgage,2026-08-14
L-104356,406045.54,5.95,delinquent_60,75,2026-08-03,pending,Apex Loan Servicing,2026-08-03
L-104357,87071.28,10.00,delinquent_60,31,2026-06-26,verified,First National,2026-08-16
L-104358,474156.77,6.88,forbearance,0,2026-03-05,pending,Rocket Servicing,2026-08-12
L-104359,333131.59,6.38,delinquent_90+,120,2026-01-28,verified,Freedom Mortgage,2026-08-01
L-104360,76896.65,4.27,delinquent_30,95,2026-04-26,pending,Rocket Servicing,2026-08-05
L-104361,213443.18,9.85,current,0,2026-06-24,pending,Rocket Servicing,2026-08-26
L-104362,313236.19,6.10,delinquent_30,75,2026-05-28,verified,Rocket Servicing,2026-08-14
L-104363,431011.47,,delinquent_30,,,complete,First National,2026-08-04
L-104364,455865.08,11.21,current,0,2026-01-18,verified,Rocket Servicing,2026-08-13
L-104365,393941.79,13.80,current,0,2026-06-18,complete,First National,2026-08-11
L-104366,56714.35,9.24,forbearance,0,2026-07-16,verified,Rocket Servicing,2026-08-09
L-104367,42705.19,5.05,forbearance,0,2026-07-13,pending,ServPro,2026-08-26
L-104368,189614.46,6.47,delinquent_30,45,2026-05-27,verified,ServPro,2026-08-09
L-104369,199001.33,5.25,delinquent_90+,95,2026-03-05,verified,Freedom Mortgage,2026-08-17
L-104370,241899.92,6.64,delinquent_30,45,2026-08-10,pending,Apex Loan Servicing,2026-08-21
L-104371,142651.40,,,,2026-06-21,complete,Rocket Servicing,2026-08-16
L-104372,309757.97,,delinquent_90+,45,,,Apex Loan Servicing,2026-08-03
L-104373,276766.69,11.51,,0,,,,2026-08-11
L-104374,293086.67,3.62,delinquent_60,75,2026-04-13,verified,Rocket Servicing,2026-08-07
L-104375,311633.47,8.83,forbearance,0,2026-08-26,missing,Apex Loan Servicing,2026-08-24
L-104376,327986.16,13.34,delinquent_60,75,2026-02-08,complete,Apex Loan Servicing,2026-08-18
L-104377,211691.83,12.63,delinquent_60,,,,Freedom Mortgage,2026-08-11
L-104378,231799.03,8.30,delinquent_30,75,2026-03-03,pending,Freedom Mortgage,2026-08-17
L-104379,39536.24,12.79,forbearance,,,complete,,2026-08-18
L-104380,400488.04,8.13,delinquent_60,75,2026-04-05,pending,Apex Loan Servicing,2026-08-02
L-104381,18522.29,3.22,forbearance,0,2026-01-11,missing,Rocket Servicing,2026-08-24
L-104382,136693.31,6.37,delinquent_60,62,2026-01-11,complete,Apex Loan Servicing,2026-08-08
L-104383,142963.69,4.01,delinquent_90+,31,2026-03-07,pending,Freedom Mortgage,2026-08-02
L-104384,367426.22,6.53,delinquent_30,62,2026-04-23,missing,Apex Loan Servicing,2026-08-16
L-104385,435751.86,9.52,forbearance,0,2026-01-19,verified,Freedom Mortgage,2026-08-17
L-104386,271066.62,,delinquent_60,120,,,,2026-08-16
L-104387,413292.94,4.26,delinquent_90+,45,2026-08-28,verified,Freedom Mortgage,2026-08-02
L-104388,227709.84,5.13,forbearance,0,2026-04-28,verified,ServPro,2026-08-14
L-104389,310228.50,9.33,delinquent_90+,95,2026-06-11,complete,First National,2026-08-22
L-104390,290285.67,,delinquent_30,95,,complete,,2026-08-22
L-104391,250477.01,9.85,delinquent_30,120,2026-03-13,missing,Freedom Mortgage,2026-08-15
L-104392,188260.27,2.69,forbearance,0,2026-05-22,complete,Rocket Servicing,2026-08-14
L-104393,37151.68,7.80,delinquent_30,95,2026-08-06,missing,Rocket Servicing,2026-08-18
L-104394,242886.78,11.94,forbearance,0,2026-08-22,complete,Apex Loan Servicing,2026-08-22
L-104395,298829.14,6.29,delinquent_30,120,2026-01-12,pending,ServPro,2026-08-11
L-104396,212754.88,5.10,forbearance,0,2026-06-02,verified,First National,2026-08-12
L-104397,66033.57,3.05,forbearance,0,2026-07-15,pending,First National,2026-08-25
L-104398,275352.12,5.41,delinquent_90+,31,2026-03-16,missing,Freedom Mortgage,2026-08-15
L-104399,371180.86,3.84,forbearance,0,2026-03-10,complete,Freedom Mortgage,2026-08-16
L-104400,257080.07,12.95,delinquent_90+,120,2026-04-19,complete,Apex Loan Servicing,2026-08-12
L-104401,206107.77,10.70,forbearance,0,2026-04-28,verified,Apex Loan Servicing,2026-08-04
L-104402,448796.01,8.20,delinquent_60,,,,,2026-08-12
L-104403,218228.63,5.42,delinquent_60,62,2026-02-26,complete,Rocket Servicing,2026-08-24
L-104404,322817.25,7.80,delinquent_30,62,2026-01-10,complete,Freedom Mortgage,2026-08-11
L-104405,386458.50,8.90,forbearance,0,2026-02-01,missing,Rocket Servicing,2026-08-17
L-104406,105334.35,8.31,delinquent_60,62,2026-08-21,pending,First National,2026-08-17
L-104407,121230.21,3.87,delinquent_60,31,2026-06-02,verified,Rocket Servicing,2026-08-19
L-104408,11544.21,10.55,delinquent_90+,120,2026-02-03,missing,Rocket Servicing,2026-08-21
L-104409,212444.78,5.27,delinquent_60,31,2026-05-15,missing,First National,2026-08-02
L-104410,420216.68,6.53,delinquent_60,31,2026-03-05,verified,First National,2026-08-13
L-104411,328841.24,13.62,delinquent_90+,62,2026-05-20,pending,Rocket Servicing,2026-08-14
L-104412,356073.44,12.73,forbearance,0,2026-01-22,pending,ServPro,2026-08-07
L-104413,196638.71,8.35,delinquent_30,62,2026-06-11,complete,ServPro,2026-08-02
L-104414,109942.30,6.69,delinquent_60,120,2026-03-09,missing,Apex Loan Servicing,2026-08-21
L-104415,198311.50,10.93,forbearance,0,2026-01-25,complete,First National,2026-08-09
L-104416,286056.42,13.88,forbearance,0,2026-01-09,verified,ServPro,2026-08-21
L-104417,183827.84,,delinquent_90+,,2026-01-19,verified,,2026-08-07
L-104418,53757.46,13.93,forbearance,0,2026-02-13,verified,Apex Loan Servicing,2026-08-18
L-104419,114165.81,10.02,delinquent_60,75,2026-02-22,pending,Apex Loan Servicing,2026-08-04
L-104420,53045.25,5.53,delinquent_60,75,2026-07-05,missing,ServPro,2026-08-08
L-104421,219903.45,5.13,current,0,2026-03-15,verified,Apex Loan Servicing,2026-08-17
L-104422,381095.60,10.17,delinquent_60,,2026-08-09,,Rocket Servicing,2026-08-02
L-104423,304663.26,10.27,forbearance,0,2026-08-04,verified,Freedom Mortgage,2026-08-21
L-104424,,,delinquent_60,45,,verified,,2026-08-27
L-104425,368879.11,11.74,delinquent_90+,31,2026-07-11,complete,Rocket Servicing,2026-08-09
L-104426,209316.67,5.91,delinquent_60,120,2026-03-20,verified,Apex Loan Servicing,2026-08-10
L-104427,180327.50,3.54,forbearance,0,2026-02-27,pending,ServPro,2026-08-18
L-104428,96358.06,8.32,delinquent_90+,45,2026-01-20,pending,Apex Loan Servicing,2026-08-26
L-104429,392957.29,10.54,,,2026-01-23,verified,,2026-08-10
L-104430,62505.97,7.74,delinquent_60,31,2026-03-14,complete,Freedom Mortgage,2026-08-12
L-104431,45998.82,4.87,delinquent_90+,,2026-03-27,complete,,2026-08-07
L-104432,450955.67,12.86,delinquent_60,62,2026-02-27,complete,Apex Loan Servicing,2026-08-22
L-104433,446623.26,12.95,delinquent_60,45,2026-08-11,complete,Rocket Servicing,2026-08-13
L-104434,244075.98,3.24,delinquent_60,120,2026-03-23,complete,ServPro,2026-08-06
L-104435,76866.07,4.76,delinquent_60,31,2026-03-22,pending,ServPro,2026-08-17
L-104436,353319.00,5.48,delinquent_90+,75,2026-03-15,pending,Freedom Mortgage,2026-08-05
L-104437,64552.75,7.87,delinquent_90+,75,2026-05-14,missing,Apex Loan Servicing,2026-08-26
L-104438,63720.03,10.11,delinquent_60,75,2026-08-21,verified,Rocket Servicing,2026-08-19
L-104439,468424.67,5.97,forbearance,0,2026-04-26,complete,Freedom Mortgage,2026-08-14
L-104440,307672.97,8.44,delinquent_90+,75,2026-05-23,complete,Rocket Servicing,2026-08-08
L-104441,205778.76,7.77,forbearance,0,2026-04-25,pending,First National,2026-08-07
L-104442,148643.35,11.06,delinquent_30,31,2026-08-15,complete,Rocket Servicing,2026-08-08
L-104443,268424.62,8.91,delinquent_30,45,2026-02-21,missing,First National,2026-08-17
L-104444,32702.53,5.85,current,0,2026-03-08,verified,Freedom Mortgage,2026-08-18
L-104445,136114.92,8.51,forbearance,0,2026-06-07,complete,First National,2026-08-12
L-104446,429694.71,9.26,forbearance,0,2026-02-12,verified,Freedom Mortgage,2026-08-09
L-104447,413621.19,9.46,current,0,2026-01-22,verified,ServPro,2026-08-01
L-104448,406865.16,5.33,delinquent_90+,62,2026-01-10,verified,First National,2026-08-05
L-104449,474708.61,4.60,delinquent_30,62,2026-08-18,pending,Freedom Mortgage,2026-08-11
L-104450,458847.36,14.42,delinquent_30,75,2026-02-26,pending,Rocket Servicing,2026-08-02
L-104451,,6.38,delinquent_90+,,2026-08-21,,First National,2026-08-13
L-104452,231866.58,,delinquent_60,,2026-03-28,,,2026-08-14
L-104453,203739.74,6.99,forbearance,0,2026-04-14,complete,ServPro,2026-08-18
L-104454,324968.21,4.47,delinquent_60,31,2026-08-08,verified,Freedom Mortgage,2026-08-02
L-104455,467489.41,3.49,delinquent_60,45,2026-01-07,complete,Apex Loan Servicing,2026-08-05
L-104456,305433.42,12.65,delinquent_90+,45,2026-07-26,complete,ServPro,2026-08-01
L-104457,449480.12,8.41,forbearance,0,2026-06-21,verified,Apex Loan Servicing,2026-08-17
L-104458,405480.39,9.89,current,0,2026-04-06,verified,Freedom Mortgage,2026-08-18
L-104459,323544.98,4.59,forbearance,0,2026-04-06,pending,Apex Loan Servicing,2026-08-15
L-104460,323614.14,,delinquent_30,,2026-05-16,,Rocket Servicing,2026-08-10
L-104461,152860.89,9.70,delinquent_90+,95,2026-01-02,,,2026-08-16
L-104462,399798.83,9.39,delinquent_60,75,2026-04-13,verified,Apex Loan Servicing,2026-08-27
L-104463,232069.42,6.70,delinquent_60,120,2026-01-09,missing,Apex Loan Servicing,2026-08-08
L-104464,176413.35,2.66,delinquent_90+,120,2026-08-02,complete,Freedom Mortgage,2026-08-04
L-104465,73785.00,10.06,current,0,2026-04-25,missing,Apex Loan Servicing,2026-08-23
L-104466,139307.67,5.01,current,0,2026-06-22,verified,Apex Loan Servicing,2026-08-14
L-104467,19722.27,,forbearance,0,2026-04-07,missing,,2026-08-06
L-104468,358039.55,4.50,delinquent_30,75,2026-01-22,pending,First National,2026-08-13
L-104469,49883.21,3.13,,0,,,Apex Loan Servicing,2026-08-05
L-104470,218217.08,,forbearance,0,,missing,Rocket Servicing,2026-08-15
L-104471,123773.12,6.51,current,0,2026-06-01,complete,Apex Loan Servicing,2026-08-23
L-104472,386220.31,11.59,delinquent_60,75,2026-08-26,pending,Rocket Servicing,2026-08-06
L-104473,178280.76,6.93,delinquent_90+,75,2026-04-12,pending,Rocket Servicing,2026-08-04
L-104474,467005.08,11.90,,0,2026-07-16,complete,,2026-08-02
L-104475,160103.37,7.58,delinquent_30,62,2026-03-07,missing,ServPro,2026-08-15
L-104476,43547.83,6.11,current,0,2026-06-16,complete,ServPro,2026-08-11
L-104477,301421.30,9.92,delinquent_90+,120,,missing,,2026-08-06
L-104478,62960.57,8.82,forbearance,0,2026-02-13,pending,First National,2026-08-16
L-104479,155693.01,13.99,current,0,2026-02-09,pending,Rocket Servicing,2026-08-04
L-104480,213810.20,3.39,,,2026-04-15,,,2026-08-03
L-104481,228232.42,12.60,delinquent_60,31,2026-01-22,verified,ServPro,2026-08-20
L-104482,434730.77,6.31,current,0,2026-06-16,complete,Freedom Mortgage,2026-08-09
L-104483,188802.44,14.27,current,0,2026-08-13,complete,ServPro,2026-08-01
L-104484,219669.04,,forbearance,0,2026-04-28,complete,,2026-08-22
L-104485,304946.11,10.30,delinquent_90+,45,2026-01-08,missing,ServPro,2026-08-19
L-104486,458633.79,7.56,current,0,2026-01-03,complete,Rocket Servicing,2026-08-10
L-104487,376044.55,11.17,delinquent_90+,95,2026-03-28,missing,First National,2026-08-04
L-104488,138075.87,5.75,delinquent_30,62,2026-02-27,complete,Rocket Servicing,2026-08-16
L-104489,143529.70,7.25,delinquent_90+,45,2026-05-25,pending,Freedom Mortgage,2026-08-08
L-104490,34662.34,7.61,delinquent_60,45,2026-02-26,complete,ServPro,2026-08-17
L-104491,452168.87,12.21,,0,2026-02-21,,Rocket Servicing,2026-08-20
L-104492,35699.07,11.54,delinquent_60,75,,,,2026-08-09
L-104493,366593.68,5.30,delinquent_90+,62,2026-06-01,verified,First National,2026-08-25
L-104494,395225.55,3.74,delinquent_30,75,2026-02-08,missing,ServPro,2026-08-24
L-104495,119997.28,3.76,current,0,2026-08-18,complete,ServPro,2026-08-18
L-104496,401915.05,11.49,delinquent_90+,120,2026-07-02,complete,Apex Loan Servicing,2026-08-26
L-104497,113025.33,2.66,current,0,2026-06-21,missing,Rocket Servicing,2026-08-16
L-104498,241696.89,5.36,delinquent_30,62,2026-08-08,verified,Apex Loan Servicing,2026-08-16
L-104499,389109.04,8.52,delinquent_60,45,2026-06-27,pending,First National,2026-08-22
L-104500,383583.85,6.34,delinquent_60,31,2026-04-16,complete,First National,2026-08-24
L-104501,85347.19,7.27,forbearance,0,2026-08-09,complete,Apex Loan Servicing,2026-08-12
L-104502,257052.87,10.39,delinquent_60,31,2026-06-16,pending,Apex Loan Servicing,2026-08-03
L-104503,77826.56,7.28,current,0,2026-07-07,pending,Rocket Servicing,2026-08-03
L-104504,306837.62,3.58,delinquent_60,62,2026-01-26,verified,Freedom Mortgage,2026-08-24
L-104505,311888.39,13.21,current,0,2026-01-13,pending,First National,2026-08-25
L-104506,268344.76,,delinquent_30,,,,Freedom Mortgage,2026-08-08
L-104507,93054.06,7.18,delinquent_90+,45,2026-06-01,pending,Apex Loan Servicing,2026-08-12
L-104508,428661.91,3.98,delinquent_30,120,2026-08-23,complete,Rocket Servicing,2026-08-03
L-104509,100736.31,10.31,delinquent_30,120,,verified,,2026-08-09
L-104510,10636.08,5.53,current,,2026-08-20,pending,,2026-08-16
L-104511,341731.83,5.95,delinquent_60,31,,,,2026-08-22
L-104512,274123.12,10.46,delinquent_60,45,2026-01-28,missing,Rocket Servicing,2026-08-23
L-104513,329840.40,8.40,forbearance,0,2026-04-13,missing,Freedom Mortgage,2026-08-16
L-104514,302748.00,,,,,verified,First National,2026-08-05
L-104515,45406.96,6.35,current,0,2026-02-08,pending,First National,2026-08-04
L-104516,137486.72,6.98,current,0,2026-03-28,missing,ServPro,2026-08-19
L-104517,373693.26,5.96,current,0,2026-03-07,pending,Freedom Mortgage,2026-08-06
L-104518,123403.79,,delinquent_60,120,2026-08-02,,Apex Loan Servicing,2026-08-10
L-104519,,8.82,,0,,missing,Apex Loan Servicing,2026-08-15
L-104520,102423.38,9.92,current,0,2026-04-04,verified,Apex Loan Servicing,2026-08-06
L-104521,288127.17,,delinquent_90+,,2026-02-12,,,2026-08-04
L-104522,40393.69,7.89,forbearance,0,2026-05-09,pending,Apex Loan Servicing,2026-08-01
L-104523,111082.73,5.01,,,,complete,,2026-08-22
L-104524,153750.86,2.87,,,,verified,First National,2026-08-01
L-104525,115502.95,6.77,forbearance,0,2026-03-28,pending,Rocket Servicing,2026-08-18
L-104526,321889.65,11.85,current,0,2026-03-19,pending,Apex Loan Servicing,2026-08-11
L-104527,367789.07,11.25,forbearance,0,2026-05-16,verified,Apex Loan Servicing,2026-08-18
L-104528,249836.47,11.34,delinquent_30,75,2026-02-12,verified,Rocket Servicing,2026-08-04
L-104529,408670.46,13.87,delinquent_30,120,2026-01-15,complete,ServPro,2026-08-14
L-104530,428558.33,3.23,delinquent_90+,45,2026-04-03,complete,Apex Loan Servicing,2026-08-26
L-104531,346350.98,10.86,current,0,2026-06-11,pending,First National,2026-08-20
L-104532,126425.98,,current,0,2026-04-16,verified,,2026-08-20
L-104533,260764.80,11.79,delinquent_30,75,2026-04-01,verified,First National,2026-08-26
L-104534,181257.61,,delinquent_30,,2026-01-16,pending,First National,2026-08-13
L-104535,270468.26,13.68,,,,pending,Freedom Mortgage,2026-08-12
L-104536,442466.68,3.23,delinquent_90+,62,2026-03-19,complete,Rocket Servicing,2026-08-23
L-104537,187680.25,13.48,delinquent_90+,95,2026-02-05,complete,ServPro,2026-08-06
L-104538,360318.04,2.91,delinquent_60,75,2026-01-28,pending,Rocket Servicing,2026-08-23
L-104539,157390.15,13.54,forbearance,0,2026-02-19,verified,Apex Loan Servicing,2026-08-26
L-104540,360043.00,5.83,delinquent_90+,62,2026-08-24,complete,ServPro,2026-08-09
L-104541,445109.92,,delinquent_60,,2026-02-12,missing,ServPro,2026-08-16
L-104542,138288.88,9.27,delinquent_30,31,2026-02-24,verified,ServPro,2026-08-26
L-104543,354753.02,10.65,current,0,2026-01-03,pending,Rocket Servicing,2026-08-21
L-104544,39276.43,6.69,forbearance,0,2026-01-13,verified,First National,2026-08-19
L-104545,7639.76,3.09,current,,,,Rocket Servicing,2026-08-02
L-104546,464690.53,5.56,delinquent_60,62,2026-08-13,pending,Rocket Servicing,2026-08-24
L-104547,171728.25,6.84,current,0,2026-05-18,pending,Rocket Servicing,2026-08-13
L-104548,155221.53,7.56,current,0,2026-04-17,complete,ServPro,2026-08-20
L-104549,42581.94,14.35,current,0,2026-03-22,complete,ServPro,2026-08-12
L-104550,290789.63,,,,2026-05-08,,First National,2026-08-11
L-104551,213616.41,12.56,current,0,2026-08-09,complete,ServPro,2026-08-22
L-104552,400747.13,3.72,,0,,complete,,2026-08-23
L-104553,113632.25,12.38,delinquent_30,31,2026-08-13,verified,First National,2026-08-06
L-104554,462619.23,3.70,forbearance,0,2026-05-10,missing,ServPro,2026-08-19
L-104555,178600.01,13.88,forbearance,0,2026-03-09,missing,First National,2026-08-22
L-104556,92979.67,13.24,current,0,2026-02-28,pending,ServPro,2026-08-21
L-104557,342364.48,11.87,delinquent_90+,,,,,2026-08-24
L-104558,470088.18,3.61,delinquent_60,62,2026-05-01,complete,Apex Loan Servicing,2026-08-22
L-104559,166384.58,11.63,forbearance,0,2026-05-13,pending,Apex Loan Servicing,2026-08-05
L-104560,142368.19,11.40,forbearance,0,2026-08-18,complete,ServPro,2026-08-25
L-104561,410507.77,8.14,delinquent_30,75,,,,2026-08-17
L-104562,65228.42,12.78,delinquent_60,31,2026-02-28,verified,First National,2026-08-14
L-104563,217024.29,7.80,delinquent_90+,75,2026-07-23,verified,First National,2026-08-23
L-104564,284455.54,9.72,delinquent_60,45,2026-07-27,missing,Freedom Mortgage,2026-08-11
L-104565,313105.55,5.03,delinquent_90+,75,2026-08-28,complete,Apex Loan Servicing,2026-08-26
L-104566,362211.78,7.87,forbearance,0,2026-02-01,missing,ServPro,2026-08-24
L-104567,383339.19,11.30,delinquent_90+,75,2026-01-22,missing,Rocket Servicing,2026-08-26
L-104568,463836.95,13.50,current,0,2026-05-02,missing,ServPro,2026-08-15
L-104569,31317.43,14.13,current,0,2026-02-12,missing,Rocket Servicing,2026-08-09
L-104570,21996.02,12.47,forbearance,0,2026-06-15,missing,Freedom Mortgage,2026-08-12
L-104571,304216.91,8.39,delinquent_60,120,2026-05-12,missing,Rocket Servicing,2026-08-23
L-104572,229864.71,13.81,delinquent_90+,45,2026-04-27,missing,Rocket Servicing,2026-08-06
L-104573,228449.91,6.51,forbearance,0,2026-06-07,complete,ServPro,2026-08-06
L-104574,67102.00,10.00,delinquent_30,75,2026-07-19,missing,Apex Loan Servicing,2026-08-18
L-104575,454709.53,9.16,delinquent_60,45,2026-07-27,verified,First National,2026-08-08
L-104576,206242.83,9.82,current,0,2026-03-25,verified,ServPro,2026-08-22
L-104577,130496.37,4.57,forbearance,0,2026-05-07,missing,First National,2026-08-02
L-104578,291499.67,7.28,current,0,2026-07-12,pending,ServPro,2026-08-16
L-104579,226841.36,8.81,delinquent_30,62,2026-08-04,verified,Rocket Servicing,2026-08-19
L-104580,283549.01,7.18,delinquent_90+,95,2026-06-01,verified,Freedom Mortgage,2026-08-11
L-104581,168527.53,3.69,forbearance,0,2026-02-12,verified,Apex Loan Servicing,2026-08-16
L-104582,233170.18,8.62,delinquent_30,31,2026-08-22,complete,First National,2026-08-17
L-104583,115056.74,12.70,delinquent_60,120,2026-01-05,pending,ServPro,2026-08-10
L-104584,210293.11,12.83,delinquent_30,62,2026-05-04,complete,First National,2026-08-23
L-104585,279178.71,6.73,forbearance,0,2026-02-04,pending,Apex Loan Servicing,2026-08-10
L-104586,129850.15,5.47,current,0,2026-03-18,verified,Apex Loan Servicing,2026-08-04
L-104587,315424.10,,current,,2026-04-27,,Freedom Mortgage,2026-08-19
L-104588,360939.63,3.21,delinquent_60,95,2026-07-14,verified,Apex Loan Servicing,2026-08-09
L-104589,423253.86,10.61,,,2026-05-06,,,2026-08-17
L-104590,187830.95,8.19,delinquent_90+,45,2026-05-21,missing,First National,2026-08-24
L-104591,42677.54,,,0,,,ServPro,2026-08-19
L-104592,455675.13,6.46,,0,,pending,Freedom Mortgage,2026-08-14
L-104593,293004.09,5.84,delinquent_60,120,2026-04-23,verified,Freedom Mortgage,2026-08-13
L-104594,346380.70,11.65,delinquent_90+,95,2026-04-24,missing,Apex Loan Servicing,2026-08-03
L-104595,411139.35,14.11,delinquent_90+,45,2026-08-16,missing,ServPro,2026-08-26
L-104596,441678.67,3.50,delinquent_60,31,2026-08-13,pending,Apex Loan Servicing,2026-08-13
L-104597,459668.92,7.07,delinquent_30,120,2026-05-04,missing,ServPro,2026-08-08
L-104598,53585.16,4.19,delinquent_60,31,2026-05-03,complete,ServPro,2026-08-26
L-104599,178096.17,12.15,delinquent_30,120,2026-04-15,complete,Freedom Mortgage,2026-08-14
L-104600,52352.98,9.94,delinquent_30,62,2026-06-01,complete,Apex Loan Servicing,2026-08-07
L-104601,433753.80,10.44,current,0,2026-02-24,missing,Apex Loan Servicing,2026-08-10
L-104602,215387.17,5.20,current,0,2026-04-16,complete,First National,2026-08-24
L-104603,36162.16,10.47,delinquent_90+,62,2026-04-03,verified,Rocket Servicing,2026-08-14
L-104604,385907.10,14.49,current,0,2026-03-04,verified,Freedom Mortgage,2026-08-15
L-104605,423539.19,,delinquent_60,95,,,,2026-08-06
L-104606,41455.85,12.09,forbearance,0,2026-03-28,pending,Rocket Servicing,2026-08-01
L-104607,202566.01,5.00,delinquent_90+,62,2026-05-28,verified,ServPro,2026-08-02
L-104608,347886.90,,delinquent_60,,2026-08-03,,,2026-08-03
L-104609,342829.61,2.87,current,0,2026-05-11,complete,First National,2026-08-11
L-104610,443293.88,10.99,forbearance,0,2026-06-20,verified,First National,2026-08-27
L-104611,233911.54,9.71,delinquent_30,120,2026-05-26,verified,ServPro,2026-08-20
L-104612,28600.57,6.43,forbearance,0,2026-06-13,pending,Rocket Servicing,2026-08-16
L-104613,402761.52,4.53,delinquent_60,75,2026-05-25,complete,ServPro,2026-08-19
L-104614,319889.29,10.81,delinquent_90+,31,2026-08-11,missing,First National,2026-08-24
L-104615,241855.37,8.49,current,0,2026-05-18,complete,ServPro,2026-08-02
L-104616,269260.82,13.87,forbearance,0,2026-08-22,missing,Rocket Servicing,2026-08-16
L-104617,133645.08,8.40,forbearance,0,2026-07-28,missing,First National,2026-08-09
L-104618,360641.96,8.42,,,2026-01-17,complete,,2026-08-23
L-104619,25722.88,6.44,current,0,2026-04-15,verified,Freedom Mortgage,2026-08-14
L-104620,421938.89,13.87,delinquent_90+,31,2026-05-05,missing,First National,2026-08-14
L-104621,321009.81,3.90,delinquent_30,31,2026-08-13,complete,ServPro,2026-08-21
L-104622,447645.75,3.43,delinquent_60,45,2026-07-12,verified,Freedom Mortgage,2026-08-22
L-104623,314014.62,8.11,delinquent_90+,120,2026-02-22,complete,Rocket Servicing,2026-08-09
L-104624,,,delinquent_90+,,2026-07-01,complete,,2026-08-23
L-104625,222148.35,11.59,current,0,2026-01-01,verified,ServPro,2026-08-18
L-104626,256500.21,7.63,,,2026-08-16,,,2026-08-26
L-104627,115464.33,4.07,current,0,2026-03-26,pending,Apex Loan Servicing,2026-08-25
L-104628,60727.13,4.96,forbearance,0,2026-03-04,missing,Freedom Mortgage,2026-08-15
L-104629,359027.93,9.97,forbearance,0,2026-04-07,verified,ServPro,2026-08-09
L-104630,30832.88,8.79,forbearance,0,2026-02-06,complete,Rocket Servicing,2026-08-19
L-104631,132112.43,5.94,delinquent_90+,120,2026-07-19,complete,First National,2026-08-06
L-104632,83456.69,11.56,delinquent_30,31,2026-04-14,complete,First National,2026-08-18
L-104633,75642.89,8.39,current,0,2026-02-28,verified,Freedom Mortgage,2026-08-23
L-104634,425374.20,11.12,delinquent_90+,31,2026-04-12,missing,Apex Loan Servicing,2026-08-12
L-104635,156068.86,7.20,delinquent_90+,31,2026-07-23,verified,Freedom Mortgage,2026-08-19
L-104636,387469.07,6.67,delinquent_90+,120,2026-04-13,complete,Freedom Mortgage,2026-08-25
L-104637,470888.25,7.01,delinquent_90+,45,2026-03-26,complete,Apex Loan Servicing,2026-08-05
L-104638,132410.17,,forbearance,,2026-08-18,,ServPro,2026-08-27
L-104639,307099.67,,delinquent_60,,,,First National,2026-08-25
L-104640,363742.11,2.55,delinquent_90+,62,2026-05-17,missing,Freedom Mortgage,2026-08-23
L-104641,114933.27,2.83,current,0,2026-05-14,complete,Freedom Mortgage,2026-08-23
L-104642,402357.23,11.07,current,0,2026-08-02,verified,Rocket Servicing,2026-08-19
L-104643,329539.78,8.14,forbearance,0,2026-01-10,missing,ServPro,2026-08-20
L-104644,306839.94,13.87,forbearance,0,2026-04-02,missing,ServPro,2026-08-01
L-104645,207090.10,,delinquent_60,31,,,,2026-08-07
L-104646,146921.57,3.07,current,0,2026-02-20,missing,ServPro,2026-08-11
L-104647,16571.82,,delinquent_30,,2026-03-17,,,2026-08-11
L-104648,216095.81,6.63,delinquent_30,45,2026-01-12,pending,Apex Loan Servicing,2026-08-12
L-104649,43294.83,13.28,current,0,2026-04-11,pending,Rocket Servicing,2026-08-15
L-104650,267607.43,8.19,delinquent_60,31,2026-06-04,pending,Apex Loan Servicing,2026-08-24
L-104651,421689.28,10.12,current,0,2026-01-12,complete,Rocket Servicing,2026-08-04
L-104652,469329.14,,delinquent_60,,,,First National,2026-08-11
L-104653,291760.98,12.55,delinquent_30,45,2026-08-14,pending,ServPro,2026-08-18
L-104654,440751.99,5.68,delinquent_30,95,2026-08-27,pending,First National,2026-08-19
L-104655,325332.97,4.64,delinquent_30,95,2026-01-13,complete,Rocket Servicing,2026-08-14
L-104656,398983.02,,current,0,,pending,ServPro,2026-08-07
L-104657,146111.66,3.54,delinquent_60,95,2026-02-19,pending,ServPro,2026-08-13
L-104658,418076.20,7.67,delinquent_30,75,2026-06-22,pending,First National,2026-08-22
L-104659,356137.66,6.28,forbearance,0,2026-05-12,verified,Apex Loan Servicing,2026-08-25
L-104660,217679.48,9.02,delinquent_60,31,2026-05-13,pending,First National,2026-08-18
L-104661,232488.48,7.43,delinquent_30,45,2026-01-05,pending,First National,2026-08-09
L-104662,254448.02,11.61,,0,2026-02-22,verified,,2026-08-01
L-104663,159088.03,9.83,delinquent_30,75,2026-01-09,complete,First National,2026-08-25
L-104664,373021.81,9.06,delinquent_90+,75,2026-07-17,missing,ServPro,2026-08-02
L-104665,314850.65,7.16,delinquent_30,75,2026-06-16,verified,ServPro,2026-08-07
L-104666,18748.18,4.96,delinquent_90+,45,2026-01-27,pending,Freedom Mortgage,2026-08-07
L-104667,25501.88,8.02,current,0,2026-03-10,verified,ServPro,2026-08-02
L-104668,226688.46,3.69,delinquent_90+,45,2026-02-01,verified,Freedom Mortgage,2026-08-13
L-104669,448889.65,10.73,forbearance,0,2026-02-14,verified,First National,2026-08-01
L-104670,425002.07,7.29,forbearance,0,2026-02-06,verified,Apex Loan Servicing,2026-08-02
L-104671,416153.99,6.93,forbearance,0,2026-05-13,missing,Apex Loan Servicing,2026-08-01
L-104672,373715.07,10.63,forbearance,0,2026-03-06,missing,First National,2026-08-22
L-104673,378435.54,14.42,delinquent_90+,31,2026-04-04,complete,Apex Loan Servicing,2026-08-02
L-104674,130591.81,11.20,forbearance,0,2026-06-24,missing,Rocket Servicing,2026-08-17
L-104675,266715.68,3.03,delinquent_60,95,2026-04-07,missing,ServPro,2026-08-26
L-104676,184144.67,10.80,delinquent_30,75,2026-01-06,complete,Freedom Mortgage,2026-08-03
L-104677,244568.28,2.85,delinquent_90+,120,2026-07-10,complete,Rocket Servicing,2026-08-21
L-104678,279531.64,10.12,delinquent_60,45,2026-01-17,verified,Apex Loan Servicing,2026-08-01
L-104679,105532.48,8.79,delinquent_60,120,2026-04-15,complete,Freedom Mortgage,2026-08-14
L-104680,420383.81,8.83,current,0,2026-05-03,missing,Rocket Servicing,2026-08-16
L-104681,307386.75,5.32,delinquent_90+,45,2026-02-10,pending,First National,2026-08-27
L-104682,165654.84,14.29,delinquent_60,75,2026-05-24,missing,Freedom Mortgage,2026-08-07
L-104683,240970.77,9.04,delinquent_90+,45,2026-01-12,verified,ServPro,2026-08-14
L-104684,439860.81,,delinquent_60,,,complete,,2026-08-25
L-104685,155390.44,6.03,delinquent_90+,45,2026-02-20,verified,Apex Loan Servicing,2026-08-22
L-104686,304785.39,6.29,delinquent_60,120,2026-05-05,missing,Rocket Servicing,2026-08-18
L-104687,195902.78,4.59,delinquent_30,95,2026-01-15,pending,Freedom Mortgage,2026-08-23
L-104688,297548.58,3.02,current,0,2026-02-11,missing,First National,2026-08-08
L-104689,213189.18,13.59,delinquent_30,95,2026-07-22,pending,Freedom Mortgage,2026-08-20
L-104690,70467.67,6.80,delinquent_60,75,2026-07-06,,,2026-08-19
L-104691,209596.62,3.54,delinquent_30,62,2026-07-12,verified,Rocket Servicing,2026-08-21
L-104692,270791.16,6.25,delinquent_90+,120,2026-02-23,missing,Apex Loan Servicing,2026-08-06
L-104693,233494.01,10.02,current,0,2026-07-02,complete,First National,2026-08-05
L-104694,200980.58,5.92,delinquent_90+,120,2026-01-19,verified,First National,2026-08-10
L-104695,22223.30,13.38,current,0,2026-01-02,complete,ServPro,2026-08-13
L-104696,321353.23,12.98,delinquent_60,62,2026-05-24,pending,First National,2026-08-02
L-104697,395572.07,12.93,delinquent_90+,45,2026-08-24,missing,Freedom Mortgage,2026-08-26
L-104698,154525.87,12.36,delinquent_30,62,2026-08-22,pending,First National,2026-08-16
L-104699,99190.16,3.81,delinquent_90+,62,2026-07-19,complete,First National,2026-08-24
L-104700,302919.15,10.65,delinquent_90+,31,2026-02-27,verified,First National,2026-08-07
L-104701,125093.06,10.17,delinquent_60,31,2026-01-14,missing,Freedom Mortgage,2026-08-05
L-104702,477125.27,13.40,delinquent_60,45,2026-05-27,missing,ServPro,2026-08-11
L-104703,467248.66,,delinquent_60,,2026-08-16,missing,,2026-08-03
L-104704,289765.17,4.38,delinquent_60,120,2026-06-07,verified,Rocket Servicing,2026-08-12
L-104705,239433.28,6.30,delinquent_30,31,2026-05-24,complete,Rocket Servicing,2026-08-11
L-104706,52010.71,,,0,2026-05-24,,,2026-08-08
L-104707,372905.52,10.03,delinquent_30,95,2026-08-15,missing,Rocket Servicing,2026-08-21
L-104708,254517.54,13.88,,,2026-08-23,,,2026-08-21
L-104709,422123.57,3.15,delinquent_90+,75,2026-03-09,verified,Rocket Servicing,2026-08-20
L-104710,378871.11,11.97,forbearance,0,2026-04-22,missing,First National,2026-08-19
L-104711,199784.18,10.03,current,0,2026-01-02,verified,Apex Loan Servicing,2026-08-10
L-104712,275711.29,3.29,delinquent_60,45,2026-02-05,,,2026-08-17
L-104713,28898.52,13.54,delinquent_30,,,,Rocket Servicing,2026-08-17
L-104714,5838.33,10.22,delinquent_90+,95,2026-02-12,missing,Freedom Mortgage,2026-08-09
L-104715,171603.22,7.05,current,0,2026-03-25,pending,Rocket Servicing,2026-08-07
L-104716,135735.63,11.10,delinquent_90+,120,2026-01-17,complete,ServPro,2026-08-21
L-104717,118358.75,13.70,,,,,Apex Loan Servicing,2026-08-24
L-104718,440280.57,12.78,forbearance,0,2026-01-24,verified,Freedom Mortgage,2026-08-23
L-104719,63668.23,8.78,current,0,2026-02-26,complete,Freedom Mortgage,2026-08-13
L-104720,77289.60,14.17,forbearance,0,2026-02-11,missing,Rocket Servicing,2026-08-25
L-104721,267972.28,9.50,delinquent_90+,120,2026-08-02,verified,First National,2026-08-12
L-104722,215875.53,9.96,current,0,2026-07-05,verified,Freedom Mortgage,2026-08-06
L-104723,90170.05,5.56,delinquent_30,45,2026-07-11,verified,Freedom Mortgage,2026-08-01
L-104724,240615.36,8.80,delinquent_60,120,2026-08-02,verified,Apex Loan Servicing,2026-08-20
L-104725,357687.39,10.19,delinquent_90+,95,2026-08-16,missing,Freedom Mortgage,2026-08-23
L-104726,95635.37,9.57,delinquent_90+,45,2026-07-19,complete,Apex Loan Servicing,2026-08-10
L-104727,132160.34,12.90,forbearance,0,2026-04-17,missing,ServPro,2026-08-23
L-104728,77965.72,4.49,delinquent_30,120,2026-01-04,verified,Rocket Servicing,2026-08-04
L-104729,348662.06,6.26,delinquent_90+,62,2026-08-28,verified,First National,2026-08-12
L-104730,353922.85,4.82,delinquent_30,31,2026-08-19,pending,First National,2026-08-26
L-104731,309544.48,12.31,delinquent_60,75,2026-02-20,verified,First National,2026-08-15
L-104732,304462.69,4.21,current,0,2026-01-26,complete,Freedom Mortgage,2026-08-16
L-104733,151153.74,9.83,forbearance,0,2026-06-27,verified,First National,2026-08-25
L-104734,296681.58,4.00,delinquent_60,45,2026-01-28,verified,Freedom Mortgage,2026-08-04
L-104735,329740.55,13.15,delinquent_90+,95,2026-04-06,verified,Apex Loan Servicing,2026-08-27
L-104736,444623.70,8.48,delinquent_90+,45,2026-03-13,verified,Rocket Servicing,2026-08-07
L-104737,216881.36,6.67,delinquent_60,45,2026-08-05,complete,ServPro,2026-08-11
L-104738,294136.08,12.21,current,,2026-07-22,missing,,2026-08-11
L-104739,277977.24,14.17,delinquent_90+,45,2026-05-22,pending,Apex Loan Servicing,2026-08-09
L-104740,410518.33,13.69,delinquent_30,75,2026-08-22,complete,Rocket Servicing,2026-08-15
L-104741,32926.24,,current,,,,Apex Loan Servicing,2026-08-05
L-104742,311998.82,3.92,current,0,2026-04-03,verified,ServPro,2026-08-05
L-104743,231509.45,9.45,delinquent_60,62,2026-06-14,verified,First National,2026-08-20
L-104744,196151.28,8.01,delinquent_90+,31,2026-02-24,missing,First National,2026-08-23
L-104745,191300.40,,delinquent_60,62,2026-08-13,,,2026-08-23
L-104746,180817.46,12.63,delinquent_90+,62,2026-08-07,pending,Apex Loan Servicing,2026-08-21
L-104747,467722.00,3.50,current,0,2026-06-01,verified,Apex Loan Servicing,2026-08-11
L-104748,381329.69,12.12,delinquent_30,45,2026-04-02,missing,ServPro,2026-08-25
L-104749,60707.57,10.94,current,0,2026-07-27,complete,ServPro,2026-08-27
L-104750,408638.05,13.27,delinquent_30,31,2026-06-07,missing,Freedom Mortgage,2026-08-18
L-104751,456696.16,11.01,current,0,2026-07-05,pending,First National,2026-08-19
L-104752,184469.95,6.72,current,0,2026-08-04,complete,ServPro,2026-08-13
L-104753,278685.49,,,0,,,Rocket Servicing,2026-08-04
L-104754,278246.52,9.39,delinquent_90+,75,2026-07-22,pending,First National,2026-08-20
L-104755,266014.48,,delinquent_60,95,,,ServPro,2026-08-27
L-104756,152710.93,9.76,forbearance,0,2026-04-01,verified,Apex Loan Servicing,2026-08-17
L-104757,408518.45,8.97,forbearance,0,2026-03-09,pending,ServPro,2026-08-12
L-104758,473449.54,11.39,forbearance,0,2026-07-06,verified,Rocket Servicing,2026-08-17
L-104759,35781.22,,,,2026-06-09,,ServPro,2026-08-27
L-104760,474295.28,2.69,delinquent_30,45,2026-07-15,pending,First National,2026-08-03
L-104761,186382.55,11.68,forbearance,0,2026-02-09,complete,Apex Loan Servicing,2026-08-06
L-104762,91692.64,6.03,delinquent_90+,62,2026-02-21,pending,ServPro,2026-08-03
L-104763,159874.89,9.31,delinquent_30,120,2026-04-22,complete,Rocket Servicing,2026-08-19
L-104764,117009.67,14.30,current,0,2026-04-04,complete,Rocket Servicing,2026-08-04
L-104765,40416.42,5.40,forbearance,0,2026-01-01,missing,ServPro,2026-08-20
L-104766,161089.49,6.16,forbearance,0,2026-05-02,missing,Apex Loan Servicing,2026-08-03
L-104767,110800.97,5.56,delinquent_30,75,2026-02-28,complete,Apex Loan Servicing,2026-08-22
L-104768,476895.44,,current,,2026-07-27,,,2026-08-17
L-104769,53842.58,6.00,current,0,2026-07-21,verified,ServPro,2026-08-04
L-104770,330297.10,12.52,delinquent_60,45,2026-01-14,verified,First National,2026-08-18
L-104771,167585.94,8.73,delinquent_60,95,2026-03-09,complete,Rocket Servicing,2026-08-20
L-104772,235150.54,10.71,delinquent_60,120,2026-08-06,missing,First National,2026-08-02
L-104773,378529.03,,delinquent_90+,,2026-02-15,missing,Apex Loan Servicing,2026-08-18
L-104774,89584.82,4.33,delinquent_60,95,2026-05-21,verified,ServPro,2026-08-09
L-104775,52756.75,5.75,delinquent_60,95,2026-04-06,missing,First National,2026-08-20
L-104776,44306.32,4.14,delinquent_90+,45,2026-04-09,pending,Freedom Mortgage,2026-08-15
L-104777,236005.32,11.62,current,0,2026-06-19,missing,Freedom Mortgage,2026-08-14
L-104778,116524.34,10.40,delinquent_60,120,2026-06-09,pending,Rocket Servicing,2026-08-09
L-104779,91371.89,5.39,current,0,2026-02-04,missing,Rocket Servicing,2026-08-16
L-104780,136320.48,3.70,delinquent_60,31,2026-04-20,missing,Rocket Servicing,2026-08-26
L-104781,79619.72,13.72,delinquent_90+,62,2026-01-17,pending,Apex Loan Servicing,2026-08-16
L-104782,470807.67,5.14,,,2026-05-08,missing,,2026-08-23
L-104783,278649.86,7.69,,,,,ServPro,2026-08-06
L-104784,238145.01,13.14,delinquent_60,31,2026-01-14,missing,Rocket Servicing,2026-08-25
L-104785,253520.84,14.49,delinquent_60,95,2026-03-20,missing,First National,2026-08-16
L-104786,262000.61,8.73,delinquent_30,62,2026-06-17,verified,Freedom Mortgage,2026-08-19
L-104787,79682.70,,,0,,missing,,2026-08-17
L-104788,348875.59,7.07,forbearance,0,2026-01-12,missing,Apex Loan Servicing,2026-08-05
L-104789,69544.39,4.22,delinquent_30,120,2026-02-14,verified,Rocket Servicing,2026-08-01
L-104790,50340.37,12.70,delinquent_90+,120,2026-01-25,pending,Rocket Servicing,2026-08-25
L-104791,140658.95,13.82,delinquent_90+,62,2026-07-28,verified,Freedom Mortgage,2026-08-24
L-104792,117275.63,7.77,forbearance,0,2026-08-01,complete,Rocket Servicing,2026-08-08
L-104793,261321.59,9.50,current,0,2026-03-23,pending,Freedom Mortgage,2026-08-22
L-104794,190414.46,12.43,delinquent_90+,120,2026-06-28,pending,ServPro,2026-08-26
L-104795,133168.88,5.96,current,0,2026-03-21,missing,ServPro,2026-08-05
L-104796,77766.11,9.00,delinquent_30,62,2026-07-27,missing,Rocket Servicing,2026-08-26
L-104797,284340.99,10.75,delinquent_90+,31,2026-04-17,complete,ServPro,2026-08-03
L-104798,424133.81,7.01,delinquent_90+,95,2026-04-20,missing,Rocket Servicing,2026-08-03
L-104799,74208.98,12.69,delinquent_30,95,2026-03-20,pending,First National,2026-08-13
L-104800,479966.84,7.03,delinquent_60,120,2026-03-16,missing,ServPro,2026-08-26
L-104801,361345.06,5.45,delinquent_30,120,2026-01-12,verified,Apex Loan Servicing,2026-08-11
L-104802,313991.75,7.48,delinquent_30,62,2026-01-22,verified,Apex Loan Servicing,2026-08-10
L-104803,37580.12,4.52,forbearance,0,2026-01-22,verified,First National,2026-08-17
L-104804,6722.13,3.69,forbearance,0,2026-03-07,verified,First National,2026-08-08
L-104805,201648.09,2.85,delinquent_60,95,2026-05-09,missing,Freedom Mortgage,2026-08-26
L-104806,68807.12,3.86,delinquent_30,45,2026-07-28,verified,ServPro,2026-08-14
L-104807,31040.29,,,,2026-05-08,,Apex Loan Servicing,2026-08-10
L-104808,27162.14,9.60,delinquent_90+,95,2026-08-11,verified,Apex Loan Servicing,2026-08-23
L-104809,88873.85,9.16,forbearance,0,2026-01-03,verified,Rocket Servicing,2026-08-15
L-104810,80757.33,7.14,,0,2026-08-10,verified,,2026-08-01
L-104811,39279.04,8.83,,0,2026-08-26,complete,,2026-08-10
L-104812,254794.34,9.12,,0,,complete,Apex Loan Servicing,2026-08-11
L-104813,84209.72,7.47,current,0,2026-05-04,verified,Rocket Servicing,2026-08-05
L-104814,84545.64,7.25,forbearance,0,2026-02-01,missing,Freedom Mortgage,2026-08-04
L-104815,13836.30,13.29,current,0,2026-08-20,pending,Rocket Servicing,2026-08-03
L-104816,40701.76,10.45,,,2026-01-06,,,2026-08-01
L-104817,315020.05,9.22,current,0,2026-05-01,complete,Rocket Servicing,2026-08-13
L-104818,44123.49,10.95,delinquent_90+,31,2026-08-16,pending,ServPro,2026-08-06
L-104819,119464.32,6.87,forbearance,0,2026-01-14,pending,Rocket Servicing,2026-08-08
L-104820,205076.14,,delinquent_60,31,,complete,Rocket Servicing,2026-08-27
L-104821,134250.30,13.76,delinquent_90+,45,2026-01-12,complete,Rocket Servicing,2026-08-04
L-104822,415851.00,,,0,,pending,,2026-08-10
L-104823,231935.45,3.62,delinquent_30,62,2026-07-14,missing,Freedom Mortgage,2026-08-08
L-104824,110590.80,7.11,forbearance,0,2026-06-16,missing,Freedom Mortgage,2026-08-08
L-104825,284320.86,12.98,current,0,2026-01-01,missing,First National,2026-08-13
L-104826,152288.05,,forbearance,,,pending,First National,2026-08-09
L-104827,7583.61,12.46,current,0,2026-04-19,missing,Rocket Servicing,2026-08-27
L-104828,345389.70,11.22,delinquent_60,75,2026-05-21,pending,First National,2026-08-04
L-104829,367319.09,13.48,current,0,2026-03-07,pending,First National,2026-08-04
L-104830,170327.13,9.70,forbearance,0,2026-01-13,complete,Apex Loan Servicing,2026-08-04
L-104831,368677.57,2.89,delinquent_60,31,2026-03-13,verified,ServPro,2026-08-21
L-104832,14926.75,7.31,delinquent_90+,120,2026-03-22,pending,Apex Loan Servicing,2026-08-21
L-104833,476011.93,11.30,delinquent_90+,62,2026-07-18,verified,Freedom Mortgage,2026-08-01
L-104834,43158.07,2.86,delinquent_30,,2026-07-26,,Rocket Servicing,2026-08-08
L-104835,72761.70,,delinquent_90+,,2026-02-22,verified,,2026-08-10
L-104836,35602.59,6.06,forbearance,0,2026-06-12,complete,Apex Loan Servicing,2026-08-02
L-104837,206744.53,13.27,delinquent_90+,120,2026-06-10,verified,Freedom Mortgage,2026-08-11
L-104838,69234.81,7.89,delinquent_30,95,2026-05-07,verified,First National,2026-08-02
L-104839,294845.10,9.29,delinquent_30,62,2026-06-02,complete,Rocket Servicing,2026-08-23
L-104840,146135.58,2.99,delinquent_30,75,2026-01-15,missing,First National,2026-08-16
L-104841,125937.75,4.51,delinquent_60,45,2026-06-11,pending,First National,2026-08-07
L-104842,238598.57,14.43,forbearance,0,2026-01-19,missing,Rocket Servicing,2026-08-03
L-104843,469458.64,,forbearance,0,,complete,Rocket Servicing,2026-08-25
L-104844,268372.04,9.14,delinquent_90+,45,2026-04-07,verified,Apex Loan Servicing,2026-08-21
L-104845,17492.60,13.51,forbearance,0,2026-03-26,verified,Rocket Servicing,2026-08-14
L-104846,69893.53,3.23,delinquent_90+,62,2026-07-09,verified,ServPro,2026-08-13
L-104847,268663.28,13.56,,,,,First National,2026-08-24
L-104848,313166.32,14.48,delinquent_60,45,2026-03-12,verified,First National,2026-08-19
L-104849,86050.09,7.68,current,0,2026-03-17,missing,Rocket Servicing,2026-08-25
L-104850,124170.04,8.84,delinquent_30,62,2026-06-05,complete,Freedom Mortgage,2026-08-06
L-104851,324474.90,11.20,delinquent_90+,62,2026-02-18,complete,Apex Loan Servicing,2026-08-26
L-104852,21778.61,6.69,forbearance,0,2026-04-26,complete,Rocket Servicing,2026-08-07
L-104853,433097.14,5.13,current,0,2026-04-26,complete,Freedom Mortgage,2026-08-18
L-104854,225361.21,7.32,delinquent_30,120,,complete,,2026-08-19
L-104855,63434.07,2.71,current,0,2026-08-04,verified,First National,2026-08-20
L-104856,235392.09,14.16,delinquent_60,62,2026-05-01,verified,Apex Loan Servicing,2026-08-04
L-104857,122436.00,7.96,delinquent_90+,75,2026-04-18,missing,Freedom Mortgage,2026-08-04
L-104858,444731.94,6.31,delinquent_60,75,2026-08-14,missing,Apex Loan Servicing,2026-08-15
L-104859,272518.18,4.66,delinquent_90+,45,2026-03-23,verified,Freedom Mortgage,2026-08-06
L-104860,455190.81,8.37,current,0,2026-04-22,complete,Apex Loan Servicing,2026-08-22
L-104861,160070.78,7.37,delinquent_60,120,2026-02-09,complete,Freedom Mortgage,2026-08-10
L-104862,279217.29,8.58,,0,,,ServPro,2026-08-26
L-104863,45778.55,10.10,delinquent_90+,31,2026-06-26,complete,Apex Loan Servicing,2026-08-04
L-104864,8531.07,10.67,delinquent_30,45,2026-07-24,pending,ServPro,2026-08-09
L-104865,107134.90,5.49,current,0,2026-02-07,complete,Apex Loan Servicing,2026-08-09
L-104866,233734.55,3.93,,,2026-07-24,pending,ServPro,2026-08-04
L-104867,260871.90,5.94,delinquent_90+,45,2026-01-15,pending,Rocket Servicing,2026-08-15
L-104868,361303.27,11.30,delinquent_60,31,2026-05-27,missing,Rocket Servicing,2026-08-26
L-104869,418640.19,7.92,delinquent_30,31,2026-02-25,verified,Apex Loan Servicing,2026-08-18
L-104870,88658.63,7.33,delinquent_90+,120,2026-01-01,missing,Freedom Mortgage,2026-08-18
L-104871,230113.19,11.33,current,,2026-07-12,,ServPro,2026-08-01
L-104872,464789.80,13.18,delinquent_60,31,2026-01-25,pending,Rocket Servicing,2026-08-10
L-104873,388053.81,4.71,forbearance,0,2026-03-14,complete,ServPro,2026-08-07
L-104874,388970.76,,delinquent_30,31,,,Rocket Servicing,2026-08-19
L-104875,437676.96,,delinquent_30,95,2026-04-17,,First National,2026-08-10
L-104876,313718.55,2.54,forbearance,0,2026-04-09,complete,First National,2026-08-13
L-104877,98854.51,10.79,,,2026-07-18,,First National,2026-08-07
L-104878,444774.62,8.20,delinquent_30,120,2026-03-21,verified,Apex Loan Servicing,2026-08-04
L-104879,177794.88,13.28,forbearance,0,2026-03-12,pending,First National,2026-08-06
L-104880,229941.41,3.26,current,0,2026-04-08,missing,First National,2026-08-24
L-104881,196740.61,4.35,delinquent_90+,62,2026-01-16,pending,ServPro,2026-08-23
L-104882,257108.16,3.35,delinquent_60,120,2026-01-08,complete,ServPro,2026-08-16
L-104883,87476.16,8.63,delinquent_30,75,2026-04-20,missing,Apex Loan Servicing,2026-08-08
L-104884,477881.65,11.83,delinquent_30,45,2026-08-21,complete,Rocket Servicing,2026-08-14
L-104885,123715.60,6.30,delinquent_90+,95,2026-03-08,pending,First National,2026-08-15
L-104886,45611.14,,delinquent_90+,120,,,Freedom Mortgage,2026-08-08
L-104887,393359.18,7.17,forbearance,0,2026-01-03,missing,ServPro,2026-08-16
L-104888,212823.55,10.95,current,0,2026-03-18,complete,Rocket Servicing,2026-08-10
L-104889,426311.49,4.40,forbearance,0,2026-04-25,verified,Freedom Mortgage,2026-08-10
L-104890,151096.04,6.46,delinquent_30,45,2026-08-18,verified,First National,2026-08-16
L-104891,386417.55,4.06,delinquent_90+,75,2026-07-01,verified,Freedom Mortgage,2026-08-20
L-104892,331127.58,10.19,delinquent_30,75,2026-01-14,missing,ServPro,2026-08-10
L-104893,357135.23,9.09,delinquent_30,75,2026-07-23,pending,Freedom Mortgage,2026-08-16
L-104894,202830.74,3.53,forbearance,0,2026-05-12,pending,Rocket Servicing,2026-08-16
L-104895,344375.86,13.17,delinquent_60,95,2026-03-23,missing,Rocket Servicing,2026-08-17
L-104896,96129.40,6.00,forbearance,0,2026-03-07,,,2026-08-25
L-104897,475000.98,2.95,delinquent_30,62,2026-05-11,complete,Freedom Mortgage,2026-08-12
L-104898,190220.49,10.19,delinquent_30,31,2026-08-26,pending,Apex Loan Servicing,2026-08-11
L-104899,284164.30,9.06,current,0,2026-07-25,complete,First National,2026-08-08
L-104900,200241.54,11.67,forbearance,0,2026-05-01,pending,Apex Loan Servicing,2026-08-27
L-104901,19701.04,5.07,delinquent_60,31,2026-03-14,complete,Apex Loan Servicing,2026-08-24
L-104902,156535.24,3.94,forbearance,0,2026-07-25,complete,Apex Loan Servicing,2026-08-27
L-104903,441022.29,2.54,delinquent_90+,120,2026-04-20,pending,First National,2026-08-08
L-104904,284325.12,,,0,,pending,Rocket Servicing,2026-08-02
L-104905,105789.45,6.98,delinquent_60,62,2026-06-16,missing,Apex Loan Servicing,2026-08-13
L-104906,363376.27,,delinquent_60,75,,complete,Rocket Servicing,2026-08-11
L-104907,253601.19,10.01,delinquent_60,31,2026-01-19,verified,First National,2026-08-25
L-104908,472126.61,7.05,current,0,2026-07-26,complete,Rocket Servicing,2026-08-07
L-104909,197790.62,12.15,delinquent_30,62,2026-05-23,missing,ServPro,2026-08-20
L-104910,285188.81,8.62,delinquent_60,45,2026-04-25,verified,Apex Loan Servicing,2026-08-15
L-104911,162889.90,12.01,delinquent_60,75,2026-01-13,pending,Rocket Servicing,2026-08-25
L-104912,203512.49,6.97,delinquent_30,95,2026-03-27,missing,Apex Loan Servicing,2026-08-23
L-104913,211736.46,7.30,current,0,2026-02-17,verified,Rocket Servicing,2026-08-17
L-104914,142012.64,5.97,current,0,2026-04-14,pending,Rocket Servicing,2026-08-17
L-104915,163481.05,4.16,delinquent_90+,31,2026-04-28,verified,Apex Loan Servicing,2026-08-02
L-104916,80128.65,11.41,forbearance,0,2026-04-01,missing,Rocket Servicing,2026-08-07
L-104917,38323.76,4.46,delinquent_30,62,2026-06-11,verified,Apex Loan Servicing,2026-08-20
L-104918,441855.31,8.21,delinquent_60,75,2026-07-26,verified,Freedom Mortgage,2026-08-08
L-104919,463333.93,13.79,delinquent_60,75,2026-04-15,complete,Rocket Servicing,2026-08-04
L-104920,334270.06,7.29,delinquent_90+,75,2026-07-16,missing,Apex Loan Servicing,2026-08-22
L-104921,290701.62,8.25,,0,2026-08-03,verified,,2026-08-16
L-104922,375245.37,9.49,current,0,2026-03-01,missing,Rocket Servicing,2026-08-09
L-104923,443226.23,8.96,forbearance,0,2026-05-10,pending,Apex Loan Servicing,2026-08-24
L-104924,184107.16,9.56,delinquent_90+,95,2026-05-04,pending,ServPro,2026-08-13
L-104925,369102.89,8.75,forbearance,0,2026-07-20,complete,Apex Loan Servicing,2026-08-25
L-104926,206341.26,9.28,current,0,2026-05-04,pending,Rocket Servicing,2026-08-19
L-104927,226570.78,9.98,forbearance,0,2026-01-22,missing,Rocket Servicing,2026-08-09
L-104928,134529.83,11.22,,0,,verified,Apex Loan Servicing,2026-08-14
L-104929,470567.79,5.53,delinquent_30,95,2026-08-09,complete,ServPro,2026-08-11
L-104930,121701.85,3.99,delinquent_60,75,2026-01-08,verified,Apex Loan Servicing,2026-08-06
L-104931,451798.31,2.87,delinquent_60,75,2026-02-22,complete,Apex Loan Servicing,2026-08-21
L-104932,259096.81,8.26,current,0,2026-08-12,complete,First National,2026-08-07
L-104933,324364.81,5.09,forbearance,0,2026-03-11,verified,ServPro,2026-08-27
L-104934,478375.58,14.41,delinquent_60,120,2026-07-27,pending,First National,2026-08-25
L-104935,374410.73,3.30,delinquent_90+,45,2026-07-14,verified,Apex Loan Servicing,2026-08-14
L-104936,450765.26,12.05,forbearance,0,2026-07-07,complete,Freedom Mortgage,2026-08-01
L-104937,294769.83,7.33,,,,missing,Rocket Servicing,2026-08-19
L-104938,19399.69,6.25,delinquent_90+,62,2026-05-26,pending,Rocket Servicing,2026-08-19
L-104939,141450.49,4.08,delinquent_90+,75,2026-03-02,complete,First National,2026-08-23
L-104940,9347.10,2.78,,,,,Apex Loan Servicing,2026-08-06
L-104941,173791.45,12.80,delinquent_60,31,2026-05-21,missing,ServPro,2026-08-17
L-104942,203913.92,2.97,current,0,2026-03-07,pending,First National,2026-08-26
L-104943,68190.61,6.11,delinquent_60,31,2026-06-21,verified,Rocket Servicing,2026-08-17
L-104944,335215.66,4.24,delinquent_90+,95,2026-07-28,complete,Freedom Mortgage,2026-08-16
L-104945,440662.39,13.96,forbearance,0,2026-04-26,pending,Freedom Mortgage,2026-08-08
L-104946,212047.51,12.60,delinquent_60,45,2026-01-03,missing,Rocket Servicing,2026-08-26
L-104947,192025.66,7.04,delinquent_90+,120,2026-03-19,missing,First National,2026-08-24
L-104948,36031.33,5.07,forbearance,0,2026-05-03,verified,Freedom Mortgage,2026-08-22
L-104949,479602.92,6.93,,,2026-06-10,,ServPro,2026-08-24
L-104950,87423.86,12.10,delinquent_30,95,2026-05-24,verified,ServPro,2026-08-22
L-104951,431637.24,,,,2026-02-10,pending,,2026-08-27
L-104952,105709.60,13.02,delinquent_60,45,2026-06-21,verified,Freedom Mortgage,2026-08-27
L-104953,322466.88,7.57,current,0,2026-08-23,complete,Freedom Mortgage,2026-08-26
L-104954,245722.25,14.13,delinquent_90+,62,2026-02-08,missing,First National,2026-08-15
L-104955,298757.92,8.54,delinquent_60,31,2026-06-23,pending,Rocket Servicing,2026-08-02
L-104956,324019.49,6.28,delinquent_60,75,2026-06-03,pending,First National,2026-08-13
L-104957,319389.32,10.24,current,0,2026-02-20,missing,Apex Loan Servicing,2026-08-15
L-104958,115216.49,6.29,,,2026-05-13,missing,,2026-08-08
L-104959,288068.36,5.50,delinquent_30,95,2026-01-23,missing,Rocket Servicing,2026-08-22
L-104960,120394.79,4.48,delinquent_30,31,2026-06-02,verified,Apex Loan Servicing,2026-08-16
L-104961,167578.19,4.77,current,0,2026-01-08,missing,Freedom Mortgage,2026-08-06
L-104962,80552.80,7.16,current,0,2026-06-22,missing,Rocket Servicing,2026-08-23
L-104963,446019.90,14.41,delinquent_30,95,2026-05-20,verified,Rocket Servicing,2026-08-13
L-104964,353286.75,7.81,delinquent_30,45,2026-04-20,missing,Freedom Mortgage,2026-08-03
L-104965,257108.54,3.45,forbearance,0,2026-06-25,verified,Apex Loan Servicing,2026-08-15
L-104966,417805.70,,,,2026-04-20,,ServPro,2026-08-17
L-104967,284543.79,,,0,,,Apex Loan Servicing,2026-08-10
L-104968,381898.05,10.80,current,0,2026-08-25,missing,Rocket Servicing,2026-08-14
L-104969,,5.01,delinquent_30,75,,,,2026-08-04
L-104970,388435.80,8.59,delinquent_60,95,2026-08-27,missing,First National,2026-08-26
L-104971,418575.23,10.47,current,0,2026-08-11,pending,First National,2026-08-09
L-104972,429752.61,13.43,delinquent_90+,62,2026-04-19,complete,ServPro,2026-08-27
L-104973,24680.82,,delinquent_60,,,,Rocket Servicing,2026-08-27
L-104974,132735.07,10.68,delinquent_30,120,2026-02-19,verified,First National,2026-08-18
L-104975,360774.99,2.50,current,0,2026-03-02,pending,ServPro,2026-08-16
L-104976,294951.40,14.14,current,0,2026-07-20,missing,Freedom Mortgage,2026-08-14
L-104977,237139.13,14.28,delinquent_90+,120,2026-07-09,verified,First National,2026-08-01
L-104978,169619.69,7.82,delinquent_90+,62,2026-03-23,complete,Apex Loan Servicing,2026-08-08
L-104979,416251.65,13.24,delinquent_30,31,2026-01-03,verified,First National,2026-08-21
L-104980,449075.76,3.21,,,2026-08-10,complete,ServPro,2026-08-13
L-104981,132201.25,13.89,forbearance,0,2026-07-01,missing,Freedom Mortgage,2026-08-18
L-104982,116692.05,7.27,delinquent_30,45,2026-03-28,missing,ServPro,2026-08-27
L-104983,473108.76,8.19,current,0,2026-07-02,verified,First National,2026-08-14
L-104984,310850.36,8.40,delinquent_90+,95,2026-03-03,missing,First National,2026-08-18
L-104985,389726.93,4.43,forbearance,0,2026-01-17,missing,ServPro,2026-08-20
L-104986,346997.19,11.22,current,0,2026-08-02,missing,ServPro,2026-08-09
L-104987,418200.31,7.64,delinquent_60,95,2026-06-15,missing,ServPro,2026-08-19
L-104988,350759.53,11.28,delinquent_90+,120,2026-08-28,missing,Apex Loan Servicing,2026-08-25
L-104989,366451.89,,forbearance,0,2026-04-24,,,2026-08-27
L-104990,256395.50,8.98,delinquent_90+,62,2026-03-07,complete,Apex Loan Servicing,2026-08-01
L-104991,16782.14,9.84,,,2026-03-01,verified,First National,2026-08-01
L-104992,341728.52,11.73,delinquent_60,62,2026-05-15,missing,Freedom Mortgage,2026-08-26
L-104993,387348.14,11.98,current,0,2026-07-07,pending,Rocket Servicing,2026-08-03
L-104994,47622.40,4.19,delinquent_30,31,2026-04-27,missing,Apex Loan Servicing,2026-08-06
L-104995,88257.24,7.16,delinquent_30,120,2026-04-28,complete,Apex Loan Servicing,2026-08-25
L-104996,376815.56,11.48,delinquent_60,95,2026-01-18,verified,First National,2026-08-04
L-104997,422877.42,,current,,2026-07-11,,ServPro,2026-08-16
L-104998,197217.81,3.77,,0,,complete,ServPro,2026-08-14
L-104999,467733.67,13.45,delinquent_30,31,2026-06-05,verified,ServPro,2026-08-07
L-105000,219509.79,3.37,delinquent_90+,31,2026-07-18,verified,Apex Loan Servicing,2026-08-21
L-105001,204112.59,11.36,delinquent_60,31,2026-05-16,pending,Rocket Servicing,2026-08-20
L-105002,208172.39,9.33,delinquent_30,120,2026-08-10,pending,Rocket Servicing,2026-08-06
L-105003,216022.50,7.06,forbearance,0,2026-08-23,verified,Freedom Mortgage,2026-08-22
L-105004,182615.38,7.16,delinquent_90+,31,2026-04-24,pending,Freedom Mortgage,2026-08-22
L-105005,398637.78,3.70,current,0,2026-06-23,complete,ServPro,2026-08-26
L-105006,41421.18,10.23,current,0,2026-07-24,pending,Freedom Mortgage,2026-08-08
L-105007,463138.03,13.43,delinquent_30,62,2026-07-03,complete,Rocket Servicing,2026-08-21
L-105008,339944.78,10.74,delinquent_30,45,2026-05-03,verified,Freedom Mortgage,2026-08-25
L-105009,392751.51,10.70,current,0,2026-07-06,complete,Rocket Servicing,2026-08-24
L-105011,199099.23,3.14,delinquent_30,31,2026-01-12,complete,Apex Loan Servicing,2026-08-07
L-105012,123597.34,7.72,current,,2026-08-15,,Apex Loan Servicing,2026-08-21
L-105013,463828.55,5.49,delinquent_90+,45,2026-05-23,missing,First National,2026-08-23
L-105014,189129.21,3.63,forbearance,0,2026-08-24,missing,Freedom Mortgage,2026-08-01
L-105015,140873.54,6.12,forbearance,0,2026-04-05,verified,Apex Loan Servicing,2026-08-08
L-105016,253183.62,2.79,delinquent_30,95,2026-06-04,verified,Freedom Mortgage,2026-08-18
L-105017,24244.46,6.25,delinquent_60,95,2026-03-13,pending,ServPro,2026-08-16
L-105018,111041.35,12.84,delinquent_30,62,2026-02-05,verified,ServPro,2026-08-13
L-105019,467996.60,,delinquent_60,,2026-05-15,verified,Rocket Servicing,2026-08-23
L-105021,195529.34,12.08,current,,,verified,Apex Loan Servicing,2026-08-06
L-105022,310138.53,8.04,delinquent_30,62,2026-03-21,missing,Rocket Servicing,2026-08-09
L-105023,162949.52,6.43,current,0,2026-06-26,verified,Rocket Servicing,2026-08-22
L-105024,25682.00,7.49,delinquent_60,95,2026-08-17,missing,First National,2026-08-08
L-105025,123619.46,4.65,delinquent_90+,31,2026-08-18,pending,Freedom Mortgage,2026-08-12
L-105026,261812.68,10.15,delinquent_30,62,2026-06-05,missing,Apex Loan Servicing,2026-08-18
L-105027,399118.12,10.46,delinquent_60,45,2026-05-04,verified,ServPro,2026-08-23
L-105028,55650.38,5.64,current,0,2026-02-02,complete,Rocket Servicing,2026-08-22
L-105029,415574.98,9.32,current,0,2026-03-27,pending,Rocket Servicing,2026-08-17
L-105031,39905.83,,delinquent_90+,75,,,,2026-08-23
L-105032,133920.24,10.27,delinquent_60,45,2026-01-27,complete,ServPro,2026-08-10
L-105033,453317.82,2.67,forbearance,0,2026-01-22,pending,First National,2026-08-26
L-105034,422026.51,8.95,delinquent_30,45,2026-01-28,verified,Rocket Servicing,2026-08-27
L-105035,225677.17,7.17,forbearance,0,2026-05-02,pending,Apex Loan Servicing,2026-08-08
L-105036,463931.79,8.80,delinquent_30,,,pending,Apex Loan Servicing,2026-08-13
L-105037,89749.32,7.47,current,0,2026-01-12,complete,First National,2026-08-17
L-105038,247942.34,2.58,delinquent_30,31,2026-01-11,pending,ServPro,2026-08-18
L-105039,316432.30,10.03,,0,,,First National,2026-08-25
L-105041,9788.44,3.35,forbearance,0,2026-02-25,verified,Apex Loan Servicing,2026-08-24
L-105042,453761.51,7.20,,0,2026-02-12,,Rocket Servicing,2026-08-03
L-105043,469491.02,3.31,forbearance,0,2026-01-15,complete,Freedom Mortgage,2026-08-15
L-105044,299334.00,4.50,forbearance,0,2026-05-28,pending,Apex Loan Servicing,2026-08-14
L-105045,100110.75,9.49,,,2026-08-21,,,2026-08-21
L-105046,71877.90,,delinquent_30,,2026-04-12,,Rocket Servicing,2026-08-17
L-105047,221381.15,14.10,forbearance,0,2026-04-09,verified,Freedom Mortgage,2026-08-21
L-105048,294265.19,13.15,current,0,2026-01-12,missing,Apex Loan Servicing,2026-08-16
L-105049,13811.62,10.13,forbearance,0,2026-07-03,missing,Apex Loan Servicing,2026-08-20
L-105051,32122.03,11.97,forbearance,0,2026-05-03,verified,ServPro,2026-08-19
L-105052,317854.46,10.32,delinquent_30,75,2026-02-09,missing,Rocket Servicing,2026-08-18
L-105053,165163.87,13.93,current,0,2026-08-21,pending,Apex Loan Servicing,2026-08-09
L-105054,259616.21,8.30,forbearance,0,2026-05-02,complete,Apex Loan Servicing,2026-08-06
L-105055,267497.89,11.86,delinquent_90+,62,2026-01-16,pending,First National,2026-08-27
L-105056,463100.47,2.77,delinquent_90+,31,2026-02-19,verified,Rocket Servicing,2026-08-07
L-105057,477307.82,7.86,delinquent_30,120,2026-03-11,missing,Rocket Servicing,2026-08-21
L-105058,16633.37,10.75,delinquent_60,75,2026-01-01,complete,Rocket Servicing,2026-08-23
L-105059,57829.30,11.86,delinquent_90+,45,2026-05-23,pending,Rocket Servicing,2026-08-20
L-105061,329694.38,11.92,current,0,2026-01-05,missing,First National,2026-08-19
L-105062,191744.58,10.31,delinquent_30,62,2026-05-25,verified,First National,2026-08-20
L-105063,389188.91,8.18,delinquent_90+,45,2026-05-18,verified,ServPro,2026-08-10
L-105064,120337.62,13.27,current,0,2026-04-11,verified,Freedom Mortgage,2026-08-22
L-105065,19067.27,9.92,current,0,2026-01-23,verified,Freedom Mortgage,2026-08-09
L-105066,151012.41,11.74,current,0,2026-01-27,missing,Freedom Mortgage,2026-08-02
L-105067,79522.19,2.68,forbearance,0,2026-08-12,verified,Freedom Mortgage,2026-08-07
L-105068,397412.19,14.41,delinquent_30,95,2026-08-13,missing,ServPro,2026-08-12
L-105069,169846.66,6.48,delinquent_90+,95,2026-06-13,missing,First National,2026-08-24
L-105071,367047.37,5.71,forbearance,0,2026-08-17,pending,ServPro,2026-08-10
L-105072,247321.36,3.84,current,0,2026-01-02,pending,Rocket Servicing,2026-08-12
L-105073,300309.45,,,,2026-06-05,missing,,2026-08-21
L-105074,246643.74,5.95,current,0,2026-05-27,complete,Rocket Servicing,2026-08-12
L-105075,253223.27,7.13,delinquent_30,75,2026-01-14,missing,First National,2026-08-03
L-105076,312957.86,4.87,delinquent_90+,62,2026-06-11,missing,Freedom Mortgage,2026-08-06
L-105077,451123.42,10.48,delinquent_30,120,2026-03-10,complete,Apex Loan Servicing,2026-08-22
L-105078,407394.22,13.18,current,0,2026-02-17,complete,First National,2026-08-23
L-105079,214706.11,11.91,delinquent_60,45,2026-07-02,missing,Apex Loan Servicing,2026-08-20
L-105081,416382.47,8.74,forbearance,0,2026-03-15,complete,Rocket Servicing,2026-08-08
L-105082,277384.88,5.76,delinquent_60,95,2026-04-21,missing,ServPro,2026-08-13
L-105083,250470.24,9.49,forbearance,0,2026-07-03,verified,First National,2026-08-23
L-105084,321018.65,12.16,delinquent_90+,62,2026-06-17,complete,Apex Loan Servicing,2026-08-10
L-105085,334769.18,12.55,,,,,First National,2026-08-21
L-105086,413281.92,4.82,current,0,2026-03-14,complete,Rocket Servicing,2026-08-11
L-105087,237793.74,3.25,forbearance,0,2026-05-11,missing,Apex Loan Servicing,2026-08-25
L-105088,214866.91,9.38,delinquent_60,95,2026-02-21,pending,ServPro,2026-08-17
L-105089,441405.77,8.72,delinquent_90+,45,2026-02-26,pending,Rocket Servicing,2026-08-19
L-105091,250257.69,11.68,delinquent_60,62,2026-03-07,pending,Rocket Servicing,2026-08-23
L-105092,91034.25,6.67,delinquent_90+,31,2026-02-25,verified,Freedom Mortgage,2026-08-26
L-105093,133245.77,4.99,current,0,2026-05-20,pending,Apex Loan Servicing,2026-08-27
L-105094,68553.89,10.91,delinquent_30,45,2026-02-15,missing,First National,2026-08-05
L-105095,40276.95,14.05,current,0,2026-08-13,pending,Rocket Servicing,2026-08-09
L-105096,479886.42,,delinquent_90+,45,,pending,,2026-08-24
L-105097,136922.75,11.02,delinquent_30,95,2026-08-02,pending,Rocket Servicing,2026-08-05
L-105098,313569.87,13.01,delinquent_60,120,2026-04-12,complete,ServPro,2026-08-05
L-105099,443419.56,6.89,delinquent_60,120,2026-05-18,missing,Freedom Mortgage,2026-08-13
L-105101,126823.21,4.20,delinquent_30,62,2026-05-21,verified,Freedom Mortgage,2026-08-06
L-105102,445610.29,13.69,delinquent_30,31,2026-07-03,complete,Freedom Mortgage,2026-08-20
L-105103,132279.95,10.37,forbearance,0,2026-03-16,missing,Freedom Mortgage,2026-08-07
L-105104,21986.36,6.99,forbearance,0,2026-04-08,missing,Rocket Servicing,2026-08-12
L-105105,246831.47,9.58,current,0,2026-03-18,missing,Freedom Mortgage,2026-08-20
L-105106,213410.97,8.86,delinquent_90+,95,2026-01-02,missing,Rocket Servicing,2026-08-16
L-105107,104037.83,12.86,delinquent_30,95,2026-01-15,pending,ServPro,2026-08-21
L-105108,279552.40,5.97,delinquent_60,62,2026-08-12,complete,First National,2026-08-15
L-105109,12371.69,7.45,delinquent_90+,62,2026-06-17,complete,ServPro,2026-08-11
L-105111,193529.74,9.59,delinquent_30,45,2026-04-06,missing,Freedom Mortgage,2026-08-02
L-105112,35435.10,,current,0,,complete,ServPro,2026-08-19
L-105113,406756.64,11.37,delinquent_30,75,2026-04-11,complete,First National,2026-08-10
L-105114,74817.84,3.09,delinquent_30,95,2026-07-04,pending,Freedom Mortgage,2026-08-07
L-105115,,,delinquent_30,,2026-05-11,missing,,2026-08-05
L-105116,75615.15,10.80,,0,,,,2026-08-25
L-105117,12161.05,3.66,delinquent_30,75,2026-03-18,pending,Rocket Servicing,2026-08-22
L-105118,274407.87,11.07,delinquent_30,62,2026-04-25,,,2026-08-06
L-105119,467259.26,3.90,delinquent_90+,75,2026-03-19,missing,Apex Loan Servicing,2026-08-09
L-105121,236891.39,7.01,current,0,2026-08-15,missing,Freedom Mortgage,2026-08-13
L-105122,430658.40,9.12,current,0,2026-08-02,complete,ServPro,2026-08-08
L-105123,437201.14,11.16,,0,,missing,ServPro,2026-08-16
L-105124,82836.38,3.33,delinquent_30,75,2026-03-19,pending,Rocket Servicing,2026-08-11
L-105125,322542.64,9.37,delinquent_90+,75,2026-04-18,pending,Rocket Servicing,2026-08-07
L-105126,79194.88,5.85,delinquent_30,95,2026-03-06,pending,Freedom Mortgage,2026-08-17
L-105127,98476.83,11.15,current,0,2026-04-17,missing,Freedom Mortgage,2026-08-24
L-105128,328775.89,,forbearance,0,,,Rocket Servicing,2026-08-27
L-105129,421787.35,10.75,delinquent_60,62,2026-02-06,missing,Rocket Servicing,2026-08-06
L-105131,325791.70,8.77,forbearance,,2026-04-19,pending,,2026-08-23
L-105132,21437.65,7.48,delinquent_30,120,2026-04-07,verified,Rocket Servicing,2026-08-04
L-105133,98456.63,6.60,delinquent_30,45,2026-08-17,missing,Apex Loan Servicing,2026-08-03
L-105134,388148.92,9.81,delinquent_60,45,2026-01-19,missing,Rocket Servicing,2026-08-18
L-105135,275931.67,3.21,delinquent_30,62,2026-08-05,pending,Freedom Mortgage,2026-08-24
L-105136,95766.96,2.57,current,0,2026-07-28,complete,Apex Loan Servicing,2026-08-14
L-105137,149162.84,12.41,delinquent_90+,120,2026-08-10,verified,Rocket Servicing,2026-08-06
L-105138,51537.69,9.07,delinquent_60,120,2026-07-28,missing,First National,2026-08-18
L-105139,185970.03,4.14,delinquent_30,75,2026-01-24,pending,Rocket Servicing,2026-08-27
L-105141,34497.49,,delinquent_60,,,missing,,2026-08-24
L-105142,315338.27,14.24,delinquent_30,75,2026-07-15,verified,Apex Loan Servicing,2026-08-01
L-105143,448457.58,12.43,current,0,2026-06-19,verified,Rocket Servicing,2026-08-16
L-105144,209333.35,12.36,delinquent_30,62,2026-06-25,pending,Freedom Mortgage,2026-08-01
L-105145,145092.61,5.15,,0,,,,2026-08-02
L-105146,435199.76,12.59,delinquent_30,75,2026-02-12,pending,Rocket Servicing,2026-08-07
L-105147,25430.05,3.28,delinquent_90+,95,2026-04-21,complete,Apex Loan Servicing,2026-08-24
L-105148,350138.10,13.88,delinquent_30,45,2026-06-06,verified,Rocket Servicing,2026-08-19
L-105149,213063.02,8.06,delinquent_90+,75,2026-07-10,missing,Freedom Mortgage,2026-08-17
L-105151,449822.40,5.29,delinquent_90+,120,2026-01-15,complete,First National,2026-08-24
L-105152,146222.77,4.12,delinquent_60,95,2026-01-12,verified,Apex Loan Servicing,2026-08-21
L-105153,345317.46,10.33,current,0,2026-05-09,,,2026-08-19
L-105154,403977.99,14.13,current,0,2026-08-06,pending,First National,2026-08-24
L-105155,12731.23,,,,,verified,Rocket Servicing,2026-08-02
L-105156,45659.30,3.38,delinquent_90+,31,2026-05-22,pending,First National,2026-08-01
L-105157,180972.49,2.61,current,0,2026-06-24,verified,Apex Loan Servicing,2026-08-11
L-105158,113273.49,11.75,delinquent_90+,62,2026-02-09,complete,Rocket Servicing,2026-08-17
L-105159,162762.36,2.75,delinquent_60,31,2026-05-24,pending,ServPro,2026-08-16
L-105161,60803.85,6.61,delinquent_30,95,2026-07-04,complete,Rocket Servicing,2026-08-04
L-105162,211352.38,12.88,delinquent_90+,31,2026-05-07,missing,Apex Loan Servicing,2026-08-07
L-105163,205384.24,,delinquent_60,31,,missing,ServPro,2026-08-06
L-105164,170187.42,3.96,current,0,2026-08-07,verified,First National,2026-08-06
L-105165,474515.28,,,,2026-06-27,pending,Rocket Servicing,2026-08-01
L-105166,212553.97,11.99,forbearance,0,2026-07-22,pending,Rocket Servicing,2026-08-25
L-105167,390968.98,7.39,current,0,2026-01-19,pending,First National,2026-08-27
L-105168,471973.09,13.83,delinquent_60,31,2026-01-26,complete,Freedom Mortgage,2026-08-27
L-105169,301557.96,13.80,current,0,2026-03-22,pending,Apex Loan Servicing,2026-08-17
L-105171,431849.15,11.30,delinquent_60,120,2026-05-20,pending,Rocket Servicing,2026-08-09
L-105172,146480.27,6.47,current,0,2026-03-13,verified,Rocket Servicing,2026-08-21
L-105173,410760.55,12.58,delinquent_60,95,,,First National,2026-08-03
L-105174,133767.61,11.69,forbearance,0,2026-03-23,verified,Freedom Mortgage,2026-08-27
L-105175,246109.41,8.15,forbearance,0,2026-04-22,verified,ServPro,2026-08-15
L-105176,345032.73,10.79,delinquent_30,62,2026-01-17,pending,Rocket Servicing,2026-08-03
L-105177,109016.39,11.41,current,0,2026-06-15,pending,First National,2026-08-18
L-105178,342476.73,10.22,current,0,,complete,,2026-08-15
L-105179,440598.73,9.58,delinquent_60,120,2026-02-22,pending,ServPro,2026-08-21
L-105181,195556.41,13.08,forbearance,0,2026-07-19,verified,First National,2026-08-03
L-105182,14453.01,5.75,delinquent_30,95,2026-01-24,pending,ServPro,2026-08-13
L-105183,107767.86,7.44,forbearance,0,2026-07-08,pending,Freedom Mortgage,2026-08-27
L-105184,312881.29,6.66,delinquent_90+,75,2026-07-21,verified,ServPro,2026-08-01
L-105185,166675.05,2.74,current,0,2026-01-11,complete,Apex Loan Servicing,2026-08-02
L-105186,25449.28,10.01,delinquent_30,62,2026-01-23,complete,Rocket Servicing,2026-08-12
L-105187,445860.18,6.24,current,0,2026-05-25,complete,Freedom Mortgage,2026-08-09
L-105188,337103.97,,forbearance,0,,complete,ServPro,2026-08-13
L-105189,252891.50,10.06,current,0,2026-05-20,pending,ServPro,2026-08-16
L-105191,117579.85,12.55,current,0,2026-08-15,missing,Apex Loan Servicing,2026-08-27
L-105192,49448.41,3.93,delinquent_90+,75,2026-08-11,missing,First National,2026-08-23
L-105193,380350.35,5.85,delinquent_90+,62,2026-04-24,complete,Rocket Servicing,2026-08-27
L-105194,311196.55,10.48,delinquent_30,45,2026-06-02,pending,Apex Loan Servicing,2026-08-13
L-105195,424182.46,9.50,delinquent_30,75,2026-08-10,verified,ServPro,2026-08-12
L-105196,179431.18,4.94,delinquent_60,31,2026-06-08,missing,ServPro,2026-08-10
L-105197,86120.64,,delinquent_90+,95,,complete,First National,2026-08-07
L-105198,47273.82,2.53,current,0,2026-04-21,pending,First National,2026-08-17
L-105199,197381.94,,forbearance,,2026-01-19,verified,Rocket Servicing,2026-08-16
L-105201,259015.09,12.06,current,0,2026-07-13,complete,Apex Loan Servicing,2026-08-01
L-105202,193215.15,6.25,forbearance,0,2026-01-09,pending,Apex Loan Servicing,2026-08-10
L-105203,340393.63,13.14,current,0,2026-07-21,pending,Freedom Mortgage,2026-08-23
L-105204,13860.72,5.72,,0,,complete,,2026-08-06
L-105205,14180.52,12.69,forbearance,0,2026-05-28,verified,Rocket Servicing,2026-08-24
L-105206,72504.50,3.59,forbearance,0,2026-06-13,verified,Rocket Servicing,2026-08-20
L-105207,108178.52,4.80,forbearance,0,2026-08-09,missing,Freedom Mortgage,2026-08-20
L-105208,257814.77,4.61,forbearance,0,2026-05-18,verified,ServPro,2026-08-03
L-105209,149271.04,5.56,delinquent_30,120,2026-08-08,verified,First National,2026-08-20
L-105210,34420.21,6.45,delinquent_60,45,2026-08-20,missing,ServPro,2026-08-13
L-105211,54726.69,11.08,delinquent_60,45,2026-01-01,pending,Rocket Servicing,2026-08-19
L-105212,145316.34,11.19,,,2026-02-11,,First National,2026-08-26
L-105213,460934.66,3.84,delinquent_90+,75,2026-07-24,complete,Apex Loan Servicing,2026-08-20
L-105214,47096.66,7.04,delinquent_90+,62,2026-08-17,pending,Rocket Servicing,2026-08-05
L-105215,407577.45,6.83,delinquent_30,95,2026-04-18,missing,Rocket Servicing,2026-08-23
L-105216,24715.02,10.41,delinquent_60,120,2026-06-01,pending,Apex Loan Servicing,2026-08-18
L-105217,255327.59,13.36,delinquent_60,75,2026-07-20,complete,Apex Loan Servicing,2026-08-04
L-105218,144751.38,8.87,current,0,2026-03-20,verified,Rocket Servicing,2026-08-08
L-105219,100666.54,,,0,2026-08-01,,,2026-08-15
L-105220,384006.18,3.75,current,0,2026-05-23,verified,Apex Loan Servicing,2026-08-14
L-105221,40958.80,3.25,delinquent_30,45,2026-05-26,missing,First National,2026-08-06
L-105222,75759.62,14.40,delinquent_60,62,2026-05-25,complete,Apex Loan Servicing,2026-08-07
L-105223,238440.30,,delinquent_60,45,2026-06-01,,,2026-08-15
L-105224,151543.11,8.82,delinquent_30,31,2026-04-20,missing,First National,2026-08-21
L-105225,31363.67,8.60,delinquent_90+,75,2026-06-11,complete,First National,2026-08-25
L-105226,466605.19,6.32,delinquent_90+,120,2026-01-21,pending,ServPro,2026-08-15
L-105227,229087.32,,,,2026-02-12,complete,ServPro,2026-08-24
L-105228,135745.07,13.07,delinquent_30,,,,,2026-08-23
L-105229,40716.95,8.83,delinquent_90+,,,missing,ServPro,2026-08-16
L-105230,,,delinquent_90+,,,missing,First National,2026-08-20
L-105231,17184.21,11.21,current,0,2026-03-11,verified,Apex Loan Servicing,2026-08-26
L-105232,123467.95,,forbearance,,,,ServPro,2026-08-16
L-105233,161030.05,2.50,delinquent_30,62,2026-08-25,complete,Rocket Servicing,2026-08-12
L-105234,174136.86,5.77,current,0,2026-03-18,pending,ServPro,2026-08-27
L-105235,371466.95,14.07,delinquent_30,95,2026-04-22,verified,ServPro,2026-08-12
L-105236,220780.77,11.64,delinquent_60,120,2026-05-01,pending,Rocket Servicing,2026-08-19
L-105237,247329.38,14.35,forbearance,0,2026-04-20,verified,Rocket Servicing,2026-08-20
L-105238,117509.71,10.38,delinquent_30,45,2026-01-28,missing,ServPro,2026-08-02
L-105239,425583.91,8.44,delinquent_90+,62,2026-04-20,complete,First National,2026-08-18
L-105240,227539.00,11.77,forbearance,0,2026-03-27,verified,First National,2026-08-09
L-105241,247935.20,6.47,delinquent_30,95,2026-08-03,missing,Apex Loan Servicing,2026-08-08
L-105242,299440.64,,,,,verified,Freedom Mortgage,2026-08-18
L-105243,133400.47,12.67,delinquent_60,31,2026-03-20,missing,Apex Loan Servicing,2026-08-25
L-105244,426979.66,8.69,delinquent_90+,120,2026-01-18,verified,ServPro,2026-08-07
L-105245,450595.24,4.59,delinquent_30,62,2026-08-26,verified,First National,2026-08-04
L-105246,266188.58,4.82,forbearance,0,2026-02-11,verified,First National,2026-08-27
L-105247,79508.39,11.39,delinquent_30,75,2026-08-28,complete,Freedom Mortgage,2026-08-24
L-105248,240241.81,3.26,current,0,2026-04-03,complete,ServPro,2026-08-14
L-105249,373020.40,3.94,delinquent_30,62,2026-07-20,verified,ServPro,2026-08-13
L-105250,275511.48,,,0,2026-03-05,,,2026-08-09
L-105251,314820.40,13.18,forbearance,0,2026-07-15,complete,ServPro,2026-08-04
L-105252,215483.16,10.15,forbearance,0,2026-06-15,pending,Rocket Servicing,2026-08-15
L-105253,333631.61,4.81,delinquent_60,45,2026-01-01,pending,Rocket Servicing,2026-08-25
L-105254,169284.29,5.37,delinquent_60,62,2026-03-10,verified,First National,2026-08-03
L-105255,476139.48,12.79,current,0,2026-02-27,missing,First National,2026-08-15
L-105256,292717.75,2.52,current,0,2026-07-15,verified,ServPro,2026-08-22
L-105257,60560.32,3.67,delinquent_90+,62,2026-06-08,pending,Freedom Mortgage,2026-08-13
L-105258,81642.33,6.37,current,0,2026-04-12,pending,Freedom Mortgage,2026-08-23
L-105259,359990.64,14.10,current,0,2026-01-04,pending,Rocket Servicing,2026-08-10
L-105260,219297.94,11.73,forbearance,0,2026-02-10,missing,Apex Loan Servicing,2026-08-25
L-105261,218276.73,3.01,current,0,2026-08-01,missing,ServPro,2026-08-18
L-105262,64824.55,9.12,delinquent_30,31,2026-02-09,pending,Rocket Servicing,2026-08-10
L-105263,387188.88,12.87,delinquent_90+,75,2026-04-14,verified,Freedom Mortgage,2026-08-14
L-105264,400389.89,14.30,delinquent_60,120,2026-05-19,complete,First National,2026-08-22
L-105265,458449.31,11.52,delinquent_90+,75,2026-04-19,pending,First National,2026-08-13
L-105266,377546.12,5.80,forbearance,0,2026-05-05,pending,First National,2026-08-03
L-105267,88086.92,7.86,delinquent_30,120,2026-06-02,verified,Apex Loan Servicing,2026-08-22
L-105268,432340.05,3.22,forbearance,0,2026-04-17,verified,Freedom Mortgage,2026-08-04
L-105269,427166.19,5.09,delinquent_30,120,2026-04-19,complete,First National,2026-08-12
L-105270,456549.54,10.63,delinquent_60,95,2026-06-10,verified,ServPro,2026-08-03
L-105271,474117.42,3.23,delinquent_90+,95,2026-01-08,complete,Rocket Servicing,2026-08-24
L-105272,19631.80,12.87,delinquent_60,120,2026-05-28,verified,Apex Loan Servicing,2026-08-01
L-105273,129445.25,4.91,delinquent_60,45,2026-04-14,complete,Rocket Servicing,2026-08-16
L-105274,299238.67,,,,2026-03-19,complete,,2026-08-25
L-105275,287736.58,14.12,forbearance,0,2026-07-27,complete,Apex Loan Servicing,2026-08-03
L-105276,337195.91,,delinquent_30,31,,,Rocket Servicing,2026-08-19
L-105277,306377.47,11.93,current,0,2026-01-03,verified,Apex Loan Servicing,2026-08-01
L-105278,294021.32,13.23,delinquent_30,120,2026-07-01,verified,Rocket Servicing,2026-08-07
L-105279,406199.51,4.85,delinquent_60,95,2026-08-07,pending,First National,2026-08-01
L-105280,201675.24,13.85,delinquent_60,45,2026-06-07,complete,Rocket Servicing,2026-08-08
L-105281,478839.14,9.06,,,,complete,Rocket Servicing,2026-08-20
L-105282,130746.10,5.82,delinquent_60,62,2026-06-04,verified,Apex Loan Servicing,2026-08-24
L-105283,364441.55,,delinquent_60,,,complete,,2026-08-03
L-105284,273729.43,6.94,forbearance,0,2026-02-21,complete,Freedom Mortgage,2026-08-17
L-105285,280101.18,10.82,delinquent_90+,75,2026-08-22,complete,Apex Loan Servicing,2026-08-22
L-105286,78707.44,14.29,delinquent_60,120,2026-07-17,complete,Rocket Servicing,2026-08-23
L-105287,292900.89,4.23,current,0,2026-01-26,pending,Rocket Servicing,2026-08-25
L-105288,261419.10,10.11,delinquent_90+,95,2026-04-20,complete,Freedom Mortgage,2026-08-16
L-105289,268609.96,4.97,current,0,2026-03-02,missing,Apex Loan Servicing,2026-08-26
L-105290,331694.24,8.73,delinquent_30,120,2026-01-15,missing,Apex Loan Servicing,2026-08-15
L-105291,41879.94,4.77,current,0,2026-06-23,complete,Rocket Servicing,2026-08-01
L-105292,358221.37,9.14,delinquent_30,120,2026-07-03,verified,First National,2026-08-01
L-105293,124147.64,12.34,delinquent_60,120,2026-02-24,pending,Freedom Mortgage,2026-08-22
L-105294,8986.72,11.20,delinquent_60,120,2026-06-06,missing,Rocket Servicing,2026-08-08
L-105295,187963.89,6.38,delinquent_60,75,2026-02-09,missing,First National,2026-08-05
L-105296,345341.24,10.81,forbearance,0,2026-08-02,complete,First National,2026-08-20
L-105297,126480.51,,delinquent_90+,,2026-07-04,complete,First National,2026-08-10
L-105298,116236.15,5.51,current,0,2026-07-24,missing,Freedom Mortgage,2026-08-22
L-105299,41287.86,3.98,delinquent_90+,120,2026-05-17,complete,First National,2026-08-01
L-105300,186233.61,4.98,current,0,2026-02-14,verified,Apex Loan Servicing,2026-08-27
L-105301,302181.58,7.18,delinquent_90+,45,2026-03-08,pending,ServPro,2026-08-17
L-105302,144379.83,6.19,delinquent_90+,45,2026-03-26,complete,ServPro,2026-08-09
L-105303,310496.54,6.27,delinquent_30,95,2026-01-11,missing,First National,2026-08-20
L-105304,442036.97,14.14,delinquent_30,95,2026-02-14,pending,ServPro,2026-08-05
L-105305,216665.90,4.65,current,0,2026-08-06,verified,Rocket Servicing,2026-08-04
L-105306,400522.17,6.97,current,0,2026-06-24,verified,Apex Loan Servicing,2026-08-17
L-105307,361049.38,3.51,delinquent_60,62,2026-02-18,missing,Apex Loan Servicing,2026-08-12
L-105308,380276.23,4.51,delinquent_90+,62,2026-04-21,missing,Freedom Mortgage,2026-08-05
L-105309,33367.22,9.12,delinquent_30,62,2026-08-21,pending,Apex Loan Servicing,2026-08-18
L-105310,223004.04,,delinquent_30,75,2026-06-25,,First National,2026-08-21
L-105311,346522.15,4.25,delinquent_60,120,2026-06-27,verified,Apex Loan Servicing,2026-08-25
L-105312,108872.93,3.78,delinquent_60,75,2026-03-24,missing,Freedom Mortgage,2026-08-02
L-105313,138298.10,3.28,current,0,2026-01-04,complete,Freedom Mortgage,2026-08-03
L-105314,225861.91,,,,2026-08-17,complete,Rocket Servicing,2026-08-11
L-105315,298154.07,11.37,delinquent_90+,75,2026-01-22,pending,ServPro,2026-08-02
L-105316,272597.56,7.29,delinquent_90+,95,2026-08-23,pending,Rocket Servicing,2026-08-13
L-105317,212116.75,11.86,current,0,2026-02-07,missing,First National,2026-08-15
L-105318,378474.03,9.92,delinquent_90+,75,2026-03-23,verified,ServPro,2026-08-07
L-105319,437600.21,,forbearance,0,2026-05-16,,,2026-08-11
L-105320,379424.06,6.77,delinquent_30,45,2026-01-04,complete,Freedom Mortgage,2026-08-27
L-105321,390106.46,2.60,delinquent_60,45,2026-03-23,missing,Apex Loan Servicing,2026-08-24
L-105322,149654.09,5.05,,,2026-07-03,,,2026-08-14
L-105323,355858.00,9.96,delinquent_90+,62,2026-05-14,verified,First National,2026-08-16
L-105324,239691.77,8.82,forbearance,0,2026-06-03,complete,First National,2026-08-12
L-105325,65981.88,9.49,delinquent_30,75,2026-02-11,missing,Apex Loan Servicing,2026-08-13
L-105326,280860.29,4.06,delinquent_90+,45,2026-05-11,missing,ServPro,2026-08-24
L-105327,241010.93,12.87,forbearance,,,complete,Rocket Servicing,2026-08-21
L-105328,302859.31,3.31,delinquent_90+,95,2026-05-21,missing,Rocket Servicing,2026-08-02
L-105329,214741.13,12.40,forbearance,0,2026-05-06,missing,Rocket Servicing,2026-08-08
L-105330,197856.56,7.63,current,0,2026-05-10,verified,ServPro,2026-08-04
L-105331,109623.55,7.39,forbearance,0,2026-03-24,verified,ServPro,2026-08-21
L-105332,225234.07,9.56,delinquent_90+,95,2026-05-12,pending,ServPro,2026-08-08
L-105333,120118.04,10.11,current,0,2026-02-11,verified,ServPro,2026-08-11
L-105334,62431.31,5.06,delinquent_60,62,2026-06-11,verified,Apex Loan Servicing,2026-08-15
L-105335,19201.37,8.02,current,0,2026-08-15,complete,Rocket Servicing,2026-08-21
L-105336,165260.44,5.03,current,0,2026-02-16,pending,First National,2026-08-25
L-105337,54556.62,8.15,delinquent_60,95,2026-03-04,pending,Apex Loan Servicing,2026-08-21
L-105338,186401.23,10.79,delinquent_60,31,2026-06-12,missing,Freedom Mortgage,2026-08-11
L-105339,54687.64,8.13,forbearance,0,2026-06-14,missing,Freedom Mortgage,2026-08-21
L-105340,438454.04,11.61,delinquent_60,45,2026-08-10,pending,Apex Loan Servicing,2026-08-24
L-105341,135720.39,,,0,2026-01-14,missing,Apex Loan Servicing,2026-08-13
L-105342,204202.29,6.59,current,0,2026-02-24,missing,Apex Loan Servicing,2026-08-15
L-105343,219422.58,5.28,delinquent_30,62,2026-01-02,pending,Freedom Mortgage,2026-08-04
L-105344,167673.92,11.15,forbearance,0,2026-04-26,pending,First National,2026-08-12
L-105345,205675.62,6.67,delinquent_90+,95,2026-07-21,complete,Rocket Servicing,2026-08-18
L-105346,134451.96,6.71,delinquent_30,75,2026-05-19,missing,First National,2026-08-04
L-105347,17945.14,2.90,delinquent_30,31,2026-07-16,verified,First National,2026-08-10
L-105348,291090.81,4.23,delinquent_30,31,2026-06-04,verified,Rocket Servicing,2026-08-04
L-105349,381524.99,13.19,delinquent_90+,31,2026-06-17,verified,Rocket Servicing,2026-08-08
L-105350,108069.49,12.06,delinquent_60,45,2026-03-02,verified,First National,2026-08-10
L-105351,26493.86,7.97,delinquent_30,45,2026-03-18,verified,Rocket Servicing,2026-08-20
L-105352,288788.89,6.49,forbearance,0,2026-04-24,verified,ServPro,2026-08-10
L-105353,472627.47,,,0,,,ServPro,2026-08-22
L-105354,218853.60,5.06,forbearance,0,2026-01-04,complete,First National,2026-08-26
L-105355,177952.18,,,,2026-03-05,,Freedom Mortgage,2026-08-15
L-105356,26012.08,5.94,forbearance,0,2026-01-13,pending,Freedom Mortgage,2026-08-09
L-105357,,12.63,,,,,Freedom Mortgage,2026-08-14
L-105358,284288.53,6.90,delinquent_60,45,2026-08-19,pending,Freedom Mortgage,2026-08-22
L-105359,67830.47,13.16,delinquent_60,120,2026-07-03,verified,Apex Loan Servicing,2026-08-27
L-105360,21526.80,8.18,delinquent_90+,31,2026-01-05,verified,Rocket Servicing,2026-08-09
L-105361,416764.55,,delinquent_30,,2026-07-15,,,2026-08-02
L-105362,102652.77,7.46,delinquent_30,45,2026-08-27,pending,Rocket Servicing,2026-08-13
L-105363,371520.28,14.29,delinquent_90+,31,2026-05-18,missing,First National,2026-08-03
L-105364,19901.29,7.36,delinquent_90+,120,2026-04-06,pending,ServPro,2026-08-16
L-105365,366243.25,3.42,delinquent_90+,95,2026-06-04,pending,Rocket Servicing,2026-08-20
L-105366,328745.73,4.64,forbearance,0,2026-02-13,missing,Freedom Mortgage,2026-08-25
L-105367,267180.52,6.46,,,2026-08-13,,,2026-08-03
L-105368,182824.21,8.31,delinquent_30,120,2026-05-28,missing,Apex Loan Servicing,2026-08-27
L-105369,414741.65,5.33,delinquent_90+,31,2026-08-19,pending,Freedom Mortgage,2026-08-22
L-105370,408883.86,3.85,,,,pending,,2026-08-13
L-105371,197760.89,10.23,current,0,2026-01-16,missing,ServPro,2026-08-11
L-105372,235155.54,,,0,2026-06-01,pending,ServPro,2026-08-22
L-105373,138433.88,12.98,forbearance,0,2026-03-18,complete,Freedom Mortgage,2026-08-08
L-105374,46322.91,4.20,current,0,2026-04-26,verified,Rocket Servicing,2026-08-15
L-105375,241940.10,9.32,forbearance,0,2026-03-21,pending,ServPro,2026-08-24
L-105376,300498.28,12.99,delinquent_60,62,2026-03-16,verified,Freedom Mortgage,2026-08-20
L-105377,19145.05,,,0,,verified,,2026-08-06
L-105378,249654.05,11.88,forbearance,0,2026-06-20,complete,ServPro,2026-08-03
L-105379,17091.27,12.09,current,0,2026-01-09,complete,Apex Loan Servicing,2026-08-07
L-105380,161422.08,4.02,,0,,,,2026-08-16
L-105381,128021.06,7.18,delinquent_30,45,2026-08-06,pending,Freedom Mortgage,2026-08-04
L-105382,478417.96,5.36,delinquent_60,31,2026-02-13,pending,Freedom Mortgage,2026-08-19
L-105383,215230.14,6.84,current,0,2026-07-11,complete,ServPro,2026-08-01
L-105384,87407.88,14.01,forbearance,0,2026-06-04,pending,Freedom Mortgage,2026-08-19
L-105385,391339.64,2.56,delinquent_60,75,2026-06-28,pending,Apex Loan Servicing,2026-08-13
L-105386,149792.28,14.02,current,0,2026-02-17,complete,Freedom Mortgage,2026-08-05
L-105387,220400.38,4.82,forbearance,0,2026-02-19,complete,Apex Loan Servicing,2026-08-09
L-105388,161567.72,6.88,current,0,2026-07-07,verified,Apex Loan Servicing,2026-08-23
L-105389,246578.58,14.46,current,0,2026-07-15,verified,Rocket Servicing,2026-08-12
L-105390,451038.18,9.47,forbearance,0,2026-07-27,verified,Apex Loan Servicing,2026-08-15
L-105391,356803.93,4.15,delinquent_90+,62,2026-05-19,missing,First National,2026-08-10
L-105392,78662.11,,,,2026-02-28,,ServPro,2026-08-05
L-105393,61829.43,8.12,delinquent_60,120,2026-05-05,pending,Freedom Mortgage,2026-08-04
L-105394,327870.38,4.07,current,0,2026-08-07,complete,Apex Loan Servicing,2026-08-01
L-105395,127252.48,4.95,delinquent_90+,62,2026-02-02,pending,Apex Loan Servicing,2026-08-12
L-105396,351152.27,6.42,forbearance,0,2026-04-08,pending,ServPro,2026-08-04
L-105397,341759.12,11.33,delinquent_60,31,2026-04-11,verified,Freedom Mortgage,2026-08-22
L-105398,36083.25,7.77,current,0,2026-02-13,pending,Freedom Mortgage,2026-08-25
L-105399,216963.77,3.52,delinquent_60,62,2026-04-08,pending,Rocket Servicing,2026-08-10
L-105400,275565.63,9.03,delinquent_30,120,2026-03-02,verified,Apex Loan Servicing,2026-08-05
L-105401,433610.08,5.56,forbearance,0,2026-01-06,missing,Rocket Servicing,2026-08-15
L-105402,288537.94,9.37,current,0,2026-02-14,pending,Rocket Servicing,2026-08-10
L-105403,100146.46,13.55,,,,verified,First National,2026-08-26
L-105404,52721.84,12.41,delinquent_60,,,missing,,2026-08-08
L-105405,65350.51,,,0,,,Rocket Servicing,2026-08-16
L-105406,256107.79,13.47,delinquent_60,45,2026-02-06,complete,ServPro,2026-08-26
L-105407,148724.11,2.50,delinquent_90+,95,2026-08-05,verified,ServPro,2026-08-05
L-105408,134604.80,9.16,delinquent_30,95,2026-04-03,complete,ServPro,2026-08-15
L-105409,425532.17,7.93,forbearance,0,2026-07-23,missing,ServPro,2026-08-09
L-105410,467886.91,3.90,delinquent_30,120,2026-06-12,pending,First National,2026-08-15
L-105411,5575.07,7.19,current,0,2026-07-04,missing,Freedom Mortgage,2026-08-18
L-105412,433723.67,5.76,delinquent_30,95,2026-08-05,verified,ServPro,2026-08-11
L-105413,47280.93,,delinquent_30,62,,,First National,2026-08-20
L-105414,98395.09,10.63,current,0,2026-04-17,missing,Rocket Servicing,2026-08-06
L-105415,253353.90,4.78,delinquent_30,45,2026-07-16,pending,Rocket Servicing,2026-08-07
L-105416,259496.21,10.70,delinquent_60,95,2026-02-28,verified,ServPro,2026-08-14
L-105417,343497.16,10.87,,0,,,Rocket Servicing,2026-08-08
L-105418,198318.11,7.55,delinquent_30,95,2026-08-04,complete,ServPro,2026-08-26
L-105419,292610.15,6.95,delinquent_30,120,2026-06-20,missing,Rocket Servicing,2026-08-07
L-105420,388224.62,7.60,forbearance,0,2026-06-17,pending,Apex Loan Servicing,2026-08-09
L-105421,116849.10,12.13,forbearance,0,2026-08-23,pending,Apex Loan Servicing,2026-08-11
L-105422,303239.32,3.96,forbearance,0,2026-04-23,missing,Freedom Mortgage,2026-08-03
L-105423,273836.95,3.92,delinquent_30,31,2026-06-09,missing,First National,2026-08-19
L-105424,405251.35,4.26,delinquent_30,95,2026-06-16,missing,First National,2026-08-10
L-105425,124456.61,4.41,delinquent_90+,120,2026-08-26,complete,Freedom Mortgage,2026-08-12
L-105426,185670.85,12.26,delinquent_30,31,2026-08-26,verified,Apex Loan Servicing,2026-08-26
L-105427,157223.97,10.51,current,0,2026-01-13,missing,First National,2026-08-20
L-105428,15979.17,4.53,delinquent_30,62,2026-07-04,missing,First National,2026-08-09
L-105429,284079.64,8.49,forbearance,0,2026-03-19,pending,Freedom Mortgage,2026-08-02
L-105430,46819.37,10.90,forbearance,0,2026-01-01,pending,Apex Loan Servicing,2026-08-23
L-105431,35411.92,11.33,delinquent_60,75,2026-05-22,verified,Freedom Mortgage,2026-08-20
L-105432,341439.46,14.49,delinquent_60,45,2026-04-16,pending,Apex Loan Servicing,2026-08-01
L-105433,445925.17,5.90,delinquent_30,,,verified,,2026-08-08
L-105434,151080.92,11.26,delinquent_90+,62,2026-02-19,,,2026-08-02
L-105435,144929.47,,,0,2026-04-02,,First National,2026-08-14
L-105436,197654.12,11.75,delinquent_60,120,2026-05-26,complete,Freedom Mortgage,2026-08-12
L-105437,273835.22,12.99,delinquent_60,31,2026-08-22,verified,Freedom Mortgage,2026-08-07
L-105438,440111.66,,,,2026-02-18,pending,,2026-08-27
L-105439,302137.90,8.88,current,0,2026-07-22,complete,ServPro,2026-08-22
L-105440,183699.29,,,0,2026-02-22,complete,First National,2026-08-18
L-105441,446293.01,4.35,delinquent_30,95,2026-04-13,verified,First National,2026-08-25
L-105442,383930.39,10.54,delinquent_60,75,2026-06-08,missing,ServPro,2026-08-10
L-105443,94896.06,,delinquent_60,75,2026-03-17,,ServPro,2026-08-08
L-105444,273642.98,7.21,delinquent_60,31,2026-03-08,missing,Apex Loan Servicing,2026-08-05
L-105445,26086.07,10.10,forbearance,0,2026-02-09,missing,First National,2026-08-20
L-105446,316075.79,9.97,delinquent_60,75,2026-03-17,verified,Apex Loan Servicing,2026-08-08
L-105447,116889.06,13.91,current,0,2026-01-13,verified,Freedom Mortgage,2026-08-08
L-105448,455317.10,6.05,,0,,,,2026-08-22
L-105449,349163.06,6.10,delinquent_90+,75,2026-03-08,missing,Apex Loan Servicing,2026-08-12
L-105450,17928.91,2.52,current,0,2026-06-22,missing,Rocket Servicing,2026-08-25
L-105451,408378.61,8.40,delinquent_30,31,2026-08-09,complete,Rocket Servicing,2026-08-04
L-105452,396223.80,9.09,delinquent_90+,31,2026-04-22,pending,Freedom Mortgage,2026-08-04
L-105453,219730.50,6.44,forbearance,0,2026-01-05,missing,Rocket Servicing,2026-08-24
L-105454,288574.86,14.45,delinquent_30,95,2026-02-01,pending,Freedom Mortgage,2026-08-01
L-105455,55267.90,3.13,delinquent_90+,45,2026-02-02,pending,Apex Loan Servicing,2026-08-15
L-105456,59351.27,7.68,delinquent_90+,,,,First National,2026-08-21
L-105457,54150.73,7.62,delinquent_30,45,2026-01-26,pending,Freedom Mortgage,2026-08-12
L-105458,212529.90,8.89,forbearance,0,2026-03-04,pending,ServPro,2026-08-10
L-105459,51860.63,4.99,delinquent_60,62,2026-06-18,pending,Apex Loan Servicing,2026-08-12
L-105460,449949.38,7.27,current,0,2026-03-20,missing,Apex Loan Servicing,2026-08-02
L-105461,353633.25,6.15,delinquent_60,31,2026-05-16,missing,Freedom Mortgage,2026-08-25
L-105462,406836.34,11.56,forbearance,0,2026-03-12,verified,Rocket Servicing,2026-08-25
L-105463,263113.85,13.42,delinquent_90+,75,2026-07-19,missing,Rocket Servicing,2026-08-22
L-105464,348383.85,6.36,forbearance,0,2026-07-28,missing,First National,2026-08-13
L-105465,351605.81,9.47,delinquent_60,62,2026-02-04,missing,Apex Loan Servicing,2026-08-21
L-105466,129611.75,12.98,delinquent_60,75,2026-08-01,missing,Freedom Mortgage,2026-08-14
L-105467,242271.61,6.79,forbearance,0,2026-01-26,missing,ServPro,2026-08-14
L-105468,333995.75,10.04,delinquent_30,95,2026-03-17,missing,First National,2026-08-23
L-105469,,12.08,,,,pending,First National,2026-08-21
L-105470,90744.73,4.60,delinquent_30,45,2026-01-06,missing,Rocket Servicing,2026-08-23
L-105471,470055.37,13.05,delinquent_30,75,2026-07-08,missing,First National,2026-08-10
L-105472,130188.85,12.74,current,0,2026-06-22,complete,Freedom Mortgage,2026-08-22
L-105473,161182.91,6.94,forbearance,0,2026-04-24,missing,Freedom Mortgage,2026-08-21
L-105474,112849.09,8.50,delinquent_60,95,2026-02-14,missing,Freedom Mortgage,2026-08-12
L-105475,311436.13,9.70,delinquent_60,45,2026-03-18,verified,Rocket Servicing,2026-08-03
L-105476,47661.99,,delinquent_60,95,2026-08-08,,First National,2026-08-04
L-105477,322989.14,7.58,delinquent_30,75,2026-01-19,complete,First National,2026-08-11
L-105478,219834.96,,delinquent_60,31,,,First National,2026-08-23
L-105479,238107.12,11.82,delinquent_30,62,2026-05-12,missing,Freedom Mortgage,2026-08-03
L-105480,264038.11,2.70,forbearance,0,2026-05-27,complete,Apex Loan Servicing,2026-08-06
L-105481,198356.30,5.76,current,0,2026-08-18,verified,Freedom Mortgage,2026-08-11
L-105482,340393.68,6.23,delinquent_60,31,2026-01-19,pending,ServPro,2026-08-12
L-105483,365586.96,14.28,delinquent_90+,95,2026-07-22,complete,ServPro,2026-08-03
L-105484,206288.52,5.81,delinquent_30,62,2026-02-06,missing,Apex Loan Servicing,2026-08-07
L-105485,290449.71,14.24,delinquent_60,95,2026-06-18,pending,ServPro,2026-08-15
L-105486,334257.91,9.50,delinquent_30,45,2026-07-20,complete,Rocket Servicing,2026-08-13
L-105487,323909.50,5.52,current,0,2026-07-01,pending,ServPro,2026-08-14
L-105488,41554.84,4.15,,0,2026-05-12,verified,,2026-08-19
L-105489,102145.82,8.13,delinquent_60,95,2026-05-07,missing,ServPro,2026-08-07
L-105490,416628.64,10.84,delinquent_60,95,2026-02-08,verified,Apex Loan Servicing,2026-08-16
L-105491,58674.13,8.69,current,0,2026-02-24,pending,Freedom Mortgage,2026-08-26
L-105492,159755.03,10.52,delinquent_30,45,2026-04-04,missing,Freedom Mortgage,2026-08-06
L-105493,244031.36,,forbearance,0,,,,2026-08-14
L-105494,96191.41,,delinquent_30,,,,Freedom Mortgage,2026-08-24
L-105495,58302.33,4.20,current,0,2026-05-10,missing,Freedom Mortgage,2026-08-11
L-105496,373746.24,11.84,current,0,2026-07-09,missing,ServPro,2026-08-04
L-105497,21334.42,5.99,delinquent_30,120,2026-06-20,complete,First National,2026-08-23
L-105498,305198.72,8.63,delinquent_30,45,2026-05-25,complete,ServPro,2026-08-02
L-105499,261108.19,11.87,delinquent_30,120,2026-02-08,verified,ServPro,2026-08-22
L-105500,355958.23,,,0,2026-08-19,pending,,2026-08-11
L-105501,308581.20,8.48,delinquent_30,45,2026-06-17,complete,Freedom Mortgage,2026-08-14
L-105502,366027.84,3.06,delinquent_60,45,2026-08-20,verified,Apex Loan Servicing,2026-08-12
L-105503,196921.23,3.48,delinquent_90+,75,2026-01-21,complete,ServPro,2026-08-06
L-105504,346541.29,3.77,delinquent_30,62,2026-01-15,verified,ServPro,2026-08-10
L-105505,322213.77,5.06,delinquent_30,95,2026-03-04,pending,Rocket Servicing,2026-08-02
L-105506,52695.19,5.38,delinquent_60,95,2026-07-18,missing,First National,2026-08-19
L-105507,446938.93,,delinquent_60,,,,Rocket Servicing,2026-08-09
L-105508,347700.33,5.84,forbearance,0,2026-08-05,missing,Rocket Servicing,2026-08-15
L-105509,317888.79,11.66,delinquent_60,75,2026-05-26,missing,Freedom Mortgage,2026-08-22
L-105510,187530.49,7.44,forbearance,0,2026-05-19,complete,Rocket Servicing,2026-08-27
L-105511,384151.13,5.60,delinquent_90+,120,2026-06-16,missing,Apex Loan Servicing,2026-08-03
L-105512,81024.25,4.12,forbearance,0,2026-07-10,verified,Rocket Servicing,2026-08-01
L-105513,294928.87,13.24,delinquent_60,45,2026-02-16,missing,Freedom Mortgage,2026-08-03
L-105514,455504.11,,,,,missing,Rocket Servicing,2026-08-17
L-105515,479719.09,11.48,delinquent_90+,120,,complete,,2026-08-12
L-105516,477878.71,14.15,,,2026-01-23,pending,Apex Loan Servicing,2026-08-22
L-105517,90703.14,14.20,,,2026-08-05,complete,ServPro,2026-08-10
L-105518,289619.57,6.65,delinquent_90+,31,2026-01-28,verified,Freedom Mortgage,2026-08-06
L-105519,459120.35,4.41,,0,,,,2026-08-01
L-105520,440131.79,4.77,delinquent_90+,62,2026-06-22,pending,ServPro,2026-08-08
L-105521,474209.19,11.69,current,0,2026-01-18,,,2026-08-17
L-105522,246015.03,10.97,forbearance,0,2026-02-17,complete,First National,2026-08-26
L-105523,299668.52,4.68,current,0,2026-08-27,pending,Rocket Servicing,2026-08-05
L-105524,5983.20,5.56,delinquent_30,120,2026-06-11,pending,Rocket Servicing,2026-08-07
L-105525,302086.61,,delinquent_60,,,complete,,2026-08-27
L-105526,273425.63,13.82,delinquent_30,62,2026-03-09,pending,First National,2026-08-01
L-105527,43497.79,11.39,delinquent_90+,45,2026-02-13,pending,Freedom Mortgage,2026-08-05
L-105528,320847.68,,delinquent_30,62,2026-05-16,,Apex Loan Servicing,2026-08-08
L-105529,354951.25,13.57,current,0,2026-03-03,pending,Rocket Servicing,2026-08-16
L-105530,261353.07,9.56,forbearance,0,2026-02-02,pending,Rocket Servicing,2026-08-04
L-105531,243982.47,12.28,delinquent_30,75,2026-03-09,missing,Apex Loan Servicing,2026-08-12
L-105532,303541.86,3.43,delinquent_30,95,,pending,,2026-08-03
L-105533,410873.38,8.06,forbearance,0,2026-06-04,verified,ServPro,2026-08-12
L-105534,73365.30,8.92,current,0,2026-06-09,missing,First National,2026-08-25
L-105535,33070.33,10.48,delinquent_30,45,2026-02-13,pending,Rocket Servicing,2026-08-27
L-105536,48751.59,14.29,current,0,2026-04-13,verified,Apex Loan Servicing,2026-08-12
L-105537,153321.23,9.53,delinquent_90+,120,2026-04-18,missing,ServPro,2026-08-21
L-105538,48262.08,10.82,delinquent_60,62,2026-02-28,verified,Freedom Mortgage,2026-08-02
L-105539,55898.63,9.61,current,0,2026-03-07,verified,Freedom Mortgage,2026-08-16
L-105540,161846.54,3.86,delinquent_30,95,2026-01-24,pending,First National,2026-08-02
L-105541,,2.94,,0,,verified,Rocket Servicing,2026-08-18
L-105542,87846.07,6.71,delinquent_30,95,2026-03-11,missing,ServPro,2026-08-11
L-105543,363834.39,10.57,delinquent_90+,75,2026-04-26,complete,ServPro,2026-08-20
L-105544,479543.37,13.29,current,0,2026-04-13,missing,Freedom Mortgage,2026-08-12
L-105545,427452.17,4.40,delinquent_30,75,2026-03-09,verified,ServPro,2026-08-15
L-105546,359044.11,4.01,delinquent_90+,120,2026-08-13,complete,ServPro,2026-08-10
L-105547,284319.10,5.83,delinquent_60,62,2026-03-25,pending,Rocket Servicing,2026-08-24
L-105548,333739.92,6.82,delinquent_90+,62,2026-03-12,missing,Apex Loan Servicing,2026-08-15
L-105549,183334.59,5.25,current,0,2026-07-02,pending,Rocket Servicing,2026-08-25
L-105550,300624.05,13.45,delinquent_30,31,2026-02-14,complete,First National,2026-08-12
L-105551,168030.84,13.16,forbearance,0,2026-06-06,complete,First National,2026-08-25
L-105552,352244.94,10.68,delinquent_60,45,2026-05-01,complete,Rocket Servicing,2026-08-01
L-105553,129028.92,12.59,delinquent_90+,95,2026-01-23,verified,Apex Loan Servicing,2026-08-01
L-105554,248069.51,6.56,delinquent_60,62,2026-04-14,missing,Rocket Servicing,2026-08-09
L-105555,217958.22,11.69,delinquent_90+,95,2026-08-09,pending,Rocket Servicing,2026-08-24
L-105556,32467.49,11.72,delinquent_60,45,2026-07-17,,,2026-08-06
L-105557,160142.83,8.68,forbearance,0,2026-08-22,missing,First National,2026-08-26
L-105558,442887.42,8.77,delinquent_90+,75,2026-03-25,missing,Freedom Mortgage,2026-08-02
L-105559,55821.37,8.86,forbearance,0,2026-07-15,missing,Rocket Servicing,2026-08-04
L-105560,38738.18,9.73,delinquent_30,120,2026-03-26,missing,ServPro,2026-08-16
L-105561,272275.20,9.62,delinquent_90+,62,2026-03-07,verified,First National,2026-08-01
L-105562,348832.10,11.24,forbearance,0,2026-06-28,verified,Freedom Mortgage,2026-08-11
L-105563,272289.19,12.67,delinquent_60,75,2026-01-12,pending,Freedom Mortgage,2026-08-02
L-105564,153087.82,,,0,2026-07-09,complete,Apex Loan Servicing,2026-08-16
L-105565,208000.16,,delinquent_60,,2026-01-13,,,2026-08-19
L-105566,110513.87,11.01,forbearance,0,2026-05-02,complete,First National,2026-08-15
L-105567,130627.39,2.91,delinquent_30,120,2026-08-01,verified,First National,2026-08-17
L-105568,285753.31,9.12,delinquent_90+,120,2026-04-16,pending,First National,2026-08-14
L-105569,382460.95,7.87,forbearance,0,2026-03-16,missing,ServPro,2026-08-02
L-105570,287341.86,7.30,forbearance,0,2026-08-16,missing,First National,2026-08-01
L-105571,34919.82,5.08,delinquent_60,120,2026-07-13,complete,Apex Loan Servicing,2026-08-01
L-105572,6535.64,13.42,delinquent_30,75,2026-01-01,verified,First National,2026-08-27
L-105573,108634.29,4.30,delinquent_30,45,2026-02-06,verified,Apex Loan Servicing,2026-08-27
L-105574,296672.61,6.32,current,0,2026-02-27,complete,Apex Loan Servicing,2026-08-03
L-105575,273988.79,11.98,forbearance,0,2026-02-01,verified,ServPro,2026-08-14
L-105576,432973.44,12.62,current,0,2026-02-10,missing,First National,2026-08-03
L-105577,451564.98,14.41,delinquent_30,45,2026-03-24,pending,Rocket Servicing,2026-08-04
L-105578,127213.29,4.12,forbearance,0,2026-06-17,verified,First National,2026-08-14
L-105579,56560.18,13.28,delinquent_90+,31,2026-03-27,missing,Rocket Servicing,2026-08-10
L-105580,287656.49,6.29,current,0,2026-03-23,missing,Freedom Mortgage,2026-08-23
L-105581,226637.45,14.07,delinquent_30,62,2026-05-21,complete,Rocket Servicing,2026-08-23
L-105582,402634.38,6.44,delinquent_30,62,2026-03-09,pending,ServPro,2026-08-07
L-105583,303944.56,,,0,2026-05-17,verified,,2026-08-16
L-105584,405835.50,14.04,delinquent_30,31,2026-03-01,verified,First National,2026-08-23
L-105585,202277.41,,,0,2026-07-27,,,2026-08-24
L-105586,224563.27,6.19,delinquent_30,45,2026-08-18,complete,ServPro,2026-08-07
L-105587,25851.10,12.51,delinquent_60,95,2026-07-08,complete,Apex Loan Servicing,2026-08-13
L-105588,416807.61,11.59,delinquent_90+,45,2026-07-02,pending,Apex Loan Servicing,2026-08-14
L-105589,153146.14,9.82,current,0,2026-01-09,verified,First National,2026-08-14
L-105590,130727.17,6.16,delinquent_90+,,,,,2026-08-12
L-105591,345559.06,3.92,delinquent_90+,31,2026-06-07,missing,Freedom Mortgage,2026-08-15
L-105592,281456.32,10.13,delinquent_30,95,2026-08-25,pending,Freedom Mortgage,2026-08-26
L-105593,387766.25,11.71,delinquent_90+,62,2026-05-25,missing,Freedom Mortgage,2026-08-16
L-105594,370027.75,11.75,delinquent_60,75,2026-05-11,missing,First National,2026-08-07
L-105595,19282.46,2.83,current,0,2026-05-08,verified,ServPro,2026-08-11
L-105596,428930.67,9.26,delinquent_60,45,2026-03-07,pending,Freedom Mortgage,2026-08-10
L-105597,163127.85,5.44,delinquent_60,75,2026-07-17,pending,Freedom Mortgage,2026-08-25
L-105598,289368.45,11.31,delinquent_90+,62,2026-08-22,missing,Rocket Servicing,2026-08-20
L-105599,75660.52,2.56,delinquent_30,120,2026-01-04,pending,Freedom Mortgage,2026-08-26
L-105600,308444.02,3.38,forbearance,0,2026-02-12,verified,ServPro,2026-08-01
L-105601,78037.40,3.57,current,0,2026-06-24,complete,ServPro,2026-08-27
L-105602,420769.60,5.78,forbearance,0,2026-02-04,missing,Apex Loan Servicing,2026-08-15
L-105603,165492.15,9.42,current,0,2026-07-07,verified,Rocket Servicing,2026-08-01
L-105604,213606.46,11.41,delinquent_30,31,2026-06-03,complete,Apex Loan Servicing,2026-08-18
L-105605,34507.24,10.23,delinquent_60,62,2026-04-01,complete,Freedom Mortgage,2026-08-15
L-105606,70704.98,2.67,delinquent_90+,62,2026-07-19,missing,Freedom Mortgage,2026-08-15
L-105607,303541.76,9.14,forbearance,0,2026-03-13,pending,Freedom Mortgage,2026-08-13
L-105608,203161.18,5.22,current,0,2026-02-10,pending,First National,2026-08-24
L-105609,409001.85,12.81,forbearance,0,2026-08-03,missing,First National,2026-08-09
L-105610,210140.16,13.24,delinquent_30,95,2026-04-01,verified,Rocket Servicing,2026-08-24
L-105611,58208.22,13.79,forbearance,0,2026-04-27,complete,ServPro,2026-08-16
L-105612,349001.20,10.79,forbearance,0,2026-06-10,complete,Rocket Servicing,2026-08-18
L-105613,164623.15,12.06,,,2026-08-26,pending,,2026-08-21
L-105614,392999.89,8.00,forbearance,0,2026-03-06,missing,Rocket Servicing,2026-08-12
L-105615,17530.73,10.31,delinquent_60,45,2026-02-01,complete,First National,2026-08-10
L-105616,295266.42,3.92,delinquent_90+,75,2026-06-26,missing,Rocket Servicing,2026-08-07
L-105617,402203.33,2.88,delinquent_60,75,2026-07-13,pending,ServPro,2026-08-20
L-105618,119588.78,13.65,,0,2026-01-02,,Freedom Mortgage,2026-08-21
L-105619,171842.33,4.84,delinquent_60,120,2026-03-28,missing,ServPro,2026-08-23
L-105620,175428.58,,,0,2026-05-12,verified,,2026-08-26
L-105621,117867.60,3.64,current,0,2026-02-15,missing,First National,2026-08-16
L-105622,305189.77,3.99,,0,,,,2026-08-03
L-105623,280093.05,6.24,forbearance,0,2026-08-18,verified,First National,2026-08-15
L-105624,114715.62,13.91,forbearance,0,2026-04-12,complete,First National,2026-08-12
L-105625,137337.61,13.26,delinquent_30,62,2026-07-06,verified,Freedom Mortgage,2026-08-20
L-105626,138295.09,10.58,delinquent_30,31,2026-07-03,pending,First National,2026-08-21
L-105627,72069.80,9.09,forbearance,0,2026-08-18,missing,Freedom Mortgage,2026-08-22
L-105628,233670.80,3.73,delinquent_30,75,2026-08-26,pending,First National,2026-08-23
L-105629,414127.66,11.48,delinquent_60,31,2026-07-13,complete,Freedom Mortgage,2026-08-24
L-105630,463759.04,11.36,forbearance,0,2026-06-19,missing,Rocket Servicing,2026-08-03
L-105631,395264.69,5.34,current,0,2026-02-03,missing,ServPro,2026-08-25
L-105632,262416.14,6.25,current,0,2026-03-13,pending,First National,2026-08-17
L-105633,114675.37,10.38,current,0,2026-04-25,verified,Freedom Mortgage,2026-08-06
L-105634,63142.65,6.40,delinquent_30,45,2026-02-14,missing,ServPro,2026-08-03
L-105635,249891.21,7.75,,0,,missing,Apex Loan Servicing,2026-08-10
L-105636,457785.68,6.20,delinquent_30,31,2026-01-15,missing,Rocket Servicing,2026-08-27
L-105637,431276.83,7.91,delinquent_90+,75,2026-05-04,missing,ServPro,2026-08-27
L-105638,396895.57,6.66,current,0,2026-04-04,verified,Freedom Mortgage,2026-08-07
L-105639,425684.25,5.16,delinquent_30,120,2026-07-07,complete,Rocket Servicing,2026-08-15
L-105640,225083.21,8.57,delinquent_90+,75,2026-01-15,complete,Freedom Mortgage,2026-08-27
L-105641,164865.30,7.98,delinquent_90+,75,2026-07-02,verified,Apex Loan Servicing,2026-08-21
L-105642,14158.36,13.74,delinquent_30,75,2026-02-02,verified,Apex Loan Servicing,2026-08-20
L-105643,169417.21,12.67,delinquent_30,45,2026-07-25,missing,ServPro,2026-08-09
L-105644,313041.95,5.62,delinquent_30,120,2026-05-01,missing,Freedom Mortgage,2026-08-19
L-105645,139678.45,12.63,delinquent_60,95,2026-07-02,complete,First National,2026-08-03
L-105646,331039.26,2.59,forbearance,0,2026-08-04,verified,Freedom Mortgage,2026-08-17
L-105647,62832.45,5.09,forbearance,0,2026-03-16,complete,Apex Loan Servicing,2026-08-04
L-105648,278458.06,5.14,current,0,2026-08-20,pending,First National,2026-08-14
L-105649,51230.19,8.80,current,0,2026-08-24,missing,ServPro,2026-08-14
L-105650,53709.44,2.88,forbearance,0,2026-07-23,verified,Rocket Servicing,2026-08-24
L-105651,330909.11,,,,2026-04-06,complete,ServPro,2026-08-14
L-105652,360995.70,8.35,delinquent_90+,45,2026-02-07,complete,Apex Loan Servicing,2026-08-25
L-105653,432913.61,9.33,current,0,2026-04-11,pending,ServPro,2026-08-22
L-105654,385049.86,11.90,delinquent_60,62,2026-04-16,verified,Rocket Servicing,2026-08-03
L-105655,57113.08,4.03,delinquent_90+,75,2026-06-04,verified,Freedom Mortgage,2026-08-20
L-105656,97289.03,4.57,current,,2026-04-10,complete,,2026-08-08
L-105657,16158.89,4.92,delinquent_90+,31,2026-08-10,verified,Apex Loan Servicing,2026-08-15
L-105658,148223.15,11.44,delinquent_90+,120,2026-06-10,missing,Apex Loan Servicing,2026-08-05
L-105659,247299.19,12.76,delinquent_90+,45,2026-03-04,pending,Rocket Servicing,2026-08-11
L-105660,460241.67,5.85,current,0,2026-06-02,pending,First National,2026-08-11
L-105661,441883.95,10.48,delinquent_60,31,2026-07-11,verified,Apex Loan Servicing,2026-08-19
L-105662,109092.82,8.38,delinquent_60,62,2026-08-16,complete,Freedom Mortgage,2026-08-10
L-105663,180106.02,5.36,forbearance,0,2026-04-09,complete,First National,2026-08-14
L-105664,431205.03,9.83,forbearance,0,2026-08-14,verified,Rocket Servicing,2026-08-14
L-105665,455891.26,11.78,delinquent_90+,75,2026-01-28,pending,Apex Loan Servicing,2026-08-08
L-105666,407275.56,2.90,forbearance,0,,,,2026-08-09
L-105667,31110.46,,,0,2026-01-07,missing,,2026-08-02
L-105668,121617.36,11.34,forbearance,0,2026-03-16,complete,ServPro,2026-08-07
L-105669,442441.72,12.29,current,0,2026-04-03,complete,ServPro,2026-08-13
L-105670,433040.10,10.93,current,0,2026-05-16,verified,Apex Loan Servicing,2026-08-15
L-105671,248196.07,6.15,forbearance,0,2026-08-20,missing,ServPro,2026-08-23
L-105672,45518.53,6.01,forbearance,0,2026-02-15,missing,ServPro,2026-08-03
L-105673,295764.30,13.67,forbearance,0,2026-03-26,pending,Apex Loan Servicing,2026-08-26
L-105674,14856.79,12.82,delinquent_30,45,2026-08-22,verified,ServPro,2026-08-17
L-105675,262449.31,10.42,forbearance,0,2026-05-05,complete,First National,2026-08-08
L-105676,422159.61,,,,2026-03-09,complete,First National,2026-08-09
L-105677,23684.99,7.82,delinquent_90+,62,2026-02-26,pending,Freedom Mortgage,2026-08-11
L-105678,123136.44,14.37,,,2026-07-28,,,2026-08-23
L-105679,372066.93,5.75,forbearance,0,2026-03-25,verified,First National,2026-08-10
L-105680,335008.10,9.31,delinquent_90+,75,,,,2026-08-13
L-105681,361543.62,14.42,,,,,Freedom Mortgage,2026-08-04
L-105682,98754.70,10.48,forbearance,0,2026-04-22,missing,Apex Loan Servicing,2026-08-27
L-105683,278781.19,9.53,delinquent_60,45,2026-02-06,complete,First National,2026-08-17
L-105684,279064.46,3.01,current,0,2026-01-28,pending,Rocket Servicing,2026-08-04
L-105685,219302.61,5.08,delinquent_60,45,2026-04-26,verified,Freedom Mortgage,2026-08-07
L-105686,248473.62,10.10,delinquent_60,31,2026-05-21,verified,First National,2026-08-26
L-105687,418782.48,7.22,current,0,2026-08-26,verified,Apex Loan Servicing,2026-08-22
L-105688,350411.71,6.03,delinquent_30,120,2026-03-04,complete,First National,2026-08-16
L-105689,429356.19,,,0,2026-08-25,,Rocket Servicing,2026-08-01
L-105690,237909.92,9.31,delinquent_30,31,2026-04-05,missing,First National,2026-08-22
L-105691,448548.25,9.54,current,0,2026-07-23,missing,First National,2026-08-20
L-105692,86557.47,3.60,delinquent_60,75,2026-01-14,missing,Apex Loan Servicing,2026-08-23
L-105693,246034.82,4.45,delinquent_30,75,2026-06-23,verified,ServPro,2026-08-04
L-105694,466793.80,3.98,current,0,2026-04-28,complete,ServPro,2026-08-13
L-105695,232180.86,10.49,delinquent_90+,120,2026-01-01,pending,Freedom Mortgage,2026-08-21
L-105696,414358.88,11.80,delinquent_60,62,2026-06-06,verified,Apex Loan Servicing,2026-08-10
L-105697,5037.02,14.13,delinquent_30,95,2026-08-17,complete,ServPro,2026-08-26
L-105698,206226.02,13.92,forbearance,0,2026-05-24,complete,Apex Loan Servicing,2026-08-14
L-105699,352977.32,12.49,forbearance,0,2026-08-23,missing,Apex Loan Servicing,2026-08-23
L-105700,72079.43,,,0,2026-07-18,verified,Apex Loan Servicing,2026-08-16
L-105701,234952.95,8.15,delinquent_60,120,2026-08-18,missing,Rocket Servicing,2026-08-11
L-105702,188597.74,6.39,current,0,2026-03-09,verified,Rocket Servicing,2026-08-07
L-105703,41111.91,5.17,delinquent_30,45,2026-06-15,missing,First National,2026-08-09
L-105704,6436.11,5.87,,,2026-06-12,verified,,2026-08-08
L-105705,208523.52,4.31,delinquent_90+,75,2026-03-05,missing,ServPro,2026-08-15
L-105706,33909.41,,,0,2026-03-09,,,2026-08-11
L-105707,406591.90,8.84,delinquent_90+,62,2026-02-21,verified,Apex Loan Servicing,2026-08-08
L-105708,403021.72,9.85,forbearance,0,2026-04-22,pending,Apex Loan Servicing,2026-08-25
L-105709,104869.26,11.14,,0,,,,2026-08-13
L-105710,380688.72,4.30,forbearance,0,2026-02-15,pending,Apex Loan Servicing,2026-08-24
L-105711,260797.89,13.43,delinquent_90+,62,2026-03-24,pending,Freedom Mortgage,2026-08-11
L-105712,305106.40,10.12,forbearance,0,2026-04-16,verified,Freedom Mortgage,2026-08-24
L-105713,126434.49,,,0,2026-07-01,,,2026-08-22
L-105714,402918.79,9.90,,,2026-06-02,verified,ServPro,2026-08-05
L-105715,78273.92,10.45,delinquent_90+,45,2026-02-02,verified,ServPro,2026-08-15
L-105716,470942.60,12.18,forbearance,0,2026-07-15,pending,Apex Loan Servicing,2026-08-16
L-105717,243154.28,14.30,current,0,2026-06-21,verified,Rocket Servicing,2026-08-14
L-105718,429981.85,5.23,current,0,2026-06-07,verified,Rocket Servicing,2026-08-02
L-105719,79970.24,5.58,delinquent_90+,31,2026-01-23,pending,Freedom Mortgage,2026-08-05
L-105720,56621.36,,forbearance,0,,,,2026-08-09
L-105721,57739.50,8.94,delinquent_90+,75,2026-02-07,pending,Apex Loan Servicing,2026-08-10
L-105722,266597.92,6.87,delinquent_90+,45,2026-05-15,verified,Freedom Mortgage,2026-08-20
L-105723,75026.12,7.26,forbearance,0,2026-06-02,complete,ServPro,2026-08-05
L-105724,326526.13,6.09,delinquent_30,95,2026-06-17,complete,First National,2026-08-19
L-105725,284681.00,8.63,delinquent_90+,120,2026-03-26,missing,Rocket Servicing,2026-08-23
L-105726,347396.64,12.95,forbearance,0,2026-01-10,verified,Freedom Mortgage,2026-08-12
L-105727,134778.11,12.54,delinquent_60,45,2026-07-27,missing,Apex Loan Servicing,2026-08-19
L-105728,345012.30,8.35,forbearance,0,2026-08-15,pending,Freedom Mortgage,2026-08-06
L-105729,158782.41,,delinquent_30,,,pending,First National,2026-08-01
L-105730,357521.60,12.77,,0,,verified,ServPro,2026-08-26
L-105731,475106.89,8.14,delinquent_90+,120,2026-04-28,complete,Rocket Servicing,2026-08-04
L-105732,326808.67,3.90,delinquent_90+,95,,,First National,2026-08-05
L-105733,425753.35,8.48,current,0,2026-01-01,verified,Apex Loan Servicing,2026-08-25
L-105734,329937.66,13.91,delinquent_60,95,2026-06-19,pending,Apex Loan Servicing,2026-08-22
L-105735,453331.47,6.56,delinquent_30,,2026-03-05,complete,,2026-08-10
L-105736,259639.51,9.88,delinquent_60,31,2026-04-20,missing,First National,2026-08-15
L-105737,289855.95,5.00,current,0,2026-04-18,complete,Rocket Servicing,2026-08-14
L-105738,283947.21,3.00,current,0,2026-06-24,verified,Apex Loan Servicing,2026-08-12
L-105739,11184.02,7.68,delinquent_30,75,2026-02-21,complete,Freedom Mortgage,2026-08-17
L-105740,143352.88,10.96,forbearance,0,2026-02-03,verified,Freedom Mortgage,2026-08-01
L-105741,279505.63,9.71,forbearance,0,2026-03-03,missing,Rocket Servicing,2026-08-05
L-105742,427353.56,12.16,forbearance,0,2026-07-05,pending,First National,2026-08-25
L-105743,267435.30,3.18,delinquent_30,31,2026-06-02,missing,ServPro,2026-08-02
L-105744,95146.95,3.78,current,0,2026-03-21,verified,First National,2026-08-09
L-105745,264493.61,11.43,forbearance,0,2026-07-11,missing,Apex Loan Servicing,2026-08-18
L-105746,223051.44,5.77,current,0,2026-04-18,verified,Rocket Servicing,2026-08-10
L-105747,93704.76,8.49,current,0,2026-06-09,verified,Rocket Servicing,2026-08-17
L-105748,164719.88,7.07,delinquent_30,31,2026-01-27,missing,ServPro,2026-08-01
L-105749,479653.87,5.77,delinquent_90+,31,2026-06-01,complete,Freedom Mortgage,2026-08-27
L-105750,375524.57,11.84,delinquent_30,62,2026-01-14,verified,Rocket Servicing,2026-08-13
L-105751,31264.98,14.32,delinquent_60,31,2026-06-20,complete,Apex Loan Servicing,2026-08-12
L-105752,335710.86,7.64,delinquent_90+,95,2026-04-27,verified,Apex Loan Servicing,2026-08-23
L-105753,282227.80,13.62,delinquent_60,75,2026-05-08,verified,Freedom Mortgage,2026-08-19
L-105754,24791.84,4.79,delinquent_30,31,2026-07-26,complete,Apex Loan Servicing,2026-08-04
L-105755,325898.75,13.38,delinquent_60,75,2026-02-25,missing,Freedom Mortgage,2026-08-09
L-105756,280921.43,,delinquent_30,75,2026-07-25,pending,,2026-08-08
L-105757,96269.55,10.09,forbearance,0,2026-02-26,pending,Freedom Mortgage,2026-08-01
L-105758,471843.72,5.42,delinquent_60,62,2026-03-08,verified,Apex Loan Servicing,2026-08-25
L-105759,103460.44,7.13,delinquent_30,120,2026-03-17,verified,Rocket Servicing,2026-08-21
L-105760,435990.08,7.21,forbearance,,,complete,,2026-08-24
L-105761,163489.69,9.15,current,0,2026-01-23,missing,Apex Loan Servicing,2026-08-19
L-105762,442353.98,10.89,delinquent_30,95,2026-02-11,verified,Rocket Servicing,2026-08-02
L-105763,410289.13,5.73,forbearance,0,2026-06-15,complete,Apex Loan Servicing,2026-08-21
L-105764,418879.05,9.95,delinquent_60,95,2026-02-26,missing,Apex Loan Servicing,2026-08-17
L-105765,427087.37,12.61,current,0,2026-05-09,verified,ServPro,2026-08-03
L-105766,167034.41,3.83,current,0,2026-01-01,verified,Rocket Servicing,2026-08-14
L-105767,437582.23,7.19,forbearance,0,2026-06-10,missing,Rocket Servicing,2026-08-08
L-105768,306050.94,7.29,delinquent_90+,75,2026-07-14,missing,Apex Loan Servicing,2026-08-20
L-105769,298684.78,3.05,delinquent_30,62,2026-05-25,pending,Freedom Mortgage,2026-08-26
L-105770,401504.93,4.67,delinquent_90+,75,2026-05-17,missing,Apex Loan Servicing,2026-08-21
L-105771,451726.03,3.66,delinquent_90+,45,2026-04-13,pending,Rocket Servicing,2026-08-18
L-105772,362136.72,4.91,delinquent_60,31,2026-04-03,pending,Rocket Servicing,2026-08-14
L-105773,146124.54,7.83,current,0,2026-03-16,missing,ServPro,2026-08-07
L-105774,399458.61,11.96,delinquent_90+,45,2026-03-08,complete,ServPro,2026-08-25
L-105775,294821.20,14.16,delinquent_90+,95,2026-03-06,missing,Apex Loan Servicing,2026-08-18
L-105776,454825.20,14.37,delinquent_60,120,2026-04-04,pending,Rocket Servicing,2026-08-23
L-105777,240399.81,2.68,delinquent_90+,62,2026-08-09,complete,ServPro,2026-08-07
L-105778,76954.05,10.04,current,0,2026-08-12,verified,Rocket Servicing,2026-08-15
L-105779,276575.25,12.68,delinquent_90+,31,2026-04-24,missing,Rocket Servicing,2026-08-05
L-105780,46006.68,2.95,delinquent_60,62,2026-06-11,complete,Apex Loan Servicing,2026-08-22
L-105781,210195.52,6.24,,,2026-05-01,complete,ServPro,2026-08-25
L-105782,479682.01,13.19,delinquent_90+,62,2026-02-10,missing,Rocket Servicing,2026-08-07
L-105783,461171.59,12.62,current,0,2026-02-27,missing,ServPro,2026-08-20
L-105784,94199.82,10.58,delinquent_90+,120,2026-05-03,missing,ServPro,2026-08-08
L-105785,466582.62,5.74,forbearance,0,2026-02-07,missing,First National,2026-08-21
L-105786,37679.49,9.92,delinquent_90+,31,2026-06-16,complete,Rocket Servicing,2026-08-12
L-105787,412301.37,3.68,forbearance,0,2026-06-11,pending,Apex Loan Servicing,2026-08-16
L-105788,22234.19,12.96,delinquent_30,95,2026-07-14,complete,Apex Loan Servicing,2026-08-02
L-105789,119590.78,8.75,current,0,2026-07-27,missing,Apex Loan Servicing,2026-08-05
L-105790,343921.29,14.25,current,0,2026-01-15,complete,Rocket Servicing,2026-08-24
L-105791,135849.95,6.58,delinquent_30,31,2026-01-13,complete,Rocket Servicing,2026-08-12
L-105792,64079.20,9.82,current,0,2026-02-27,verified,Freedom Mortgage,2026-08-07
L-105793,103196.14,10.16,delinquent_90+,45,2026-03-26,verified,Freedom Mortgage,2026-08-06
L-105794,400544.86,9.86,delinquent_60,31,2026-05-27,pending,Freedom Mortgage,2026-08-21
L-105795,26301.22,9.52,delinquent_60,75,2026-04-12,pending,Rocket Servicing,2026-08-27
L-105796,29900.37,12.03,delinquent_60,,2026-04-19,,,2026-08-15
L-105797,370212.05,12.62,current,0,2026-04-22,missing,Apex Loan Servicing,2026-08-19
L-105798,73906.67,3.21,delinquent_90+,31,2026-01-20,verified,Freedom Mortgage,2026-08-15
L-105799,315994.45,5.41,delinquent_90+,,2026-05-03,complete,,2026-08-20
L-105800,47283.70,4.90,delinquent_60,75,2026-05-23,complete,Freedom Mortgage,2026-08-23
L-105801,142053.91,12.42,delinquent_90+,31,2026-01-14,pending,Apex Loan Servicing,2026-08-25
L-105802,317971.52,4.51,forbearance,0,2026-05-07,missing,ServPro,2026-08-20
L-105803,94122.69,10.26,delinquent_60,95,2026-05-12,pending,Freedom Mortgage,2026-08-11
L-105804,194120.85,12.91,delinquent_60,45,2026-05-20,verified,ServPro,2026-08-12
L-105805,82136.93,12.65,forbearance,0,2026-06-14,pending,Apex Loan Servicing,2026-08-07
L-105806,198724.56,6.66,delinquent_90+,31,2026-04-03,complete,First National,2026-08-06
L-105807,448075.58,14.09,,0,2026-08-12,pending,,2026-08-21
L-105808,377953.22,4.64,delinquent_60,62,2026-04-27,missing,Rocket Servicing,2026-08-22
L-105809,162484.56,11.91,delinquent_60,95,2026-04-20,verified,Apex Loan Servicing,2026-08-07
L-105810,65417.44,4.31,delinquent_60,45,2026-01-20,pending,Rocket Servicing,2026-08-23
L-105811,97954.22,,,,2026-05-26,verified,ServPro,2026-08-01
L-105812,210462.82,8.89,forbearance,0,2026-03-24,missing,ServPro,2026-08-04
L-105813,231016.61,6.35,current,0,2026-01-18,complete,First National,2026-08-02
L-105814,394145.06,4.45,current,0,2026-03-07,missing,Rocket Servicing,2026-08-04
L-105815,77813.57,6.76,,0,2026-05-04,,,2026-08-09
L-105816,449352.49,7.41,delinquent_30,120,2026-03-14,pending,First National,2026-08-10
L-105817,22265.66,,delinquent_60,31,,verified,ServPro,2026-08-18
L-105818,239527.51,8.50,current,0,2026-02-22,complete,Rocket Servicing,2026-08-25
L-105819,103825.73,7.57,delinquent_60,45,2026-04-06,verified,Freedom Mortgage,2026-08-11
L-105820,132640.81,9.83,current,0,2026-04-07,verified,Apex Loan Servicing,2026-08-23
L-105821,221121.28,4.61,forbearance,,,complete,Rocket Servicing,2026-08-10
L-105822,70381.79,14.10,forbearance,0,2026-08-14,pending,ServPro,2026-08-01
L-105823,422450.03,6.46,delinquent_60,31,2026-04-01,verified,Apex Loan Servicing,2026-08-20
L-105824,289860.93,6.98,delinquent_90+,120,2026-07-16,verified,Apex Loan Servicing,2026-08-19
L-105825,108229.28,8.80,current,0,2026-02-21,missing,Apex Loan Servicing,2026-08-27
L-105826,223558.47,7.17,delinquent_30,45,2026-02-20,complete,First National,2026-08-05
L-105827,160263.30,,delinquent_90+,,,pending,ServPro,2026-08-07
L-105828,101282.60,13.05,current,0,2026-03-17,verified,ServPro,2026-08-14
L-105829,389411.44,13.72,delinquent_60,95,2026-05-07,complete,First National,2026-08-13
L-105830,407946.38,,current,0,,missing,Apex Loan Servicing,2026-08-09
L-105831,103203.95,9.86,delinquent_90+,120,2026-06-22,missing,Freedom Mortgage,2026-08-03
L-105832,162004.58,8.44,current,0,2026-04-22,complete,Freedom Mortgage,2026-08-15
L-105833,269681.71,10.06,forbearance,0,2026-06-18,verified,Apex Loan Servicing,2026-08-15
L-105834,474612.22,12.91,delinquent_60,45,2026-05-06,pending,First National,2026-08-09
L-105835,370341.98,4.50,current,0,2026-03-12,verified,First National,2026-08-14
L-105836,26142.16,5.77,forbearance,0,2026-02-11,,,2026-08-04
L-105837,148442.14,3.75,current,0,2026-06-26,complete,Apex Loan Servicing,2026-08-12
L-105838,195731.18,5.41,delinquent_60,75,2026-05-23,pending,Apex Loan Servicing,2026-08-23
L-105839,200667.46,,,,2026-08-05,missing,Rocket Servicing,2026-08-23
L-105840,445888.90,7.27,,,2026-05-05,,,2026-08-09
L-105841,338358.09,7.94,delinquent_60,45,2026-06-22,pending,Apex Loan Servicing,2026-08-23
L-105842,409056.39,8.84,delinquent_60,120,2026-03-15,verified,Apex Loan Servicing,2026-08-06
L-105843,63391.60,10.27,current,0,2026-03-05,missing,ServPro,2026-08-13
L-105844,236903.07,,delinquent_30,31,2026-08-19,,First National,2026-08-20
L-105845,122247.71,12.90,current,0,2026-06-20,complete,First National,2026-08-16
L-105846,106281.76,3.91,current,0,2026-03-22,missing,Freedom Mortgage,2026-08-08
L-105847,230129.82,8.88,current,0,2026-05-21,pending,ServPro,2026-08-25
L-105848,169153.26,8.03,delinquent_60,45,2026-08-03,verified,Freedom Mortgage,2026-08-02
L-105849,158582.09,5.38,current,0,2026-01-07,pending,Rocket Servicing,2026-08-13
L-105850,388736.31,5.76,delinquent_60,31,2026-04-08,complete,First National,2026-08-12
L-105851,210369.89,5.22,delinquent_60,95,2026-05-06,pending,ServPro,2026-08-21
L-105852,122212.97,5.05,forbearance,0,2026-01-07,missing,Apex Loan Servicing,2026-08-04
L-105853,185966.09,6.61,delinquent_90+,75,2026-08-03,pending,ServPro,2026-08-10
L-105854,435801.60,4.85,current,0,2026-05-11,pending,Freedom Mortgage,2026-08-17
L-105855,69444.46,4.17,delinquent_60,120,2026-04-27,missing,Apex Loan Servicing,2026-08-22
L-105856,93809.19,11.10,delinquent_90+,95,2026-04-23,missing,Apex Loan Servicing,2026-08-14
L-105857,213109.83,6.28,delinquent_30,120,2026-04-12,pending,First National,2026-08-22
L-105858,5058.57,10.70,delinquent_60,31,2026-07-10,complete,Freedom Mortgage,2026-08-07
L-105859,453997.34,11.36,current,0,2026-06-09,complete,Freedom Mortgage,2026-08-10
L-105860,219959.27,,,0,2026-06-01,,First National,2026-08-13
L-105861,276283.52,,,0,2026-05-04,complete,,2026-08-22
L-105862,185699.10,9.76,delinquent_90+,45,2026-07-10,pending,ServPro,2026-08-05
L-105863,94061.26,12.98,delinquent_60,120,2026-06-10,pending,ServPro,2026-08-16
L-105864,312739.83,11.71,forbearance,0,2026-07-16,missing,ServPro,2026-08-16
L-105865,445323.56,7.14,forbearance,0,2026-07-23,pending,First National,2026-08-26
L-105866,86232.44,5.15,delinquent_90+,95,2026-03-26,complete,ServPro,2026-08-01
L-105867,321487.11,8.31,forbearance,0,2026-07-03,missing,Apex Loan Servicing,2026-08-10
L-105868,412126.05,6.72,delinquent_60,120,2026-08-12,verified,First National,2026-08-14
L-105869,383203.43,9.04,forbearance,0,2026-06-23,pending,ServPro,2026-08-01
L-105870,249831.64,4.71,delinquent_30,95,2026-08-19,missing,ServPro,2026-08-03
L-105871,45198.85,2.63,delinquent_90+,75,2026-02-22,missing,Apex Loan Servicing,2026-08-06
L-105872,95245.21,11.28,delinquent_90+,95,2026-01-18,missing,First National,2026-08-14
L-105873,95834.43,12.27,delinquent_30,62,2026-08-24,complete,First National,2026-08-06
L-105874,331356.40,2.79,delinquent_30,45,2026-06-21,missing,First National,2026-08-23
L-105875,78177.15,13.93,delinquent_90+,45,2026-03-07,complete,Freedom Mortgage,2026-08-08
L-105876,267888.32,5.17,forbearance,0,2026-06-03,complete,First National,2026-08-08
L-105877,476143.45,9.49,delinquent_90+,45,2026-08-20,pending,ServPro,2026-08-18
L-105878,190260.33,7.75,forbearance,0,2026-03-08,verified,First National,2026-08-21
L-105879,144198.53,4.06,delinquent_90+,75,2026-06-04,missing,Rocket Servicing,2026-08-22
L-105880,431735.68,4.36,,,,complete,,2026-08-13
L-105881,151976.71,10.61,forbearance,0,2026-05-26,complete,Apex Loan Servicing,2026-08-17
L-105882,72081.58,4.58,forbearance,0,2026-02-03,pending,First National,2026-08-25
L-105883,266113.18,13.57,delinquent_30,95,2026-02-10,complete,Apex Loan Servicing,2026-08-23
L-105884,40844.61,14.02,delinquent_90+,95,2026-07-08,pending,First National,2026-08-21
L-105885,5617.53,7.95,delinquent_60,95,2026-06-02,missing,Rocket Servicing,2026-08-08
L-105886,86134.05,3.66,forbearance,0,2026-03-19,complete,Freedom Mortgage,2026-08-23
L-105887,468819.92,10.30,current,0,2026-07-03,verified,Apex Loan Servicing,2026-08-07
L-105888,461742.66,12.21,delinquent_60,31,2026-06-28,complete,ServPro,2026-08-08
L-105889,354669.07,,,0,,verified,,2026-08-23
L-105890,41317.51,5.41,delinquent_90+,45,2026-03-14,missing,Apex Loan Servicing,2026-08-09
L-105891,44743.28,7.68,,,2026-06-16,complete,,2026-08-26
L-105892,95281.10,11.82,delinquent_90+,75,2026-05-26,verified,First National,2026-08-27
L-105893,299391.27,12.01,current,0,2026-01-06,complete,Rocket Servicing,2026-08-17
L-105894,443766.60,10.59,delinquent_60,120,2026-02-27,complete,Apex Loan Servicing,2026-08-12
L-105895,439957.53,12.42,current,0,2026-02-10,verified,First National,2026-08-05
L-105896,466541.89,8.61,,,,complete,,2026-08-04
L-105897,461876.15,8.95,delinquent_30,120,2026-04-11,verified,Freedom Mortgage,2026-08-26
L-105898,281928.78,7.09,current,0,2026-03-15,complete,ServPro,2026-08-18
L-105899,430655.32,9.16,delinquent_60,75,2026-08-03,complete,Apex Loan Servicing,2026-08-07
L-105900,257597.90,6.19,delinquent_90+,120,2026-01-12,complete,First National,2026-08-21
L-105901,357469.92,5.57,delinquent_30,31,2026-01-06,pending,First National,2026-08-07
L-105902,116180.34,6.08,forbearance,0,2026-03-10,complete,Rocket Servicing,2026-08-24
L-105903,284632.92,4.26,delinquent_60,,,,Apex Loan Servicing,2026-08-14
L-105904,254828.25,,forbearance,,2026-04-08,,,2026-08-09
L-105905,34061.15,3.75,delinquent_60,31,2026-02-07,complete,Freedom Mortgage,2026-08-01
L-105906,189744.90,7.18,delinquent_90+,31,2026-07-23,complete,ServPro,2026-08-22
L-105907,269270.35,5.71,delinquent_90+,62,2026-03-26,complete,Apex Loan Servicing,2026-08-17
L-105908,257192.18,11.72,current,0,2026-02-18,verified,Apex Loan Servicing,2026-08-13
L-105909,112504.04,5.87,delinquent_60,31,2026-06-12,verified,Freedom Mortgage,2026-08-10
L-105910,224073.16,3.50,delinquent_30,95,2026-07-28,pending,ServPro,2026-08-05
L-105911,354413.39,3.39,current,0,2026-05-19,missing,First National,2026-08-16
L-105912,,,delinquent_90+,31,2026-07-14,,Apex Loan Servicing,2026-08-13
L-105913,278582.13,,,,2026-06-17,missing,First National,2026-08-26
L-105914,233676.01,11.85,delinquent_60,120,2026-08-03,pending,ServPro,2026-08-11
L-105915,169568.69,12.78,delinquent_60,31,2026-07-11,verified,ServPro,2026-08-14
L-105916,164206.27,11.78,current,0,2026-02-27,complete,Freedom Mortgage,2026-08-02
L-105917,13525.77,8.77,current,0,2026-06-21,pending,Rocket Servicing,2026-08-19
L-105918,304794.61,12.20,delinquent_90+,45,2026-06-24,missing,Freedom Mortgage,2026-08-12
L-105919,42136.07,2.84,delinquent_30,45,2026-06-28,missing,Apex Loan Servicing,2026-08-02
L-105920,203450.87,8.55,forbearance,0,2026-04-25,complete,Rocket Servicing,2026-08-07
L-105921,321084.50,8.45,,0,2026-06-07,,Freedom Mortgage,2026-08-27
L-105922,333196.48,2.54,delinquent_30,45,2026-04-01,complete,Rocket Servicing,2026-08-01
L-105923,25131.00,12.26,delinquent_90+,62,2026-05-27,complete,First National,2026-08-10
L-105924,163093.48,2.50,delinquent_60,75,2026-08-02,complete,Apex Loan Servicing,2026-08-11
L-105925,72934.68,13.50,forbearance,0,2026-01-09,verified,Freedom Mortgage,2026-08-13
L-105926,37300.07,9.64,forbearance,0,2026-02-17,pending,Apex Loan Servicing,2026-08-14
L-105927,257049.67,8.99,delinquent_90+,45,2026-07-19,verified,First National,2026-08-14
L-105928,189704.91,7.84,delinquent_90+,31,2026-08-23,verified,Rocket Servicing,2026-08-06
L-105929,345031.71,10.67,delinquent_60,120,2026-03-23,verified,Apex Loan Servicing,2026-08-04
L-105930,134230.11,8.98,forbearance,0,2026-08-18,complete,Rocket Servicing,2026-08-04
L-105931,127465.71,12.49,delinquent_90+,75,2026-01-12,complete,Apex Loan Servicing,2026-08-26
L-105932,165476.35,6.56,delinquent_60,75,2026-03-09,missing,Apex Loan Servicing,2026-08-03
L-105933,457422.85,12.93,forbearance,0,2026-07-15,missing,First National,2026-08-04
L-105934,213163.01,,,,2026-05-27,,First National,2026-08-10
L-105935,15426.82,5.39,forbearance,0,2026-05-07,pending,Apex Loan Servicing,2026-08-22
L-105936,40701.37,13.27,current,0,2026-05-13,pending,Rocket Servicing,2026-08-16
L-105937,331480.75,4.85,delinquent_60,75,2026-03-07,verified,Freedom Mortgage,2026-08-16
L-105938,115485.96,8.52,forbearance,0,2026-01-08,missing,Rocket Servicing,2026-08-25
L-105939,123273.57,11.64,current,,2026-01-28,,,2026-08-20
L-105940,460199.18,7.14,delinquent_90+,31,2026-08-15,pending,First National,2026-08-26
L-105941,273980.71,2.54,forbearance,0,2026-02-23,missing,ServPro,2026-08-15
L-105942,226051.49,9.66,delinquent_60,31,2026-02-25,complete,Freedom Mortgage,2026-08-23
L-105943,196884.78,14.13,delinquent_60,75,2026-07-05,complete,First National,2026-08-24
L-105944,20993.47,8.82,delinquent_60,75,2026-06-12,complete,First National,2026-08-26
L-105945,350358.00,5.79,delinquent_60,75,2026-07-22,pending,First National,2026-08-12
L-105946,241015.04,7.71,delinquent_30,31,2026-03-04,verified,Rocket Servicing,2026-08-18
L-105947,395629.46,9.24,forbearance,0,2026-01-11,pending,ServPro,2026-08-01
L-105948,324091.96,8.24,delinquent_90+,120,2026-01-22,verified,Freedom Mortgage,2026-08-01
L-105949,226116.54,,,,2026-08-12,,ServPro,2026-08-16
L-105950,443903.75,13.73,delinquent_90+,95,2026-06-07,pending,Rocket Servicing,2026-08-04
L-105951,144430.49,5.90,delinquent_90+,120,2026-01-16,verified,Rocket Servicing,2026-08-16
L-105952,449275.75,7.75,delinquent_60,95,2026-06-22,verified,Apex Loan Servicing,2026-08-12
L-105953,147166.90,3.55,forbearance,0,2026-03-09,pending,ServPro,2026-08-19
L-105954,169289.18,4.70,,,2026-08-07,,Rocket Servicing,2026-08-04
L-105955,320940.77,8.86,delinquent_30,62,2026-02-09,missing,Apex Loan Servicing,2026-08-16
L-105956,216349.22,7.39,delinquent_30,95,2026-08-22,complete,First National,2026-08-07
L-105957,321998.83,12.73,delinquent_30,75,2026-08-28,verified,First National,2026-08-14
L-105958,252919.09,7.08,delinquent_60,120,2026-03-01,missing,First National,2026-08-22
L-105959,159093.08,8.92,delinquent_60,75,2026-03-05,complete,ServPro,2026-08-07
L-105960,371652.01,,delinquent_60,,,pending,First National,2026-08-05
L-105961,257532.13,10.62,delinquent_30,120,2026-03-21,verified,Apex Loan Servicing,2026-08-02
L-105962,209330.32,8.61,delinquent_60,31,2026-05-14,verified,First National,2026-08-26
L-105963,239718.94,12.10,delinquent_60,95,2026-04-20,verified,ServPro,2026-08-02
L-105964,355533.52,10.75,delinquent_60,120,2026-03-06,verified,Rocket Servicing,2026-08-03
L-105965,449207.65,9.71,,,2026-08-18,verified,,2026-08-26
L-105966,97936.74,6.31,delinquent_90+,95,2026-04-05,complete,Freedom Mortgage,2026-08-06
L-105967,224984.48,3.99,delinquent_30,120,2026-02-17,complete,First National,2026-08-05
L-105968,217158.20,8.73,current,0,2026-05-15,missing,Rocket Servicing,2026-08-12
L-105969,142803.68,10.24,delinquent_30,95,2026-03-08,complete,Freedom Mortgage,2026-08-05
L-105970,340411.04,3.30,delinquent_30,75,2026-07-19,missing,Apex Loan Servicing,2026-08-17
L-105971,391167.42,,,,2026-08-07,,Freedom Mortgage,2026-08-19
L-105972,220248.94,6.29,delinquent_60,62,2026-07-05,verified,First National,2026-08-21
L-105973,146957.24,12.69,,0,2026-05-12,complete,,2026-08-20
L-105974,202919.53,12.26,forbearance,0,2026-05-15,pending,First National,2026-08-27
L-105975,207201.93,7.37,delinquent_60,95,2026-08-06,missing,Rocket Servicing,2026-08-25
L-105976,436262.66,14.14,current,0,2026-03-24,missing,Freedom Mortgage,2026-08-22
L-105977,280129.07,4.57,delinquent_60,95,2026-04-22,complete,Apex Loan Servicing,2026-08-17
L-105978,330258.28,4.16,delinquent_30,31,2026-06-21,complete,Freedom Mortgage,2026-08-21
L-105979,104850.90,8.62,current,0,2026-06-10,complete,ServPro,2026-08-22
L-105980,478216.30,8.36,current,0,2026-08-16,verified,Rocket Servicing,2026-08-03
L-105981,361679.00,4.97,delinquent_30,120,2026-07-01,verified,Freedom Mortgage,2026-08-10
L-105982,225539.74,11.46,delinquent_30,45,2026-07-15,missing,Apex Loan Servicing,2026-08-10
L-105983,478356.74,5.13,current,0,2026-04-05,pending,Freedom Mortgage,2026-08-18
L-105984,388818.64,12.23,delinquent_30,75,2026-07-16,pending,First National,2026-08-24
L-105985,167855.78,4.59,forbearance,0,2026-07-24,missing,Rocket Servicing,2026-08-20
L-105986,204293.64,4.28,delinquent_60,45,2026-02-05,complete,Freedom Mortgage,2026-08-12
L-105987,178702.44,8.52,forbearance,0,2026-04-24,pending,Freedom Mortgage,2026-08-01
L-105988,61756.56,3.83,delinquent_60,75,2026-01-22,verified,ServPro,2026-08-02
L-105989,400016.72,10.94,delinquent_30,62,2026-05-23,missing,Rocket Servicing,2026-08-24
L-105990,227725.82,10.35,delinquent_90+,31,2026-02-08,complete,Rocket Servicing,2026-08-26
L-105991,477612.93,12.10,delinquent_90+,45,2026-02-22,complete,Freedom Mortgage,2026-08-10
L-105992,276648.30,5.86,delinquent_90+,,,,Apex Loan Servicing,2026-08-10
L-105993,106519.69,3.69,current,0,2026-01-07,missing,Apex Loan Servicing,2026-08-22
L-105994,343207.62,4.12,delinquent_30,120,2026-03-23,verified,Rocket Servicing,2026-08-02
L-105995,238165.99,3.35,delinquent_30,75,2026-05-06,complete,First National,2026-08-06
L-105996,211482.05,,,0,2026-07-24,,Rocket Servicing,2026-08-19
L-105997,24881.80,10.28,delinquent_60,95,2026-01-24,complete,Apex Loan Servicing,2026-08-27
L-105998,304530.48,5.71,delinquent_30,62,2026-07-05,pending,Apex Loan Servicing,2026-08-11
L-105999,86777.09,13.18,current,0,2026-08-01,complete,First National,2026-08-02
